species,num_sequences,num_families,num_superfamilies,num_orders,families,superfamilies,orders,length_min,length_max,length_mean,length_median,gc_mean,gc_median,accession,assembly_name,gc_percent,n50,source,organism_type,max_copies_calculated,min_copies_calculated
Oryza sativa,2824,14,5,2,"BELPAO,CACTA,COPIA,GYPSY,HAT,HELITRON,L1,LTR,MULE,P,PIFHARBINGER,TC1MARINER,TIR,TRNA","HELITRON,LINE,LTR,SINE,TIR","CLASSI,CLASSII",100,19587,2787.6395184135977,1611,46.27940298347379,44.72573839662447,GCF_034140825.1,AGIS1.0,43.5,31111469,refseq,otro,6,5
Aedes aegypti,1953,20,6,2,"BELPAO,CACTA,COPIA,CR1,GYPSY,HAT,HELITRON,I,KOLOBOK,L1,MULE,P,PIFHARBINGER,PIGGYBAC,PLE,R1,RTE,TC1MARINER,TIR,TRNA","HELITRON,LINE,LTR,PLE,SINE,TIR","CLASSI,CLASSII",105,12821,5793.054275473631,5795,43.9079186832959,44.914120008922595,GCF_002204515.2,AaegL5.0,38.0,11758062,refseq,animal,4,3
Xenopus laevis,1842,16,6,2,"BELPAO,COPIA,CR1,DIRS,ERV,GYPSY,HAT,HELITRON,KOLOBOK,L1,LTR,PIFHARBINGER,PIGGYBAC,PLE,TC1MARINER,TIR","DIRS,HELITRON,LINE,LTR,PLE,TIR","CLASSI,CLASSII",132,13399,3512.026058631922,4241,45.9206706250283,45.44781643227239,GCF_017654675.1,Xenopus_laevis_v10.1,39.5,22451507,refseq,animal,8,6
Malus domestica,1531,16,5,2,"CACTA,COPIA,ERV,GYPSY,HAT,HELITRON,L1,LARD,LINE,LTR,MULE,P,PIFHARBINGER,RTE,SINE,TIR","HELITRON,LINE,LTR,SINE,TIR","CLASSI,CLASSII",112,13995,4172.767472240365,4826,39.93540109634996,40.07807417046194,GCF_042453785.1,GDT2T_hap1,38.0,37717778,refseq,otro,8,7
Zea mays,1383,13,5,2,"CACTA,COPIA,GYPSY,HAT,HELITRON,L1,LTR,MULE,PIFHARBINGER,RTE,TC1MARINER,TIR,TRNA","HELITRON,LINE,LTR,SINE,TIR","CLASSI,CLASSII",101,18438,4846.981200289227,4816,46.85509750242777,45.77640946700019,GCF_902167145.1,Zm-B73-REFERENCE-NAM-5.0,47.0,47037903,refseq,planta,8,6
Danio rerio,1336,26,8,2,"ACADEM-1,BELPAO,CACTA,COPIA,CR1,CRYPTON,DIRS,ERV,GYPSY,HAT,HELITRON,I,KOLOBOK,L1,LINE,LTR,MERLIN,MULE,P,PIFHARBINGER,PIGGYBAC,PLE,RTE,TC1MARINER,TIR,TRNA","CRYPTON,DIRS,HELITRON,LINE,LTR,PLE,SINE,TIR","CLASSI,CLASSII",132,13972,3414.312125748503,2445,39.94625971476176,39.43161634103019,GCF_049306965.1,GRCz12tu,37.0,59305174,refseq,animal,12,9
Callithrix jacchus,1294,22,8,2,"ALU,CR1,CRYPTON,DIRS,ERV,GYPSY,HAT,HELITRON,KOLOBOK,L1,LINE,LTR,MERLIN,MULE,PIFHARBINGER,PIGGYBAC,PLE,RTE,SINE,TC1MARINER,TIR,TRNA","CRYPTON,DIRS,HELITRON,LINE,LTR,PLE,SINE,TIR","CLASSI,CLASSII",104,9043,1178.0247295208655,599,47.26245616982322,47.81553398058252,GCF_011100555.1,mCalJa1.2.pat.X,41.0,13222669,refseq,otro,36,29
Colobus angolensis,1147,22,8,2,"ALU,CR1,CRYPTON,DIRS,ERV,GYPSY,HAT,HELITRON,KOLOBOK,L1,LINE,LTR,MERLIN,MULE,PIFHARBINGER,PIGGYBAC,PLE,RTE,SINE,TC1MARINER,TIR,TRNA","CRYPTON,DIRS,HELITRON,LINE,LTR,PLE,SINE,TIR","CLASSI,CLASSII",98,9043,1468.7881429816914,657,46.845075529147124,46.69379450661241,GCF_000951035.1,Cang.pa_1.0,41.0,38363,refseq,animal,32,26
Nicotiana attenuata,1147,14,5,2,"CACTA,COPIA,ERV,GYPSY,HAT,HELITRON,L1,LARD,LTR,MULE,PIFHARBINGER,RTE,SINE,TIR","HELITRON,LINE,LTR,SINE,TIR","CLASSI,CLASSII",124,18526,5144.414995640802,5140,39.84468404864298,39.77184841453983,GCF_001879085.1,NIATTr2,40.0,64201,refseq,otro,9,7
Chlorocebus sabaeus,1128,22,8,2,"ALU,CR1,CRYPTON,DIRS,ERV,GYPSY,HAT,HELITRON,KOLOBOK,L1,LINE,LTR,MERLIN,MULE,PIFHARBINGER,PIGGYBAC,PLE,RTE,SINE,TC1MARINER,TIR,TRNA","CRYPTON,DIRS,HELITRON,LINE,LTR,PLE,SINE,TIR","CLASSI,CLASSII",98,9043,1448.8882978723404,654,46.76046081365177,46.608315098468275,N/A,N/A,,,failed,animal,33,27
Sitophilus oryzae,1095,18,4,2,"ACADEM-1,BELPAO,CACTA,COPIA,CR1,GYPSY,HAT,HELITRON,I,LINE,MULE,P,PIFHARBINGER,PIGGYBAC,R1,RTE,TC1MARINER,TIR","HELITRON,LINE,LTR,TIR","CLASSI,CLASSII",231,15959,2803.9497716894975,2026,36.416648268459625,35.815804434337686,GCF_002938485.1,Soryzae_2.0,32.5,1039787,refseq,animal,17,14
Geotrypetes seraphini,1084,11,4,2,"CACTA,CR1,DIRS,ERV,GYPSY,HAT,L1,LARD,LINE,RTE,TC1MARINER","DIRS,LINE,LTR,TIR","CLASSI,CLASSII",448,10919,4125.80442804428,4180,44.47397505523358,46.366241208648084,GCF_902459505.1,aGeoSer1.1,43.0,20656571,refseq,otro,12,10
Anastrepha obliqua,984,18,4,2,"BELPAO,CACTA,COPIA,CR1,GYPSY,HAT,HELITRON,I,LINE,LTR,MULE,P,PIFHARBINGER,PIGGYBAC,R1,RTE,TC1MARINER,TIR","HELITRON,LINE,LTR,TIR","CLASSI,CLASSII",214,12210,3739.2865853658536,4157,42.6501018261835,43.4748427672956,N/A,N/A,,,failed,animal,14,12
Locusta migratoria,952,24,6,2,"ACADEM-1,BELPAO,CACTA,COPIA,CR1,GYPSY,HAT,HELITRON,I,KOLOBOK,L1,LINE,LTR,MULE,P,PIFHARBINGER,PIGGYBAC,PLE,R1,RTE,SINE,TC1MARINER,TIR,TRNA","HELITRON,LINE,LTR,PLE,SINE,TIR","CLASSI,CLASSII",69,13824,2924.1344537815125,2618,42.02456590606374,41.12709832134293,N/A,N/A,,,failed,animal,19,16
Hydra vulgaris,859,23,7,2,"ACADEM-1,BELPAO,CACTA,COPIA,CR1,CRYPTON,GYPSY,HAT,HELITRON,I,KOLOBOK,L1,LINE,MERLIN,MULE,P,PIFHARBINGER,PIGGYBAC,PLE,SINE,TC1MARINER,TIR,TRNA","CRYPTON,HELITRON,LINE,LTR,PLE,SINE,TIR","CLASSI,CLASSII",121,14896,3595.7962747380675,3418,31.328821561298092,30.648148148148145,GCF_038396675.1,HydraT2T_AEP,27.5,61145917,refseq,otro,17,14
Coregonus clupeaformis,812,22,5,2,"ACADEM-1,BELPAO,CACTA,COPIA,CR1,DIRS,ERV,GYPSY,HAT,I,L1,LARD,LINE,LTR,P,PIFHARBINGER,PIGGYBAC,RTE,SINE,TC1MARINER,TIR,TRNA","DIRS,LINE,LTR,SINE,TIR","CLASSI,CLASSII",129,16493,2993.2118226600987,2501,46.799570133341135,45.164481820430375,GCF_020615455.1,ASM2061545v1,44.0,2177185,refseq,animal,22,18
Arabidopsis thaliana,794,14,5,2,"CACTA,COPIA,GYPSY,HAT,HELITRON,L1,LINE,LTR,MULE,PIFHARBINGER,SINE,TC1MARINER,TIR,TRNA","HELITRON,LINE,LTR,SINE,TIR","CLASSI,CLASSII",103,14069,3502.9823677581862,3856,37.661522068571315,39.80263157894737,GCF_000001735.4,TAIR10.1,36.0,11194537,refseq,planta,19,16
Cuora amboinensis,759,20,6,2,"ACADEM-1,COPIA,CR1,DIRS,ERV,GYPSY,HAT,HELITRON,I,L1,LARD,LINE,LTR,P,PIFHARBINGER,RTE,SINE,TC1MARINER,TIR,TRNA","DIRS,HELITRON,LINE,LTR,SINE,TIR","CLASSI,CLASSII",109,9101,2495.2490118577075,1742,48.94121837667118,47.2097498396408,GCA_004028625.2,ASM402862v2,44.5,47152,refseq,animal,29,23
Oryza barthii,713,15,5,2,"CACTA,COPIA,GYPSY,HAT,HELITRON,L1,LARD,LTR,MULE,P,PIFHARBINGER,SINE,TC1MARINER,TIR,TRNA","HELITRON,LINE,LTR,SINE,TIR","CLASSI,CLASSII",100,12005,2545.3856942496495,1281,42.73625146016237,42.87647138411582,GCA_051998315.1,ASM5199831v1,43.0,27137477,refseq,planta,30,24
Marmota marmota,711,22,8,2,"ALU,CR1,CRYPTON,DIRS,ERV,GYPSY,HAT,HELITRON,KOLOBOK,L1,LINE,LTR,MERLIN,MULE,PIFHARBINGER,PIGGYBAC,PLE,RTE,SINE,TC1MARINER,TIR,TRNA","CRYPTON,DIRS,HELITRON,LINE,LTR,PLE,SINE,TIR","CLASSI,CLASSII",83,8207,1139.6554149085794,614,45.71181691714907,45.45454545454545,GCF_001458135.2,marMar,40.0,66546,refseq,animal,67,55
Zeuzera pyrina,707,19,6,2,"BELPAO,COPIA,CR1,DIRS,GYPSY,HAT,HELITRON,I,L1,LARD,LINE,P,PIFHARBINGER,PIGGYBAC,R1,RTE,SINE,TC1MARINER,TIR","DIRS,HELITRON,LINE,LTR,SINE,TIR","CLASSI,CLASSII",292,8659,3608.4257425742576,3496,40.37478596262998,37.939628911658815,GCA_907165235.1,ilZeuPyri1.1,35.0,23452699,refseq,animal,21,17
Cetonia aurata,707,16,3,2,"BELPAO,COPIA,CR1,GYPSY,HAT,I,LARD,LINE,MULE,P,PIFHARBINGER,PIGGYBAC,R1,RTE,TC1MARINER,TIR","LINE,LTR,TIR","CLASSI,CLASSII",430,11880,2523.3168316831684,1946,37.19440723218738,36.17719442165709,GCA_949128085.1,icCetAura1.1,35.0,8085049,refseq,animal,30,25
Heligmosomoides bakeri,681,20,7,2,"BELPAO,COPIA,CR1,DIRS,GYPSY,HAT,HELITRON,I,LINE,LTR,MERLIN,MULE,PIFHARBINGER,PIGGYBAC,PLE,R1,RTE,SINE,TC1MARINER,TIR","DIRS,HELITRON,LINE,LTR,PLE,SINE,TIR","CLASSI,CLASSII",162,13556,3957.0381791483114,3655,45.58764064033484,45.39116963594113,GCA_947359475.1,nxHelBake1.1,46.0,293000,refseq,animal,20,16
Aldabrachelys gigantea,672,21,6,2,"ACADEM-1,CACTA,CR1,CRYPTON,DIRS,ERV,GYPSY,HAT,I,L1,LARD,LINE,LTR,P,PIFHARBINGER,PIGGYBAC,RTE,SINE,TC1MARINER,TIR,TRNA","CRYPTON,DIRS,LINE,LTR,SINE,TIR","CLASSI,CLASSII",105,9108,2430.5550595238096,1519,48.54982777603408,47.234873129473,GCA_026122505.1,AldGig_1.0,44.5,58656949,refseq,animal,33,27
Cavia porcellus,665,22,8,2,"ALU,CR1,CRYPTON,DIRS,ERV,GYPSY,HAT,HELITRON,KOLOBOK,L1,LINE,LTR,MERLIN,MULE,PIFHARBINGER,PIGGYBAC,PLE,RTE,SINE,TC1MARINER,TIR,TRNA","CRYPTON,DIRS,HELITRON,LINE,LTR,PLE,SINE,TIR","CLASSI,CLASSII",83,8207,1176.0210526315789,644,45.445580182302514,44.75806451612903,GCF_034190915.1,mCavPor4.1,40.5,48931253,refseq,animal,70,57
Balaenoptera acutorostrata,657,22,8,2,"ALU,CR1,CRYPTON,DIRS,ERV,GYPSY,HAT,HELITRON,KOLOBOK,L1,LINE,LTR,MERLIN,MULE,PIFHARBINGER,PIGGYBAC,PLE,RTE,SINE,TC1MARINER,TIR,TRNA","CRYPTON,DIRS,HELITRON,LINE,LTR,PLE,SINE,TIR","CLASSI,CLASSII",104,8207,1149.1400304414003,636,45.62171634459245,44.9811320754717,GCF_949987535.1,mBalAcu1.1,41.5,3015723,refseq,animal,72,59
Ypsolopha scabrella,649,18,5,2,"ACADEM-1,BELPAO,COPIA,CR1,DIRS,GYPSY,HAT,HELITRON,I,LARD,LINE,LTR,MULE,P,PIFHARBINGER,R1,RTE,TC1MARINER","DIRS,HELITRON,LINE,LTR,TIR","CLASSI,CLASSII",535,10421,4231.412942989215,4435,39.06272358033457,38.07675722294092,GCA_910592155.1,ilYpsScab1.1,37.0,26541151,refseq,animal,20,16
Blera fallax,646,14,4,2,"BELPAO,COPIA,CR1,GYPSY,HAT,HELITRON,I,LINE,LTR,P,PIFHARBINGER,R1,RTE,TC1MARINER","HELITRON,LINE,LTR,TIR","CLASSI,CLASSII",330,18063,3545.4179566563466,3533,43.92174672991537,45.73991031390135,GCA_946965025.1,idBleFall4.1,39.5,5586187,refseq,animal,24,19
Anolis carolinensis,643,20,6,2,"ALU,BELPAO,CACTA,COPIA,CR1,DIRS,ERV,GYPSY,HAT,HELITRON,I,L1,LARD,LINE,LTR,RTE,SINE,TC1MARINER,TIR,TRNA","DIRS,HELITRON,LINE,LTR,SINE,TIR","CLASSI,CLASSII",141,9172,3525.191290824261,4084,44.96684966476286,46.4344262295082,GCF_035594765.1,rAnoCar3.1.pri,40.5,26091274,refseq,animal,24,19
Orycteropus afer,637,22,8,2,"ALU,CR1,CRYPTON,DIRS,ERV,GYPSY,HAT,HELITRON,KOLOBOK,L1,LINE,LTR,MERLIN,MULE,PIFHARBINGER,PIGGYBAC,PLE,RTE,SINE,TC1MARINER,TIR,TRNA","CRYPTON,DIRS,HELITRON,LINE,LTR,PLE,SINE,TIR","CLASSI,CLASSII",104,6893,1210.7409733124018,680,45.39594700734304,44.759671746776085,GCF_000298275.1,OryAfe1.0,40.0,17683,refseq,animal,71,58
Bos indicus,637,22,8,2,"ALU,CR1,CRYPTON,DIRS,ERV,GYPSY,HAT,HELITRON,KOLOBOK,L1,LINE,LTR,MERLIN,MULE,PIFHARBINGER,PIGGYBAC,PLE,RTE,SINE,TC1MARINER,TIR,TRNA","CRYPTON,DIRS,HELITRON,LINE,LTR,PLE,SINE,TIR","CLASSI,CLASSII",104,8207,1191.0361067503925,659,45.53103018220755,44.9811320754717,GCF_029378745.1,NIAB-ARS_B.indTharparkar_mat_pri_1.0,42.0,42080189,refseq,animal,72,59
Apoderus coryli,635,18,5,2,"BELPAO,COPIA,CR1,DIRS,GYPSY,HAT,HELITRON,I,LINE,LTR,MULE,P,PIFHARBINGER,PIGGYBAC,R1,RTE,TC1MARINER,TIR","DIRS,HELITRON,LINE,LTR,TIR","CLASSI,CLASSII",199,13305,2950.3622047244094,2497,37.02941138322092,36.79141441937259,GCA_911728435.2,icApoCory1.2,32.5,15031106,refseq,animal,29,24
Ceratotherium simum,634,22,8,2,"ALU,CR1,CRYPTON,DIRS,ERV,GYPSY,HAT,HELITRON,KOLOBOK,L1,LINE,LTR,MERLIN,MULE,PIFHARBINGER,PIGGYBAC,PLE,RTE,SINE,TC1MARINER,TIR,TRNA","CRYPTON,DIRS,HELITRON,LINE,LTR,PLE,SINE,TIR","CLASSI,CLASSII",104,8207,1171.8233438485804,647,45.40049988534864,44.78114478114478,GCF_000283155.1,CerSimSim1.0,41.0,92960,refseq,animal,74,60
Arabidopsis lyrata,632,11,5,2,"CACTA,HAT,HELITRON,L1,LINE,LTR,MULE,PIFHARBINGER,TC1MARINER,TIR,TRNA","HELITRON,LINE,LTR,SINE,TIR","CLASSI,CLASSII",153,14996,2711.2927215189875,1588,34.60982989847069,34.84573502722323,GCF_000004255.2,v.1.0,36.0,227391,refseq,planta,32,26
Enhydra lutris,626,22,8,2,"ALU,CR1,CRYPTON,DIRS,ERV,GYPSY,HAT,HELITRON,KOLOBOK,L1,LINE,LTR,MERLIN,MULE,PIFHARBINGER,PIGGYBAC,PLE,RTE,SINE,TC1MARINER,TIR,TRNA","CRYPTON,DIRS,HELITRON,LINE,LTR,PLE,SINE,TIR","CLASSI,CLASSII",104,8207,1185.115015974441,661,45.467834158852476,44.95412844036697,GCF_002288905.1,ASM228890v2,41.5,244548,refseq,animal,74,60
Sorghum bicolor,624,14,5,2,"CACTA,COPIA,GYPSY,HAT,HELITRON,L1,LINE,LTR,MULE,PIFHARBINGER,RTE,TC1MARINER,TIR,TRNA","HELITRON,LINE,LTR,SINE,TIR","CLASSI,CLASSII",124,16767,4797.791666666667,5019,46.58364044526799,46.07190412782956,GCF_000003195.3,Sorghum_bicolor_NCBIv3,44.0,1310030,refseq,planta,18,15
Aplectana chamaeleonis,616,11,4,2,"BELPAO,CR1,DIRS,GYPSY,HAT,I,LARD,LINE,RTE,TC1MARINER,TIR","DIRS,LINE,LTR,TIR","CLASSI,CLASSII",535,12358,3907.8165584415583,3870,46.76110178973173,46.987540535927636,GCA_029168955.1,ASM2916895v1,46.0,1075597,refseq,animal,22,18
Bos taurus,613,22,8,2,"ALU,CR1,CRYPTON,DIRS,ERV,GYPSY,HAT,HELITRON,KOLOBOK,L1,LINE,LTR,MERLIN,MULE,PIFHARBINGER,PIGGYBAC,PLE,RTE,SINE,TC1MARINER,TIR,TRNA","CRYPTON,DIRS,HELITRON,LINE,LTR,PLE,SINE,TIR","CLASSI,CLASSII",104,8207,1187.7650897226754,663,45.35952472833156,44.74708171206226,GCF_002263795.3,ARS-UCD2.0,42.0,26402946,refseq,animal,75,61
Capra hircus,613,22,8,2,"ALU,CR1,CRYPTON,DIRS,ERV,GYPSY,HAT,HELITRON,KOLOBOK,L1,LINE,LTR,MERLIN,MULE,PIFHARBINGER,PIGGYBAC,PLE,RTE,SINE,TC1MARINER,TIR,TRNA","CRYPTON,DIRS,HELITRON,LINE,LTR,PLE,SINE,TIR","CLASSI,CLASSII",104,8207,1187.7650897226754,663,45.35952472833156,44.74708171206226,GCF_001704415.2,ARS1.2,43.0,26244591,refseq,animal,75,61
Carollia perspicillata,612,22,8,2,"ALU,CR1,CRYPTON,DIRS,ERV,GYPSY,HAT,HELITRON,KOLOBOK,L1,LINE,LTR,MERLIN,MULE,PIFHARBINGER,PIGGYBAC,PLE,RTE,SINE,TC1MARINER,TIR,TRNA","CRYPTON,DIRS,HELITRON,LINE,LTR,PLE,SINE,TIR","CLASSI,CLASSII",104,8207,1181.4313725490197,661,45.38664286433657,44.78114478114478,GCA_004027735.1,CarPer_v1_BIUU,42.5,10341,refseq,animal,76,62
Myotis davidii,612,22,8,2,"ALU,CR1,CRYPTON,DIRS,ERV,GYPSY,HAT,HELITRON,KOLOBOK,L1,LINE,LTR,MERLIN,MULE,PIFHARBINGER,PIGGYBAC,PLE,RTE,SINE,TC1MARINER,TIR,TRNA","CRYPTON,DIRS,HELITRON,LINE,LTR,PLE,SINE,TIR","CLASSI,CLASSII",104,8207,1181.4313725490197,661,45.38664286433657,44.78114478114478,GCF_000327345.1,ASM32734v1,42.5,15182,refseq,animal,76,62
Equus asinus,609,22,8,2,"ALU,CR1,CRYPTON,DIRS,ERV,GYPSY,HAT,HELITRON,KOLOBOK,L1,LINE,LTR,MERLIN,MULE,PIFHARBINGER,PIGGYBAC,PLE,RTE,SINE,TC1MARINER,TIR,TRNA","CRYPTON,DIRS,HELITRON,LINE,LTR,PLE,SINE,TIR","CLASSI,CLASSII",104,8207,1186.6912972085386,663,45.31945309349341,44.74708171206226,GCF_041296235.1,EquAss-T2T_v2,42.5,102829910,refseq,animal,76,62
Canis lupus,609,22,8,2,"ALU,CR1,CRYPTON,DIRS,ERV,GYPSY,HAT,HELITRON,KOLOBOK,L1,LINE,LTR,MERLIN,MULE,PIFHARBINGER,PIGGYBAC,PLE,RTE,SINE,TC1MARINER,TIR,TRNA","CRYPTON,DIRS,HELITRON,LINE,LTR,PLE,SINE,TIR","CLASSI,CLASSII",104,8207,1192.7454844006568,664,45.3186730125893,44.74708171206226,GCF_003254725.2,ASM325472v2,41.0,40716615,refseq,animal,75,61
Nematostella vectensis,599,24,8,2,"ACADEM-1,BELPAO,CACTA,COPIA,CR1,CRYPTON,DIRS,GYPSY,HAT,HELITRON,I,KOLOBOK,L1,LINE,LTR,MULE,P,PIFHARBINGER,PIGGYBAC,PLE,RTE,TC1MARINER,TIR,TRNA","CRYPTON,DIRS,HELITRON,LINE,LTR,PLE,SINE,TIR","CLASSI,CLASSII",103,11406,2209.9782971619366,1410,43.12749592135417,42.857142857142854,GCF_932526225.1,jaNemVect1.1,40.5,2927189,refseq,animal,41,33
Acanthoscelides obtectus,593,17,5,2,"BELPAO,COPIA,CR1,DIRS,GYPSY,HAT,HELITRON,I,L1,LINE,P,PIFHARBINGER,PIGGYBAC,R1,RTE,TC1MARINER,TIR","DIRS,HELITRON,LINE,LTR,TIR","CLASSI,CLASSII",158,11178,3099.308600337268,2948,37.382973938537766,36.443418013856814,GCA_963669975.1,AobtHiC_assembly,37.5,772864,refseq,animal,29,24
Apolygus lucorum,585,17,5,2,"BELPAO,COPIA,CR1,DIRS,GYPSY,HAT,HELITRON,I,L1,LINE,LTR,MULE,PIGGYBAC,R1,RTE,TC1MARINER,TIR","DIRS,HELITRON,LINE,LTR,TIR","CLASSI,CLASSII",189,10458,3728.5555555555557,4224,43.057170212212064,42.96875,GCA_009739505.2,ASM973950v2,39.5,783891,refseq,animal,25,20
Xenopus tropicalis,572,19,7,2,"BELPAO,CACTA,COPIA,CR1,DIRS,ERV,GYPSY,HAT,HELITRON,KOLOBOK,L1,LTR,MERLIN,PIFHARBINGER,PIGGYBAC,PLE,TC1MARINER,TIR,TRNA","DIRS,HELITRON,LINE,LTR,PLE,SINE,TIR","CLASSI,CLASSII",156,14757,3957.5664335664337,4787,44.69271839803351,44.041769041769044,GCF_000004195.4,UCB_Xtro_10.0,40.5,14634335,refseq,animal,24,19
Corbicula fluminea,568,21,7,2,"ACADEM-1,BELPAO,CACTA,CR1,CRYPTON,GYPSY,HAT,HELITRON,I,KOLOBOK,L1,MERLIN,MULE,P,PIFHARBINGER,PIGGYBAC,PLE,RTE,TC1MARINER,TIR,TRNA","CRYPTON,HELITRON,LINE,LTR,PLE,SINE,TIR","CLASSI,CLASSII",207,14559,3932.614436619718,3776,37.0864883137199,36.33459192564624,GCA_001632725.1,ASM163272v1,35.0,849,refseq,animal,24,20
Loxodonta africana,566,22,8,2,"ALU,CR1,CRYPTON,DIRS,ERV,GYPSY,HAT,HELITRON,KOLOBOK,L1,LINE,LTR,MERLIN,MULE,PIFHARBINGER,PIGGYBAC,PLE,RTE,SINE,TC1MARINER,TIR,TRNA","CRYPTON,DIRS,HELITRON,LINE,LTR,PLE,SINE,TIR","CLASSI,CLASSII",104,6893,1156.083038869258,663,45.26699567263362,44.48979591836735,GCF_030014295.1,mLoxAfr1.hap2,41.0,82653632,refseq,animal,84,68
Lepeophtheirus salmonis,560,20,6,2,"ACADEM-1,BELPAO,CACTA,COPIA,CR1,DIRS,GYPSY,HAT,HELITRON,L1,LINE,LTR,MERLIN,MULE,P,PIFHARBINGER,PIGGYBAC,PLE,TC1MARINER,TIR","DIRS,HELITRON,LINE,LTR,PLE,TIR","CLASSI,CLASSII",177,9312,2283.2875,1683,35.86815316088308,34.943786083257365,GCF_016086655.4,UVic_Lsal_1.4,31.0,4499711,refseq,animal,43,35
Scyliorhinus canicula,559,15,5,2,"COPIA,CR1,DIRS,ERV,GYPSY,HAT,I,L1,LARD,LINE,MULE,RTE,SINE,TC1MARINER,TIR","DIRS,LINE,LTR,SINE,TIR","CLASSI,CLASSII",112,9846,4524.701252236136,4765,53.08897898786123,54.58409228901032,GCF_902713615.1,sScyCan1.1,47.5,1862211,refseq,animal,21,17
Ypsolopha sequella,550,18,6,2,"ACADEM-1,BELPAO,COPIA,CR1,DIRS,GYPSY,HAT,HELITRON,I,LINE,LTR,MULE,P,PIFHARBINGER,R1,RTE,SINE,TC1MARINER","DIRS,HELITRON,LINE,LTR,SINE,TIR","CLASSI,CLASSII",314,13204,3966.4345454545455,4074,38.968115253446726,38.42997811816193,GCA_934047225.1,ilYpsSequ2.1,36.0,20841000,refseq,animal,25,20
Drosophila takahashii,534,19,5,2,"BELPAO,CACTA,COPIA,CR1,GYPSY,HAT,HELITRON,I,KOLOBOK,MERLIN,MULE,P,PIFHARBINGER,PIGGYBAC,PLE,R1,RTE,TC1MARINER,TIR","HELITRON,LINE,LTR,PLE,TIR","CLASSI,CLASSII",116,12150,4269.565543071161,4394,39.5506411670689,39.33601609657948,GCF_030179915.1,DtakHiC1v2,39.5,16603674,refseq,animal,24,19
Solanum tuberosum,532,15,5,2,"CACTA,COPIA,ERV,GYPSY,HAT,HELITRON,L1,LARD,MULE,P,PIFHARBINGER,RTE,TC1MARINER,TIR,TRNA","HELITRON,LINE,LTR,SINE,TIR","CLASSI,CLASSII",116,11388,3756.6616541353383,4387,37.36616654002732,38.33364821462309,GCF_000226075.1,SolTub_3.0,35.0,31914,refseq,planta,27,22
Acrossocheilus wenchowensis,531,17,4,2,"BELPAO,CACTA,CR1,DIRS,ERV,GYPSY,HAT,I,L1,LARD,LINE,LTR,MERLIN,PIFHARBINGER,RTE,TC1MARINER,TIR","DIRS,LINE,LTR,TIR","CLASSI,CLASSII",128,13466,4153.683615819209,4974,48.637181562886,49.62686567164179,GCA_029620275.1,ASM2962027v1,37.5,2432960,refseq,animal,24,20
Beris chalybata,525,16,4,2,"BELPAO,CACTA,COPIA,CR1,GYPSY,HAT,HELITRON,I,LINE,P,PIFHARBINGER,PIGGYBAC,R1,RTE,TC1MARINER,TIR","HELITRON,LINE,LTR,TIR","CLASSI,CLASSII",196,12658,4689.874285714286,4370,40.78875651985327,40.217049386599555,GCA_949128065.1,idBerChal2.1,37.0,12861354,refseq,animal,22,18
Brassica oleracea,520,12,5,2,"CACTA,COPIA,ERV,GYPSY,HAT,HELITRON,L1,LARD,MULE,PIFHARBINGER,SINE,TIR","HELITRON,LINE,LTR,SINE,TIR","CLASSI,CLASSII",124,15422,6224.998076923077,6143,43.004958220935094,42.94316346012631,GCF_000695525.1,BOL,36.0,21920,refseq,planta,16,13
Yponomeuta plumbellus,508,19,6,2,"BELPAO,COPIA,CR1,DIRS,GYPSY,HAT,HELITRON,I,LARD,LINE,LTR,MULE,P,PIFHARBINGER,PIGGYBAC,R1,RTE,SINE,TC1MARINER","DIRS,HELITRON,LINE,LTR,SINE,TIR","CLASSI,CLASSII",166,8694,4040.797244094488,4409,42.23238395189774,41.65593613185681,GCA_947310845.1,ilYpoPlub1.1,39.0,21017000,refseq,animal,26,21
Chionoecetes opilio,505,14,4,2,"ACADEM-1,CACTA,CR1,GYPSY,HAT,HELITRON,I,KOLOBOK,MERLIN,MULE,P,PIFHARBINGER,PIGGYBAC,TC1MARINER","HELITRON,LINE,LTR,TIR","CLASSI,CLASSII",205,13222,3882.8930693069306,3585,44.456613999561306,43.77688770212135,GCA_016584305.1,ASM1658430v1,42.0,149622,refseq,animal,28,22
Raphanus sativus,483,10,5,2,"CACTA,GYPSY,HAT,HELITRON,L1,LTR,MULE,PIFHARBINGER,TC1MARINER,TRNA","HELITRON,LINE,LTR,SINE,TIR","CLASSI,CLASSII",130,11520,3489.8426501035196,2788,37.10286224007897,39.73143759873617,GCF_000801105.2,ASM80110v3,36.0,184024,refseq,planta,32,26
Juglans californica,480,12,5,2,"CACTA,COPIA,ERV,GYPSY,HAT,HELITRON,L1,LARD,LTR,PIFHARBINGER,SINE,TIR","HELITRON,LINE,LTR,SINE,TIR","CLASSI,CLASSII",173,16322,5266.647916666667,5182,41.27421110407768,42.0129270544783,GCA_023349395.1,dhJugCali1.0.p,37.0,30178554,refseq,planta,21,17
Spea multiplicata,479,14,4,2,"BELPAO,COPIA,CR1,DIRS,ERV,GYPSY,HAT,L1,LARD,LINE,LTR,PIGGYBAC,TC1MARINER,TIR","DIRS,LINE,LTR,TIR","CLASSI,CLASSII",116,7535,4549.8204592901875,5194,47.93046403117714,50.98039215686274,GCA_009364415.1,usc_Smult_1.0,40.0,30692,refseq,animal,25,20
Alligator mississippiensis,476,19,6,2,"CR1,CRYPTON,ERV,GYPSY,HAT,HELITRON,I,L1,LARD,LINE,LTR,P,PIFHARBINGER,PIGGYBAC,RTE,SINE,TC1MARINER,TIR,TRNA","CRYPTON,HELITRON,LINE,LTR,SINE,TIR","CLASSI,CLASSII",102,9868,1649.5567226890757,973,53.06311670149621,53.38882282996433,GCF_030867095.1,rAllMis1,45.0,38556409,refseq,animal,70,57
Anabarilius grahami,472,21,6,2,"BELPAO,CACTA,COPIA,CR1,DIRS,ERV,GYPSY,HAT,HELITRON,I,L1,LARD,LINE,LTR,MERLIN,MULE,PIFHARBINGER,RTE,TC1MARINER,TIR,TRNA","DIRS,HELITRON,LINE,LTR,SINE,TIR","CLASSI,CLASSII",112,9676,3977.3686440677966,5183,48.37843674756246,53.272796065077564,GCA_003731715.1,BGI_Agra_1.0,37.5,36058,refseq,animal,29,23
Sacculina carcini,471,16,4,2,"BELPAO,COPIA,CR1,GYPSY,HAT,HELITRON,I,L1,LARD,LINE,LTR,P,PIFHARBINGER,PIGGYBAC,RTE,TC1MARINER","HELITRON,LINE,LTR,TIR","CLASSI,CLASSII",932,12533,4357.855626326964,4509,46.21210176943891,46.45922746781116,GCA_916048095.2,qxSacCarc1.2,42.0,3521841,refseq,animal,26,21
Helianthus annuus,470,11,4,2,"CACTA,COPIA,GYPSY,HAT,HELITRON,L1,LARD,LINE,PIFHARBINGER,RTE,TIR","HELITRON,LINE,LTR,TIR","CLASSI,CLASSII",1833,19926,8141.185106382979,7911,39.89392514794092,40.1721451361579,GCF_002127325.2,HanXRQr2.0-SUNRISE,38.5,2005037,refseq,planta,14,11
Athripsodes cinereus,467,18,6,2,"BELPAO,COPIA,CR1,DIRS,GYPSY,HAT,HELITRON,I,L1,LINE,MULE,P,PIFHARBINGER,PIGGYBAC,R1,RTE,SINE,TC1MARINER","DIRS,HELITRON,LINE,LTR,SINE,TIR","CLASSI,CLASSII",155,11917,3869.869379014989,3744,38.8755471120411,38.34187061278695,GCA_947579605.1,iiAthCine2.1,32.5,948465,refseq,animal,30,24
Drosophila willistoni,466,17,6,2,"BELPAO,CACTA,COPIA,CR1,GYPSY,HAT,HELITRON,I,KOLOBOK,LINE,P,PIFHARBINGER,PIGGYBAC,PLE,R1,TC1MARINER,TRNA","HELITRON,LINE,LTR,PLE,SINE,TIR","CLASSI,CLASSII",160,11225,3700.912017167382,2891,38.47381145372603,37.43402354851807,GCF_018902025.1,UCI_dwil_1.1,37.5,9079863,refseq,animal,31,26
Yponomeuta sedellus,462,18,6,2,"BELPAO,COPIA,CR1,DIRS,GYPSY,HAT,HELITRON,I,LARD,LINE,MULE,P,PIFHARBINGER,PIGGYBAC,R1,RTE,SINE,TC1MARINER","DIRS,HELITRON,LINE,LTR,SINE,TIR","CLASSI,CLASSII",322,14015,3821.069264069264,3848,41.084330506722544,40.320758978992544,GCA_934045075.1,ilYpoSedl1.1,39.5,2765353,refseq,animal,31,25
Blastobasis adustella,455,18,6,2,"BELPAO,COPIA,CR1,DIRS,GYPSY,HAT,HELITRON,I,L1,LARD,LINE,PIFHARBINGER,PIGGYBAC,R1,RTE,SINE,TC1MARINER,TIR","DIRS,HELITRON,LINE,LTR,SINE,TIR","CLASSI,CLASSII",204,8721,3718.246153846154,3899,42.27627274135179,41.668510732462934,GCA_907269095.1,ilBlaAdus2.1,40.0,17994227,refseq,animal,32,26
Populus trichocarpa,455,11,5,2,"CACTA,COPIA,ERV,GYPSY,HAT,HELITRON,L1,LARD,PIFHARBINGER,SINE,TIR","HELITRON,LINE,LTR,SINE,TIR","CLASSI,CLASSII",158,11756,4046.575824175824,4608,39.038203243053566,39.49757230314545,GCF_000002775.5,P.trichocarpa_v4.1,34.0,13159747,refseq,planta,29,24
Strongylocentrotus purpuratus,454,22,8,2,"ACADEM-1,BELPAO,CACTA,CR1,CRYPTON,DIRS,GYPSY,HAT,HELITRON,I,KOLOBOK,L1,LINE,MULE,P,PIFHARBINGER,PIGGYBAC,PLE,RTE,TC1MARINER,TIR,TRNA","CRYPTON,DIRS,HELITRON,LINE,LTR,PLE,SINE,TIR","CLASSI,CLASSII",148,12592,3385.986784140969,3359,39.79254262044059,40.51282051282051,GCF_000002235.5,Spur_5.0,37.5,2052140,refseq,animal,35,29
Aporrectodea caliginosa,454,13,3,2,"COPIA,CR1,GYPSY,HAT,I,L1,LARD,LINE,MULE,P,PIGGYBAC,RTE,TC1MARINER","LINE,LTR,TIR","CLASSI,CLASSII",505,9403,3222.5616740088108,3240,44.62947587026158,45.1949860724234,GCA_020284085.1,ApCa_Genome_070519_masked.fasta,40.0,825441,refseq,animal,37,30
Emydura subglobosa,446,20,6,2,"ACADEM-1,CR1,CRYPTON,DIRS,ERV,GYPSY,HAT,I,KOLOBOK,L1,LARD,LINE,LTR,MERLIN,P,PIFHARBINGER,RTE,SINE,TIR,TRNA","CRYPTON,DIRS,LINE,LTR,SINE,TIR","CLASSI,CLASSII",100,10910,2702.9686098654706,2535,48.23235590534864,47.239624119028974,GCA_007922225.1,Emydura_subglobosa-1.0,43.0,350989,refseq,animal,45,37
Chondrus crispus,435,14,4,2,"ACADEM-1,CACTA,COPIA,DIRS,GYPSY,HAT,HELITRON,LTR,MULE,P,PIFHARBINGER,PIGGYBAC,TC1MARINER,TIR","DIRS,HELITRON,LTR,TIR","CLASSI,CLASSII",106,14852,4698.873563218391,4640,52.28482675996207,51.49229255493605,GCF_000350225.1,ASM35022v2,53.0,77654,refseq,otro,26,22
Salarias fasciatus,432,16,6,2,"BELPAO,COPIA,CR1,DIRS,ERV,GYPSY,HAT,HELITRON,I,L1,LARD,LINE,PIFHARBINGER,RTE,SINE,TC1MARINER","DIRS,HELITRON,LINE,LTR,SINE,TIR","CLASSI,CLASSII",133,12787,3779.8981481481483,3615,46.80804343802542,46.49122807017544,GCF_902148845.1,fSalaFa1.1,44.5,2597836,refseq,animal,33,27
Erpetoichthys calabaricus,430,16,5,2,"BELPAO,COPIA,CR1,ERV,GYPSY,HAT,HELITRON,I,L1,LINE,PIFHARBINGER,PIGGYBAC,RTE,SINE,TC1MARINER,TIR","HELITRON,LINE,LTR,SINE,TIR","CLASSI,CLASSII",243,8638,3057.572093023256,2957,44.28456001803923,43.3105164903547,GCF_900747795.2,fErpCal1.3,39.5,6772339,refseq,animal,41,34
Gymnothorax reevesii,428,17,5,2,"BELPAO,COPIA,CR1,DIRS,ERV,GYPSY,HAT,HELITRON,I,L1,LARD,LINE,MERLIN,PIFHARBINGER,RTE,TC1MARINER,TIR","DIRS,HELITRON,LINE,LTR,TIR","CLASSI,CLASSII",114,10448,3683.3831775700933,3655,43.99353239655465,42.70422535211267,GCA_029721435.1,ASM2972143v1,41.5,53379876,refseq,animal,34,28
Halyomorpha halys,422,22,6,2,"ACADEM-1,BELPAO,CACTA,COPIA,CR1,ERV,GYPSY,HAT,HELITRON,I,L1,LINE,LTR,MERLIN,PIFHARBINGER,PIGGYBAC,PLE,R1,RTE,TC1MARINER,TIR,TRNA","HELITRON,LINE,LTR,PLE,SINE,TIR","CLASSI,CLASSII",83,3851,760.5710900473933,679,38.7941878334582,38.427947598253276,GCF_000696795.3,Hhal_1.1,31.0,17705,refseq,animal,171,140
Sarcophaga variegata,416,15,4,2,"BELPAO,COPIA,CR1,GYPSY,HAT,HELITRON,I,LINE,P,PIFHARBINGER,PIGGYBAC,R1,RTE,TC1MARINER,TIR","HELITRON,LINE,LTR,TIR","CLASSI,CLASSII",119,12031,4556.59375,4619,37.87043627638361,35.752292539341106,GCA_932273835.1,idSarVari1.1,33.5,7365154,refseq,animal,29,23
Cimex lectularius,414,8,4,2,"CR1,GYPSY,HELITRON,I,LINE,R1,RTE,TC1MARINER","HELITRON,LINE,LTR,TIR","CLASSI,CLASSII",429,5721,2167.954106280193,1713,40.51606293421685,40.31510658016682,GCF_000648675.2,Clec_2.1,35.0,552423,refseq,animal,61,50
Anaspis maculata,413,16,5,2,"BELPAO,COPIA,CR1,DIRS,GYPSY,HAT,I,L1,LARD,LINE,MULE,PIFHARBINGER,R1,RTE,SINE,TC1MARINER","DIRS,LINE,LTR,SINE,TIR","CLASSI,CLASSII",348,12724,4071.0314769975785,3972,42.04921509015862,41.58969372873116,GCA_949128115.1,icAnaMacu3.1,40.0,6778000,refseq,animal,32,26
Amblyraja radiata,406,14,5,2,"BELPAO,CR1,DIRS,ERV,GYPSY,HAT,HELITRON,I,L1,LARD,LINE,PIFHARBINGER,RTE,TC1MARINER","DIRS,HELITRON,LINE,LTR,TIR","CLASSI,CLASSII",566,18331,3901.0862068965516,4020,47.53693794492597,47.55736491487787,GCF_010909765.2,sAmbRad1.1.pri,44.5,1462921,refseq,animal,34,28
Salmo salar,406,20,7,2,"BELPAO,CACTA,COPIA,CR1,CRYPTON,DIRS,ERV,GYPSY,HAT,I,KOLOBOK,L1,LINE,PIFHARBINGER,PIGGYBAC,PLE,RTE,TC1MARINER,TIR,TRNA","CRYPTON,DIRS,LINE,LTR,PLE,SINE,TIR","CLASSI,CLASSII",148,11689,3280.593596059113,2897,44.45443444388478,43.11224489795919,GCF_905237065.1,Ssal_v3.1,43.5,28058890,refseq,animal,41,33
Pelusios castaneus,405,19,6,2,"ACADEM-1,CR1,CRYPTON,DIRS,ERV,GYPSY,HAT,I,L1,LARD,LINE,LTR,MERLIN,P,PIFHARBINGER,RTE,SINE,TC1MARINER,TIR","CRYPTON,DIRS,LINE,LTR,SINE,TIR","CLASSI,CLASSII",116,8748,3379.562962962963,3550,48.18510731009017,49.11886662059433,GCA_007922175.1,Pelusios_castaneus-1.0,43.0,74864,refseq,animal,40,32
Senecio squalidus,403,11,4,2,"CACTA,COPIA,ERV,GYPSY,HAT,HELITRON,I,L1,LARD,MULE,PIFHARBINGER","HELITRON,LINE,LTR,TIR","CLASSI,CLASSII",802,17792,7079.550868486353,7087,39.309622677946955,39.22427783187277,GCA_910822075.1,dSenSqu2.1,35.0,157076,refseq,planta,19,15
Aldrovandia affinis,400,17,6,2,"BELPAO,COPIA,CR1,DIRS,ERV,GYPSY,HAT,HELITRON,I,L1,LARD,LINE,PIFHARBINGER,RTE,TC1MARINER,TIR,TRNA","DIRS,HELITRON,LINE,LTR,SINE,TIR","CLASSI,CLASSII",150,10818,3118.4775,3143,45.78611414085533,44.39490445859873,GCA_029706075.1,AAFF_1.1,43.0,2000165,refseq,animal,44,36
Amborella trichopoda,400,13,5,2,"COPIA,ERV,GYPSY,HAT,HELITRON,L1,LARD,MULE,P,PIFHARBINGER,RTE,SINE,TIR","HELITRON,LINE,LTR,SINE,TIR","CLASSI,CLASSII",108,10214,4080.52,4255,38.56920850505723,38.549270072992705,GCF_000471905.2,AMTR1.0,37.5,29332,refseq,planta,33,27
Apoda limacodes,400,17,5,2,"ACADEM-1,BELPAO,COPIA,CR1,DIRS,GYPSY,HAT,HELITRON,I,LINE,LTR,MULE,PIFHARBINGER,R1,RTE,TC1MARINER,TIR","DIRS,HELITRON,LINE,LTR,TIR","CLASSI,CLASSII",423,8824,3599.315,3287,39.145074010123984,37.640449438202246,GCA_946406115.1,ilApoLima1.1,35.5,15913142,refseq,animal,38,31
Achlya flavicornis,394,17,6,2,"BELPAO,COPIA,CR1,DIRS,GYPSY,HAT,HELITRON,I,LARD,LINE,LTR,PIFHARBINGER,R1,RTE,SINE,TC1MARINER,TRNA","DIRS,HELITRON,LINE,LTR,SINE,TIR","CLASSI,CLASSII",168,7707,3802.4467005076144,3999,40.61592883640249,37.790466073562605,GCA_947623365.1,ilAchFlav2.1,37.5,11759888,refseq,animal,36,30
Astatotilapia calliptera,393,21,7,2,"BELPAO,CACTA,COPIA,CR1,DIRS,ERV,GYPSY,HAT,HELITRON,L1,LINE,LTR,MULE,PIFHARBINGER,PIGGYBAC,PLE,RTE,SINE,TC1MARINER,TIR,TRNA","DIRS,HELITRON,LINE,LTR,PLE,SINE,TIR","CLASSI,CLASSII",150,11238,4184.1170483460555,4186,45.14360527132653,44.58703520895032,GCF_900246225.1,fAstCal1.2,41.0,4438245,refseq,animal,33,27
Conomelus anceps,393,14,4,2,"BELPAO,COPIA,CR1,GYPSY,HAT,HELITRON,I,LINE,MERLIN,P,PIFHARBINGER,R1,RTE,TC1MARINER","HELITRON,LINE,LTR,TIR","CLASSI,CLASSII",714,12031,3994.442748091603,4028,36.33956798056165,36.057441253263704,GCA_948455865.1,ihConAnce4.1,34.5,1071000,refseq,animal,35,28
Anthocharis cardamines,392,17,6,2,"BELPAO,COPIA,CR1,DIRS,GYPSY,HAT,HELITRON,I,LARD,LINE,LTR,P,R1,RTE,SINE,TC1MARINER,TIR","DIRS,HELITRON,LINE,LTR,SINE,TIR","CLASSI,CLASSII",201,14037,4049.6071428571427,3999,40.78637456446215,37.702191987906275,GCA_905404175.1,ilAntCard3.1,34.5,6265090,refseq,animal,34,28
Aphyosemion australe,392,11,4,2,"BELPAO,CR1,DIRS,ERV,GYPSY,HAT,I,L1,LINE,RTE,TC1MARINER","DIRS,LINE,LTR,TIR","CLASSI,CLASSII",154,7252,2996.4617346938776,3117,42.000700963645244,42.857142857142854,GCA_006937985.1,MPIBA_Aaus_1.0,41.5,119465,refseq,animal,46,38
Lytechinus pictus,383,12,5,2,"BELPAO,CR1,DIRS,GYPSY,I,L1,LARD,LINE,PIFHARBINGER,RTE,SINE,TC1MARINER","DIRS,LINE,LTR,SINE,TIR","CLASSI,CLASSII",202,9609,3689.0104438642297,3822,35.995182351585164,34.134948096885815,GCF_037042905.1,Lp3.0,36.5,30022000,refseq,animal,38,31
Metaphire vulgaris,375,15,3,2,"CACTA,COPIA,CR1,GYPSY,HAT,I,L1,LARD,LINE,MULE,P,PIGGYBAC,RTE,TC1MARINER,TIR","LINE,LTR,TIR","CLASSI,CLASSII",553,12766,3004.981333333333,3226,42.30591102939311,40.88479809976247,GCA_018105865.1,SUMHS_MV_1.0,40.0,3037406,refseq,animal,48,39
Nemophila menziesii,373,11,4,2,"CACTA,COPIA,ERV,GYPSY,HAT,HELITRON,L1,LARD,MULE,PIFHARBINGER,TIR","HELITRON,LINE,LTR,TIR","CLASSI,CLASSII",571,16161,5651.3297587131365,5313,35.431573898509896,34.99893230834935,GCA_029959085.1,daNemMenz1.0.hap1,33.5,8432673,refseq,planta,26,21
Carlito syrichta,370,10,4,2,"ALU,CR1,ERV,HAT,L1,LARD,LTR,MULE,PIGGYBAC,TC1MARINER","LINE,LTR,SINE,TIR","CLASSI,CLASSII",103,11513,2837.7783783783784,1331,41.41141235775211,39.98908892525914,GCF_000164805.1,Tarsius_syrichta-2.0.1,41.0,38165,refseq,animal,52,42
Forficula auricularia,370,16,5,2,"BELPAO,COPIA,CR1,GYPSY,HAT,HELITRON,I,L1,LARD,LINE,MULE,PIGGYBAC,R1,RTE,SINE,TC1MARINER","HELITRON,LINE,LTR,SINE,TIR","CLASSI,CLASSII",413,12706,2997.048648648649,3084,36.52862073428286,36.140617096611024,GCA_024734495.1,UO_Faur_GA_v1.1,31.0,254061,refseq,animal,49,40
Culex quinquefasciatus,369,15,5,2,"BELPAO,CACTA,COPIA,CR1,GYPSY,HAT,I,L1,MULE,PIGGYBAC,PLE,R1,RTE,TIR,TRNA","LINE,LTR,PLE,SINE,TIR","CLASSI,CLASSII",147,13558,4648.609756097561,4584,46.695790962065246,49.10344827586207,GCF_015732765.1,VPISU_Cqui_1.0_pri_paternal,37.0,2875282,refseq,animal,32,26
Cylas formicarius,366,14,5,2,"BELPAO,COPIA,CR1,DIRS,GYPSY,HAT,HELITRON,I,LINE,PIFHARBINGER,R1,RTE,TC1MARINER,TIR","DIRS,HELITRON,LINE,LTR,TIR","CLASSI,CLASSII",141,11094,2614.3907103825136,1855,37.554009842684295,37.3109243697479,GCF_029955315.1,icCylForm1.1,34.5,2934011,refseq,animal,57,47
Galaxea fascicularis,364,18,7,2,"BELPAO,COPIA,CR1,DIRS,GYPSY,HELITRON,KOLOBOK,L1,LARD,LINE,LTR,PIFHARBINGER,PLE,RTE,SINE,TC1MARINER,TIR,TRNA","DIRS,HELITRON,LINE,LTR,PLE,SINE,TIR","CLASSI,CLASSII",145,11568,3451.2774725274726,3447,41.51538717019746,41.069479810840306,GCA_948470475.1,jaGalFasc40.1,40.0,1749000,refseq,animal,43,35
Hordeum vulgare,359,9,3,2,"CACTA,COPIA,GYPSY,L1,LARD,MULE,PIFHARBINGER,RTE,TIR","LINE,LTR,TIR","CLASSI,CLASSII",272,14456,6560.871866295264,5793,47.42442342761904,46.277590722035164,GCF_904849725.1,MorexV3_pseudomolecules_assembly,44.5,69630691,refseq,planta,23,19
Eucalyptus grandis,353,10,4,2,"COPIA,ERV,GYPSY,HELITRON,L1,LARD,MULE,PIFHARBINGER,TC1MARINER,TIR","HELITRON,LINE,LTR,TIR","CLASSI,CLASSII",448,10863,5417.3314447592065,5515,41.722387539105625,41.768973214285715,GCF_016545825.1,ASM1654582v1,39.5,614301,refseq,planta,28,23
Ricordea florida,352,15,6,2,"BELPAO,COPIA,CR1,DIRS,GYPSY,HAT,HELITRON,KOLOBOK,L1,LARD,LINE,PIFHARBINGER,RTE,SINE,TC1MARINER","DIRS,HELITRON,LINE,LTR,SINE,TIR","CLASSI,CLASSII",286,11508,3936.2357954545455,3724,41.54749123184813,41.06830122591944,GCA_949710005.1,jaRicFlor1.1,38.5,2968506,refseq,animal,39,32
Beta vulgaris,351,11,5,2,"COPIA,GYPSY,HAT,HELITRON,L1,LARD,MULE,PIFHARBINGER,RTE,SINE,TC1MARINER","HELITRON,LINE,LTR,SINE,TIR","CLASSI,CLASSII",424,11967,5747.809116809117,5327,39.337950998009404,38.64401076716016,GCF_026745355.1,EL10.2,36.0,1287207,refseq,planta,27,22
Haliotis rubra,346,15,5,2,"BELPAO,CR1,DIRS,GYPSY,HAT,I,L1,LARD,LINE,MULE,PIFHARBINGER,RTE,TC1MARINER,TIR,TRNA","DIRS,LINE,LTR,SINE,TIR","CLASSI,CLASSII",352,9523,3598.7023121387283,3460,39.809943808608864,39.68702865761689,GCF_003918875.1,ASM391887v1,40.5,1177711,refseq,animal,44,36
Brassica napus,342,11,5,2,"CACTA,COPIA,GYPSY,HAT,HELITRON,L1,LARD,MULE,PIFHARBINGER,SINE,TIR","HELITRON,LINE,LTR,SINE,TIR","CLASSI,CLASSII",103,16508,5354.856725146199,5254,42.95716490284416,42.91965366353226,GCF_020379485.1,Da-Ae,37.0,1580367,refseq,planta,30,24
Archocentrus centrarchus,337,18,5,2,"BELPAO,COPIA,CR1,DIRS,ERV,GYPSY,HAT,I,L1,LINE,P,PIFHARBINGER,PIGGYBAC,RTE,SINE,TC1MARINER,TIR,TRNA","DIRS,LINE,LTR,SINE,TIR","CLASSI,CLASSII",103,17082,3471.7151335311573,2734,45.35474359880127,44.36564223798266,GCF_007364275.1,fArcCen1,41.0,2146538,refseq,animal,47,38
Branchinecta lindahli,336,12,4,2,"CR1,DIRS,GYPSY,HAT,I,L1,LARD,LINE,LTR,MULE,R1,RTE","DIRS,LINE,LTR,TIR","CLASSI,CLASSII",532,10612,3473.25,3456,43.03685533053957,42.914039163624295,GCA_023053555.1,BRLI_1.1,42.0,3495440,refseq,animal,47,38
Penaeus monodon,333,18,7,2,"ACADEM-1,BELPAO,CACTA,COPIA,CR1,DIRS,GYPSY,HAT,HELITRON,I,KOLOBOK,MERLIN,PIFHARBINGER,PIGGYBAC,PLE,RTE,TC1MARINER,TRNA","DIRS,HELITRON,LINE,LTR,PLE,SINE,TIR","CLASSI,CLASSII",131,11463,3093.027027027027,2549,43.18038351880869,42.286465177398156,GCF_015228065.2,NSTDA_Pmon_1,36.5,45188,refseq,animal,53,43
Sarcophaga rosellei,333,17,4,2,"BELPAO,CACTA,COPIA,CR1,GYPSY,HAT,HELITRON,I,LARD,LINE,P,PIFHARBINGER,PIGGYBAC,R1,RTE,TC1MARINER,TIR","HELITRON,LINE,LTR,TIR","CLASSI,CLASSII",608,15265,4650.168168168168,4708,37.13788777176721,35.177865612648226,GCA_930367235.1,idSarRose1.1,33.5,44792449,refseq,animal,35,29
Lepomis macrochirus,333,17,5,2,"BELPAO,CACTA,COPIA,CR1,DIRS,ERV,GYPSY,HAT,HELITRON,I,L1,LARD,LINE,PIFHARBINGER,RTE,TC1MARINER,TIR","DIRS,HELITRON,LINE,LTR,TIR","CLASSI,CLASSII",207,14147,3091.012012012012,2263,45.28073704398344,43.69713224675057,GCA_024633595.2,Lm_LA_1.1,41.0,1391952,refseq,animal,53,43
Schmidtea mediterranea,330,11,4,2,"BELPAO,CACTA,GYPSY,HAT,LINE,MERLIN,MULE,PIGGYBAC,PLE,TC1MARINER,TIR","LINE,LTR,PLE,TIR","CLASSI,CLASSII",194,19906,3117.8939393939395,2608,33.4460952266979,32.66550522648083,GCA_045838265.1,schMedS3h1,29.5,9624337,refseq,animal,53,43
Ischnura elegans,329,18,6,2,"BELPAO,COPIA,CR1,DIRS,GYPSY,HAT,HELITRON,I,L1,LARD,LINE,P,PIGGYBAC,R1,RTE,SINE,TC1MARINER,TRNA","DIRS,HELITRON,LINE,LTR,SINE,TIR","CLASSI,CLASSII",188,14965,3562.2218844984804,3412,42.530504687869715,42.44072221013705,GCF_921293095.1,ioIscEleg1.1,38.5,13055916,refseq,animal,46,38
Arctia plantaginis,328,14,5,2,"BELPAO,COPIA,CR1,DIRS,GYPSY,HAT,HELITRON,I,LINE,MULE,PIFHARBINGER,R1,RTE,TC1MARINER","DIRS,HELITRON,LINE,LTR,TIR","CLASSI,CLASSII",248,7784,3428.576219512195,3659,40.209750964346306,39.5066889632107,GCA_902825455.1,iArcPla.TrioY.curated.20190705,36.5,4251345,refseq,animal,48,40
Holothuria scabra,325,12,5,2,"BELPAO,COPIA,CR1,DIRS,GYPSY,HAT,HELITRON,I,L1,LARD,LINE,RTE","DIRS,HELITRON,LINE,LTR,TIR","CLASSI,CLASSII",580,14551,3949.7015384615383,3599,40.32066865788067,39.56704750450992,GCA_037179385.1,gxtcmu_HoScra_1.0,38.5,4748000,refseq,animal,42,35
Anguilla anguilla,323,15,6,2,"BELPAO,CR1,DIRS,ERV,GYPSY,HELITRON,I,L1,LARD,LINE,PIGGYBAC,RTE,SINE,TC1MARINER,TRNA","DIRS,HELITRON,LINE,LTR,SINE,TIR","CLASSI,CLASSII",186,11884,3513.7120743034056,3500,46.430532805909024,44.361132364192805,GCF_013347855.1,fAngAng1.pri,43.5,5114673,refseq,animal,48,39
Carassius auratus,320,6,3,2,"BELPAO,COPIA,DIRS,GYPSY,LTR,TC1MARINER","DIRS,LTR,TIR","CLASSI,CLASSII",203,11024,6840.090625,6816,46.142744567183435,44.834878802667966,GCF_003368295.1,ASM336829v1,37.5,821153,refseq,animal,25,20
Aphanius iberus,319,15,5,2,"BELPAO,COPIA,CR1,DIRS,ERV,GYPSY,HAT,I,L1,LINE,PIFHARBINGER,RTE,SINE,TC1MARINER,TIR","DIRS,LINE,LTR,SINE,TIR","CLASSI,CLASSII",157,10370,3194.786833855799,2941,42.81000172275152,42.75051315543944,GCA_028564705.1,Aphanius_MNCN_1.0,39.0,1625559,refseq,animal,53,44
Blastomussa wellsi,319,15,6,2,"BELPAO,COPIA,CR1,DIRS,GYPSY,HAT,HELITRON,KOLOBOK,L1,LINE,MULE,PIFHARBINGER,RTE,SINE,TC1MARINER","DIRS,HELITRON,LINE,LTR,SINE,TIR","CLASSI,CLASSII",254,15796,3916.818181818182,4139,42.464963072463824,43.492063492063494,GCA_947652115.1,jaBlaWell11.1,40.0,418556,refseq,animal,44,36
Penaeus vannamei,317,21,5,2,"ACADEM-1,BELPAO,CACTA,COPIA,CR1,GYPSY,HAT,I,KOLOBOK,LINE,LTR,MERLIN,MULE,P,PIFHARBINGER,PIGGYBAC,PLE,RTE,TC1MARINER,TIR,TRNA","LINE,LTR,PLE,SINE,TIR","CLASSI,CLASSII",117,13215,4094.5078864353313,3667,42.858793994266044,42.22222222222222,GCF_042767895.1,ASM4276789v1,35.5,201414,refseq,animal,42,34
Alligator sinensis,317,16,4,2,"CR1,ERV,GYPSY,HAT,I,L1,LINE,LTR,P,PIFHARBINGER,PIGGYBAC,RTE,SINE,TC1MARINER,TIR,TRNA","LINE,LTR,SINE,TIR","CLASSI,CLASSII",108,8883,1429.2334384858045,791,52.32706981591632,52.331606217616574,GCF_000455745.1,ASM45574v1,44.5,23412,refseq,animal,121,99
Impatiens glandulifera,316,8,3,2,"CACTA,COPIA,GYPSY,HAT,L1,LARD,MULE,PIFHARBINGER","LINE,LTR,TIR","CLASSI,CLASSII",671,13919,5568.158227848101,5097,37.791483235995315,38.210212678516385,GCF_907164915.1,dImpGla2.1,32.0,1916592,refseq,planta,31,25
Crocodylus porosus,314,17,5,2,"CR1,ERV,GYPSY,HAT,HELITRON,I,L1,LINE,LTR,P,PIFHARBINGER,PIGGYBAC,RTE,SINE,TC1MARINER,TIR,TRNA","HELITRON,LINE,LTR,SINE,TIR","CLASSI,CLASSII",100,8834,1448.9012738853503,850,51.12848630709311,51.37614678899083,GCF_001723895.1,CroPor_comp1,44.0,34073,refseq,animal,120,98
Latimeria chalumnae,311,17,7,2,"CR1,DIRS,ERV,GYPSY,HAT,HELITRON,KOLOBOK,L1,LINE,LTR,PIFHARBINGER,PIGGYBAC,PLE,RTE,TC1MARINER,TIR,TRNA","DIRS,HELITRON,LINE,LTR,PLE,SINE,TIR","CLASSI,CLASSII",150,10752,3126.147909967846,3041,45.42033175776702,44.34675935391535,GCF_037176945.1,fLatCha1.pri,42.5,42076942,refseq,animal,56,46
Erysiphe necator,311,7,4,2,"COPIA,CR1,GYPSY,HELITRON,I,RTE,TC1MARINER","HELITRON,LINE,LTR,TIR","CLASSI,CLASSII",507,15273,5783.855305466238,5579,39.948920077302795,40.16544117647059,GCA_024703715.1,EnE101_chr_assembly_v3,40.0,6658188,refseq,hongo,30,25
Acyrthosiphon pisum,310,14,4,2,"ACADEM-1,BELPAO,CACTA,GYPSY,HAT,HELITRON,KOLOBOK,LINE,MULE,P,PIFHARBINGER,R1,TC1MARINER,TIR","HELITRON,LINE,LTR,TIR","CLASSI,CLASSII",126,8982,1328.1645161290323,616,35.20283121035701,32.346241457858774,GCF_005508785.2,pea_aphid_22Mar2018_4r6ur_v2,29.5,25986,refseq,animal,133,109
Heterocephalus glaber,304,10,4,2,"ALU,ERV,GYPSY,HAT,L1,LARD,MULE,PIGGYBAC,SINE,TC1MARINER","LINE,LTR,SINE,TIR","CLASSI,CLASSII",109,8806,2379.967105263158,598,42.83196574473484,41.826522101751465,GCF_000247695.1,HetGla_female_1.0,40.0,47778,refseq,animal,76,62
Anniella stebbinsi,300,14,5,2,"BELPAO,COPIA,CR1,DIRS,ERV,GYPSY,HAT,HELITRON,L1,LARD,LINE,PIFHARBINGER,RTE,TC1MARINER","DIRS,HELITRON,LINE,LTR,TIR","CLASSI,CLASSII",327,8214,4334.6033333333335,4786,42.98001762719891,40.78341013824885,GCA_051312545.1,rAnnSte1.1.hap2,43.5,120154278,refseq,animal,42,34
Zygaena filipendulae,298,15,6,2,"BELPAO,COPIA,CR1,DIRS,GYPSY,HELITRON,I,LARD,LINE,P,PIFHARBINGER,R1,RTE,SINE,TC1MARINER","DIRS,HELITRON,LINE,LTR,SINE,TIR","CLASSI,CLASSII",256,15969,3960.922818791946,4093,40.93209536117518,39.699381078691424,GCA_907165275.2,ilZygFili1.2,36.5,12640274,refseq,animal,46,38
Sphaeramia orbicularis,297,16,5,2,"BELPAO,CR1,ERV,GYPSY,HAT,HELITRON,I,L1,LARD,LINE,MULE,PIFHARBINGER,RTE,SINE,TC1MARINER,TIR","HELITRON,LINE,LTR,SINE,TIR","CLASSI,CLASSII",115,11088,2596.946127946128,1947,40.73497420320106,40.20993136859104,GCF_902148855.1,fSphaOr1.1,38.0,2360121,refseq,animal,71,58
Ahaetulla prasina,297,16,6,2,"COPIA,CR1,DIRS,ERV,GYPSY,HAT,HELITRON,I,L1,LARD,LINE,LTR,RTE,SINE,TC1MARINER,TIR","DIRS,HELITRON,LINE,LTR,SINE,TIR","CLASSI,CLASSII",219,10385,4136.511784511785,4555,43.7441983066368,42.726185731367075,GCF_028640845.1,ASM2864084v1,41.0,23873608,refseq,animal,44,36
Alosa sapidissima,296,17,6,2,"BELPAO,CACTA,COPIA,CR1,DIRS,ERV,GYPSY,HAT,HELITRON,I,L1,LARD,LINE,RTE,SINE,TC1MARINER,TIR","DIRS,HELITRON,LINE,LTR,SINE,TIR","CLASSI,CLASSII",110,13695,3130.027027027027,2713,42.87772867540818,41.61061946902655,GCF_018492685.1,fAloSap1.pri,43.0,1565278,refseq,animal,59,48
Theobroma cacao,294,11,3,2,"CACTA,COPIA,ERV,GYPSY,HAT,L1,LARD,MULE,PIFHARBINGER,TC1MARINER,TIR","LINE,LTR,TIR","CLASSI,CLASSII",367,12270,4931.891156462585,5012,35.322385270967104,35.6234096692112,GCF_000208745.1,Criollo_cocoa_genome_V2,34.0,87341,refseq,planta,37,31
Olea europaea,293,12,4,2,"CACTA,COPIA,ERV,GYPSY,HAT,HELITRON,L1,LARD,MULE,PIFHARBINGER,TC1MARINER,TIR","HELITRON,LINE,LTR,TIR","CLASSI,CLASSII",1704,11575,5971.682593856655,5919,37.511634179816966,37.231618088041266,GCF_002742605.1,O_europaea_v1,35.5,48311,refseq,planta,31,25
Larix kaempferi,287,11,4,2,"CACTA,COPIA,ERV,GYPSY,HAT,HELITRON,L1,LARD,LINE,LTR,RTE","HELITRON,LINE,LTR,TIR","CLASSI,CLASSII",854,14901,7060.700348432056,6569,40.69298087614327,40.61777112532317,GCA_027924585.1,LKA_r1.0,38.0,15952621,refseq,planta,27,22
Vitis vinifera,287,10,4,2,"CACTA,COPIA,GYPSY,HAT,HELITRON,L1,LTR,MULE,PIFHARBINGER,TIR","HELITRON,LINE,LTR,TIR","CLASSI,CLASSII",221,19212,6078.6655052264805,5082,37.98203089162492,38.995215311004785,GCF_030704535.1,ASM3070453v1,35.0,26899771,refseq,planta,31,25
Sphaerodactylus townsendi,286,15,5,2,"BELPAO,COPIA,CR1,DIRS,ERV,GYPSY,HAT,L1,LINE,LTR,R1,RTE,SINE,TC1MARINER,TIR","DIRS,LINE,LTR,SINE,TIR","CLASSI,CLASSII",180,11369,3802.8391608391607,3397,48.40660454973505,45.63106796116505,GCF_021028975.2,MPM_Stown_v2.3,46.0,9459502,refseq,animal,50,41
Ericerus pela,285,9,3,2,"BELPAO,COPIA,GYPSY,HAT,I,LTR,MULE,R1,TC1MARINER","LINE,LTR,TIR","CLASSI,CLASSII",710,12176,6412.99649122807,6580,36.54885156425939,36.229446935724965,GCA_011428145.1,ASM1142814v1,34.0,410234,refseq,animal,30,24
Lethenteron camtschaticum,284,19,5,2,"ACADEM-1,BELPAO,CACTA,CR1,ERV,GYPSY,HAT,HELITRON,I,L1,LARD,LINE,LTR,P,RTE,SINE,TC1MARINER,TIR,TRNA","HELITRON,LINE,LTR,SINE,TIR","CLASSI,CLASSII",106,17323,3457.3169014084506,2487,52.42753672842572,56.06575963718821,GCA_018977245.1,IMCB_Ljap_1.0,48.5,1601692,refseq,animal,56,45
Chanos chanos,283,14,4,2,"BELPAO,CACTA,CR1,GYPSY,HAT,L1,LARD,LINE,PIFHARBINGER,PIGGYBAC,RTE,SINE,TC1MARINER,TIR","LINE,LTR,SINE,TIR","CLASSI,CLASSII",108,10235,4107.243816254417,5014,48.966056206280825,50.60029282576867,GCF_902362185.1,fChaCha1.1,41.5,23134051,refseq,animal,47,38
Nymphaea colorata,283,7,4,2,"COPIA,GYPSY,HAT,HELITRON,L1,LARD,LINE","HELITRON,LINE,LTR,TIR","CLASSI,CLASSII",1450,13164,5625.858657243816,5293,42.7578246995505,41.85291997116078,GCF_008831285.2,ASM883128v2,38.5,2136418,refseq,planta,34,28
Suillia variegata,282,13,5,2,"BELPAO,COPIA,CR1,DIRS,GYPSY,HELITRON,I,LARD,LINE,LTR,R1,RTE,TC1MARINER","DIRS,HELITRON,LINE,LTR,TIR","CLASSI,CLASSII",217,11117,4686.748226950354,5307,40.52643249645119,42.96130117779024,GCA_949127995.1,idSuiVari3.1,34.0,2752696,refseq,animal,41,34
Agrypnia vestita,280,16,5,2,"BELPAO,COPIA,CR1,DIRS,GYPSY,HAT,HELITRON,I,LARD,LINE,LTR,P,PIGGYBAC,R1,RTE,TC1MARINER","DIRS,HELITRON,LINE,LTR,TIR","CLASSI,CLASSII",554,7881,2970.1392857142855,2762,37.58535070835804,37.25721012360212,GCA_016648135.1,BYU_agryp_1.0,34.0,111757,refseq,animal,66,54
Puccinia triticina,280,13,4,2,"ACADEM-1,CACTA,COPIA,DIRS,GYPSY,HAT,HELITRON,LTR,MULE,P,PIFHARBINGER,TC1MARINER,TIR","DIRS,HELITRON,LTR,TIR","CLASSI,CLASSII",134,13824,5563.385714285714,5514,49.17766327119288,49.66715375872707,GCF_026914185.1,ASM2691418v1,46.5,7485535,refseq,hongo,35,28
Echinochloa crusgalli,279,14,5,2,"CACTA,COPIA,GYPSY,HAT,HELITRON,L1,LARD,LTR,MULE,PIFHARBINGER,RTE,SINE,TC1MARINER,TIR","HELITRON,LINE,LTR,SINE,TIR","CLASSI,CLASSII",161,18390,5695.290322580645,5133,47.662731441144786,46.246973365617436,GCA_900205405.1,ASM90020540v1,45.5,27089,refseq,planta,34,28
Vigna angularis,279,7,3,2,"CACTA,COPIA,GYPSY,L1,LARD,MULE,PIFHARBINGER","LINE,LTR,TIR","CLASSI,CLASSII",722,12182,4825.681003584229,4872,41.79407230386806,41.4050822122571,GCF_016808095.1,ASM1680809v1,33.5,16516761,refseq,planta,40,33
Dallia pectoralis,278,17,5,2,"BELPAO,COPIA,CR1,DIRS,ERV,GYPSY,HAT,I,L1,LARD,LINE,P,PIFHARBINGER,RTE,TC1MARINER,TIR,TRNA","DIRS,LINE,LTR,SINE,TIR","CLASSI,CLASSII",116,9945,3123.6007194244603,2833,47.07435641063421,46.199761241543975,GCA_029465975.1,DPEC_1.1,43.0,814405,refseq,animal,63,51
Aristolochia californica,277,10,3,2,"CACTA,COPIA,ERV,GYPSY,HAT,L1,LARD,LTR,MULE,TIR","LINE,LTR,TIR","CLASSI,CLASSII",523,18013,5459.9458483754515,5336,43.2046404722111,43.58974358974359,GCF_029961685.1,dmAriCali1.0.hap1,36.5,6530752,refseq,planta,36,29
Elmis aenea,274,16,3,2,"BELPAO,CR1,GYPSY,HAT,I,L1,LARD,LINE,MULE,P,PIFHARBINGER,PIGGYBAC,R1,RTE,TC1MARINER,TIR","LINE,LTR,TIR","CLASSI,CLASSII",580,11522,2606.919708029197,2168,35.553637482624445,35.30612244897959,GCA_947652605.1,icElmAene2.1,31.5,911544,refseq,animal,76,62
Pristis pectinata,274,12,5,2,"COPIA,CR1,DIRS,ERV,GYPSY,HAT,I,L1,LINE,RTE,SINE,TC1MARINER","DIRS,LINE,LTR,SINE,TIR","CLASSI,CLASSII",371,10348,3706.105839416058,4146,47.2500263080392,48.23815309842041,GCF_009764475.1,sPriPec2.1.pri,42.5,17009522,refseq,animal,54,44
Ammodytes dubius,273,19,6,2,"BELPAO,COPIA,CR1,DIRS,GYPSY,HAT,HELITRON,I,L1,LARD,LINE,MERLIN,PIFHARBINGER,PIGGYBAC,RTE,SINE,TC1MARINER,TIR,TRNA","DIRS,HELITRON,LINE,LTR,SINE,TIR","CLASSI,CLASSII",138,8505,3350.5091575091574,3482,42.47841974234319,41.55844155844156,GCA_026122265.1,UConn_ADub_2022,41.0,3578647,refseq,animal,60,49
Lama guanicoe,272,9,4,2,"CR1,ERV,HAT,L1,LARD,LTR,MULE,SINE,TC1MARINER","LINE,LTR,SINE,TIR","CLASSI,CLASSII",104,12612,1732.6360294117646,653,41.39160405819149,40.24483550114767,GCA_013239625.1,ASM1323962v1,41.5,343812,refseq,animal,116,95
Myripristis murdjan,272,16,6,2,"BELPAO,CR1,DIRS,ERV,GYPSY,HAT,HELITRON,I,L1,LINE,PIFHARBINGER,RTE,SINE,TC1MARINER,TIR,TRNA","DIRS,HELITRON,LINE,LTR,SINE,TIR","CLASSI,CLASSII",199,14200,3349.8161764705883,3079,44.768232239830084,43.93063583815029,GCF_902150065.1,fMyrMur1.1,42.0,14475636,refseq,animal,60,49
Heterobilharzia americana,271,7,3,2,"BELPAO,CR1,GYPSY,LARD,LINE,RTE,TIR","LINE,LTR,TIR","CLASSI,CLASSII",1132,6827,3496.8450184501844,3210,42.50455967063806,42.857142857142854,GCA_944470555.2,tdHetHame2.2,39.0,5116422,refseq,animal,58,47
Xenentodon cancila,271,16,5,2,"BELPAO,CACTA,COPIA,CR1,DIRS,ERV,GYPSY,L1,LARD,LINE,PIGGYBAC,RTE,SINE,TC1MARINER,TIR,TRNA","DIRS,LINE,LTR,SINE,TIR","CLASSI,CLASSII",153,13595,3185.2066420664205,2064,46.54245632490753,45.08599508599509,GCA_014839995.1,fXenCan1.pri,41.5,2195850,refseq,animal,63,52
Dunckerocampus dactyliophorus,270,10,3,2,"BELPAO,CR1,GYPSY,HAT,I,L1,LINE,RTE,TC1MARINER,TIR","LINE,LTR,TIR","CLASSI,CLASSII",159,7733,2563.5703703703703,2231,47.3186584751247,45.02176278563656,GCF_027744805.1,RoL_Ddac_1.1,41.5,26519775,refseq,animal,79,65
Rhyzopertha dominica,268,9,4,1,"BELPAO,COPIA,CR1,DIRS,GYPSY,I,PLE,R1,RTE","DIRS,LINE,LTR,PLE",CLASSI,2924,10480,5513.817164179104,5289,39.25678482691145,38.69377695625385,GCA_025024175.1,Rdo_ARS_Dec2018,35.0,878850,refseq,animal,37,30
Terebella lapidaria,268,13,5,2,"BELPAO,COPIA,CR1,DIRS,GYPSY,HELITRON,I,L1,LINE,P,PIFHARBINGER,RTE,TC1MARINER","DIRS,HELITRON,LINE,LTR,TIR","CLASSI,CLASSII",926,13994,4774.212686567164,4406,43.08141198376798,41.67691172854684,GCA_949152475.1,wtTerLapi1.1,41.0,6684000,refseq,animal,42,35
Anisus vortex,268,13,4,2,"CACTA,COPIA,CR1,GYPSY,HAT,HELITRON,I,LARD,LINE,PIFHARBINGER,PIGGYBAC,RTE,TC1MARINER","HELITRON,LINE,LTR,TIR","CLASSI,CLASSII",236,9524,3634.5597014925374,3363,43.66483352635188,43.42439644218551,GCA_949126835.1,xgAniVort1.1,35.5,3531458,refseq,animal,56,46
Gari tellinella,267,12,4,2,"BELPAO,CR1,DIRS,GYPSY,HAT,I,L1,LARD,LINE,MULE,RTE,TC1MARINER","DIRS,LINE,LTR,TIR","CLASSI,CLASSII",886,10471,3876.8314606741574,3879,39.448382479826705,38.9963608504118,GCA_922989275.2,xbGarTell2.3,36.5,19181371,refseq,animal,53,43
Antennarius maculatus,265,11,3,2,"COPIA,CR1,GYPSY,HAT,I,L1,LINE,P,PIGGYBAC,RTE,TC1MARINER","LINE,LTR,TIR","CLASSI,CLASSII",188,13270,2989.7509433962264,3161,48.615967338133586,47.82681657996308,GCA_013358685.1,fAntMac1.pri,42.0,10114706,refseq,animal,69,56
Branchiostoma lanceolatum,265,12,6,2,"CR1,DIRS,GYPSY,HELITRON,I,L1,LINE,PIFHARBINGER,RTE,TC1MARINER,TIR,TRNA","DIRS,HELITRON,LINE,LTR,SINE,TIR","CLASSI,CLASSII",194,8422,2809.4867924528303,2646,43.454669719573424,44.4275966641395,GCF_035083965.1,klBraLanc5.hap2,41.5,11195901,refseq,animal,73,60
Mugilogobius chulae,265,12,4,2,"BELPAO,CR1,DIRS,ERV,GYPSY,I,L1,LARD,LINE,PIFHARBINGER,RTE,TC1MARINER","DIRS,LINE,LTR,TIR","CLASSI,CLASSII",381,8881,3249.147169811321,3216,41.497269680010774,41.7331206804891,GCA_046056395.1,ASM4605639v1,38.5,701221,refseq,animal,63,52
Triplophysa siluroides,262,18,5,2,"BELPAO,CACTA,COPIA,CR1,DIRS,ERV,GYPSY,HAT,I,L1,LARD,LINE,PIFHARBINGER,RTE,SINE,TC1MARINER,TIR,TRNA","DIRS,LINE,LTR,SINE,TIR","CLASSI,CLASSII",116,13785,3857.8664122137407,4391,47.864499653177454,47.94520547945205,GCA_006030095.1,ASM603009v1,39.5,2549348,refseq,animal,54,44
Carcharodon carcharias,262,12,4,2,"COPIA,CR1,ERV,GYPSY,I,L1,LARD,LINE,PIFHARBINGER,RTE,SINE,TIR","LINE,LTR,SINE,TIR","CLASSI,CLASSII",104,11470,4160.270992366412,4251,45.04639589022532,44.69512195121951,GCF_017639515.1,sCarCar2.pri,45.0,6544962,refseq,otro,50,41
Glycine max,261,12,4,2,"CACTA,COPIA,ERV,GYPSY,HAT,HELITRON,L1,LARD,MULE,PIFHARBINGER,R1,RTE","HELITRON,LINE,LTR,TIR","CLASSI,CLASSII",369,14274,5355.076628352491,4913,39.26512943152214,39.466403162055336,N/A,N/A,,,failed,planta,39,32
Cordia subcordata,261,11,4,2,"CACTA,COPIA,ERV,GYPSY,HAT,HELITRON,L1,LARD,MULE,PIFHARBINGER,TIR","HELITRON,LINE,LTR,TIR","CLASSI,CLASSII",518,11341,5541.632183908046,5620,39.06407702809689,39.2402376910017,N/A,N/A,,,failed,desconocido,38,31
Haemaphysalis longicornis,260,6,2,1,"CR1,GYPSY,I,L1,LINE,RTE","LINE,LTR",CLASSI,2133,10191,5173.326923076923,5328,53.590714802249664,54.06360424028268,N/A,N/A,,,failed,animal,40,33
Gossypium raimondii,258,12,4,2,"CACTA,COPIA,ERV,GYPSY,HAT,HELITRON,KOLOBOK,L1,LARD,MULE,TC1MARINER,TIR","HELITRON,LINE,LTR,TIR","CLASSI,CLASSII",419,10822,4444.461240310077,4810,37.71690336844306,37.84829721362229,GCF_025698545.1,ASM2569854v1,33.0,17043680,refseq,otro,47,39
Branchiostoma floridae,257,19,6,2,"ACADEM-1,CACTA,COPIA,CR1,DIRS,GYPSY,HAT,I,KOLOBOK,L1,LINE,MULE,PIFHARBINGER,PIGGYBAC,PLE,RTE,TC1MARINER,TIR,TRNA","DIRS,LINE,LTR,PLE,SINE,TIR","CLASSI,CLASSII",173,13101,3255.9377431906614,3158,44.250753561081794,44.13116123642439,GCF_000003815.2,Bfl_VNyyK,41.5,50413,refseq,otro,65,53
Harmothoe impar,255,12,4,2,"BELPAO,COPIA,CR1,DIRS,GYPSY,I,L1,LARD,LINE,LTR,PIFHARBINGER,RTE","DIRS,LINE,LTR,TIR","CLASSI,CLASSII",556,18112,5557.094117647059,4889,43.54179731972473,43.3649289099526,GCA_947462335.1,wpHarImpa5.1,42.5,1337000,refseq,animal,38,31
Clarias batrachus,252,12,4,2,"CR1,DIRS,ERV,GYPSY,HAT,I,L1,LINE,PIFHARBINGER,RTE,TC1MARINER,TIR","DIRS,LINE,LTR,TIR","CLASSI,CLASSII",203,5255,2113.0238095238096,1656,44.18401920921586,43.39739615623063,GCA_003987875.1,ASM398787v1,39.5,24893,refseq,animal,103,84
Anopheles gambiae,251,19,5,2,"BELPAO,CACTA,COPIA,CR1,GYPSY,HAT,HELITRON,I,L1,LTR,P,PIFHARBINGER,PIGGYBAC,R1,RTE,SINE,TC1MARINER,TIR,TRNA","HELITRON,LINE,LTR,SINE,TIR","CLASSI,CLASSII",173,8539,3486.2988047808767,4311,42.433918538698684,42.48009101251422,N/A,N/A,,,failed,animal,62,51
Chimonanthus praecox,251,10,4,2,"COPIA,ERV,GYPSY,HAT,HELITRON,L1,LARD,PIFHARBINGER,RTE,TIR","HELITRON,LINE,LTR,TIR","CLASSI,CLASSII",664,14538,5986.848605577689,5726,41.98936319668683,43.56294536817102,GCA_051988765.1,ASM5198876v1,36.5,2190841,refseq,otro,36,29
Eriocheir sinensis,250,14,4,2,"BELPAO,CR1,DIRS,GYPSY,HAT,I,L1,LINE,MULE,PIFHARBINGER,PIGGYBAC,R1,RTE,TC1MARINER","DIRS,LINE,LTR,TIR","CLASSI,CLASSII",523,9765,4188.332,4184,46.62113546375805,46.258246936852025,N/A,N/A,,,failed,animal,52,42
Bonia amplexicaulis,250,9,4,2,"CACTA,COPIA,GYPSY,HAT,HELITRON,L1,LARD,MULE,TIR","HELITRON,LINE,LTR,TIR","CLASSI,CLASSII",699,14238,6363.084,5598,47.051030544169066,45.00053356098602,N/A,N/A,,,failed,planta,34,28
Taxillus chinensis,249,8,4,2,"COPIA,ERV,GYPSY,HAT,HELITRON,L1,LARD,LINE","HELITRON,LINE,LTR,TIR","CLASSI,CLASSII",282,16464,5934.128514056225,5220,45.22400542992484,45.233885227455396,GCA_023512835.1,ASM2351283v1,40.0,2895698,refseq,planta,37,30
Esperia sulphurella,246,17,5,2,"BELPAO,COPIA,CR1,GYPSY,HAT,HELITRON,I,LINE,LTR,P,PIFHARBINGER,PIGGYBAC,R1,RTE,SINE,TC1MARINER,TIR","HELITRON,LINE,LTR,SINE,TIR","CLASSI,CLASSII",401,17835,3732.890243902439,3724,40.632524869602925,39.060092449922955,GCA_947086405.1,ilEspSulp1.1,38.0,8224243,refseq,animal,59,49
Lethenteron reissneri,246,18,6,2,"BELPAO,CACTA,CR1,DIRS,ERV,GYPSY,HAT,HELITRON,I,L1,LARD,LINE,P,RTE,SINE,TC1MARINER,TIR,TRNA","DIRS,HELITRON,LINE,LTR,SINE,TIR","CLASSI,CLASSII",177,13831,3604.337398373984,3046,51.75285584390423,52.47372468597795,GCF_015708825.1,ASM1570882v1,49.0,1412731,refseq,otro,62,50
Chrysaora quinquecirrha,245,15,5,2,"BELPAO,COPIA,CR1,DIRS,GYPSY,HAT,HELITRON,L1,LARD,LINE,MULE,P,PIFHARBINGER,RTE,TC1MARINER","DIRS,HELITRON,LINE,LTR,TIR","CLASSI,CLASSII",988,12341,3976.281632653061,3806,37.583128102125876,37.508999280057594,N/A,N/A,,,failed,animal,56,46
Esox lucius,241,19,6,2,"BELPAO,CACTA,CR1,DIRS,ERV,GYPSY,HAT,HELITRON,L1,LARD,LTR,MERLIN,P,PIFHARBINGER,PIGGYBAC,RTE,SINE,TC1MARINER,TIR","DIRS,HELITRON,LINE,LTR,SINE,TIR","CLASSI,CLASSII",157,9510,1781.5352697095436,1388,43.50598722173273,41.52791380999021,GCF_011004845.1,fEsoLuc1.pri,42.0,22630263,refseq,animal,128,104
Nicotiana sylvestris,240,13,5,2,"CACTA,COPIA,GYPSY,HAT,HELITRON,L1,LTR,MULE,PIFHARBINGER,RTE,TC1MARINER,TIR,TRNA","HELITRON,LINE,LTR,SINE,TIR","CLASSI,CLASSII",180,19828,5409.595833333334,4412,39.02787330337484,38.88181502488714,N/A,N/A,,,failed,planta,42,34
Schistocephalus solidus,240,7,4,2,"CR1,GYPSY,HAT,HELITRON,LINE,RTE,TC1MARINER","HELITRON,LINE,LTR,TIR","CLASSI,CLASSII",1254,5883,4148.216666666666,4679,47.665230351077774,47.42188997508146,GCA_017591395.1,ASM1759139v1,43.5,120142,refseq,animal,55,45
Samia ricini,236,14,5,2,"BELPAO,CACTA,COPIA,CR1,GYPSY,HAT,HELITRON,I,LINE,LTR,R1,RTE,SINE,TC1MARINER","HELITRON,LINE,LTR,SINE,TIR","CLASSI,CLASSII",166,9636,3770.8474576271187,4343,41.781938634315814,38.73650681295346,GCA_048571015.1,Sr_NBRP_v3.0,34.5,33194300,refseq,animal,61,50
Drosophila suzukii,234,15,4,2,"BELPAO,CACTA,COPIA,CR1,GYPSY,HAT,HELITRON,I,KOLOBOK,MERLIN,P,PIFHARBINGER,PIGGYBAC,R1,TC1MARINER","HELITRON,LINE,LTR,TIR","CLASSI,CLASSII",165,12214,4499.6324786324785,4768,40.093040780238475,39.80399547681869,GCF_043229965.1,CBGP_Dsuzu_IsoJpt1.0,40.5,6316160,refseq,animal,52,42
Capsicum annuum,232,10,4,2,"CACTA,COPIA,GYPSY,HAT,HELITRON,LTR,MULE,PIFHARBINGER,TC1MARINER,TRNA","HELITRON,LTR,SINE,TIR","CLASSI,CLASSII",125,18025,5911.512931034483,5207,37.33320459623855,37.41228070175438,GCF_002878395.1,UCD10Xv1.1,35.0,122789,refseq,planta,40,32
Puccinia striiformis,231,12,4,2,"COPIA,DIRS,GYPSY,HAT,HELITRON,LARD,LTR,MULE,P,PIFHARBINGER,TC1MARINER,TIR","DIRS,HELITRON,LTR,TIR","CLASSI,CLASSII",108,11864,2811.121212121212,960,45.233049174016045,45.18439904483948,GCF_021901695.1,Pst134E36_v1_pri,44.5,759712,refseq,hongo,84,69
Amphibalanus amphitrite,231,15,5,2,"BELPAO,CR1,DIRS,GYPSY,HAT,HELITRON,I,L1,LARD,LINE,LTR,P,PIFHARBINGER,RTE,TC1MARINER","DIRS,HELITRON,LINE,LTR,TIR","CLASSI,CLASSII",376,13896,4361.545454545455,4386,52.383554174692634,52.53549695740365,GCF_019059575.1,NRLGWU_Aamphi_draft,50.0,536785,refseq,animal,54,44
Chelmon rostratus,230,12,4,2,"BELPAO,CR1,DIRS,GYPSY,HAT,L1,LARD,LINE,LTR,PIFHARBINGER,RTE,TC1MARINER","DIRS,LINE,LTR,TIR","CLASSI,CLASSII",108,11014,2981.9434782608696,2172,45.527915372739756,44.02985074626866,GCF_017976325.1,fCheRos1.pri,42.5,16959746,refseq,animal,80,65
Lupinus angustifolius,230,9,4,2,"CACTA,COPIA,GYPSY,HAT,HELITRON,L1,LARD,MULE,RTE","HELITRON,LINE,LTR,TIR","CLASSI,CLASSII",753,18174,4947.347826086957,4874,38.42631564120842,38.691796008869176,GCF_001865875.1,LupAngTanjil_v1.0,33.5,48365,refseq,planta,48,39
Coelopa pilipes,230,8,3,1,"BELPAO,COPIA,DIRS,GYPSY,I,LARD,LTR,R1","DIRS,LINE,LTR",CLASSI,884,14816,7372.652173913043,7270,35.93049920368161,35.614661044437234,GCA_947389925.1,idCoePili4.1,42.5,1280259,refseq,animal,32,26
Phataginus tricuspis,229,7,4,2,"ERV,HAT,L1,LARD,LTR,SINE,TC1MARINER","LINE,LTR,SINE,TIR","CLASSI,CLASSII",102,9828,2819.406113537118,877,43.35678527817686,42.78350515463917,GCA_029783875.1,UCLA_PhaTri_1.0,41.0,113164,refseq,animal,85,69
Eumeta japonica,229,16,4,2,"BELPAO,COPIA,CR1,GYPSY,HAT,HELITRON,I,LINE,MULE,P,PIFHARBINGER,PIGGYBAC,R1,RTE,TC1MARINER,TIR","HELITRON,LINE,LTR,TIR","CLASSI,CLASSII",102,12954,3543.122270742358,3476,40.98879005392258,37.51937984496124,GCA_005406025.1,Evar_2.0,34.0,324045,refseq,animal,67,55
Eragrostis curvula,229,11,5,2,"CACTA,COPIA,GYPSY,HAT,HELITRON,L1,LARD,MULE,PIFHARBINGER,RTE,SINE","HELITRON,LINE,LTR,SINE,TIR","CLASSI,CLASSII",136,14432,5400.694323144105,4972,46.70700762128202,45.77224937065008,GCA_007726485.1,CERZOS_EC1.0,45.5,342486,refseq,planta,44,36
Rhodnius prolixus,226,19,5,2,"ACADEM-1,BELPAO,CACTA,COPIA,GYPSY,HAT,HELITRON,I,KOLOBOK,LINE,LTR,MERLIN,MULE,PIFHARBINGER,PIGGYBAC,RTE,TC1MARINER,TIR,TRNA","HELITRON,LINE,LTR,SINE,TIR","CLASSI,CLASSII",220,12929,2098.70796460177,1319,37.69912725611477,36.81434599156118,GCF_049639745.1,Rpr,34.0,27976301,refseq,animal,115,94
Anopheles coluzzii,223,11,3,2,"COPIA,CR1,GYPSY,HAT,I,L1,P,PIFHARBINGER,PIGGYBAC,R1,RTE","LINE,LTR,TIR","CLASSI,CLASSII",257,8539,4275.035874439462,4600,43.14446963718584,42.46931944960952,GCF_943734685.1,AcolN3,44.5,18767309,refseq,animal,57,47
Crocuta crocuta,223,7,4,2,"ERV,HAT,L1,SINE,TC1MARINER,TIR,TRNA","LINE,LTR,SINE,TIR","CLASSI,CLASSII",103,5664,1499.1255605381166,594,42.58855716031842,42.7942794279428,GCA_008692635.1,BGI_CrCroc_1.0,41.5,97873,refseq,animal,164,134
Panicum hallii,221,11,4,2,"CACTA,COPIA,GYPSY,HAT,L1,LARD,LTR,MULE,PIFHARBINGER,SINE,TIR","LINE,LTR,SINE,TIR","CLASSI,CLASSII",116,17517,5789.954751131222,5416,48.23860933798069,46.3768115942029,GCF_002211085.1,PHallii_v3.1,47.0,1111465,refseq,planta,42,35
Puccinia graminis,220,13,4,2,"ACADEM-1,CACTA,COPIA,DIRS,GYPSY,HAT,HELITRON,LTR,MULE,P,PIFHARBINGER,TC1MARINER,TIR","DIRS,HELITRON,LTR,TIR","CLASSI,CLASSII",178,14647,5145.231818181818,5289,45.20194305564187,45.25013073034687,GCF_000149925.1,ASM14992v1,43.5,39496,refseq,hongo,48,39
Wurfbainia villosa,220,11,3,2,"CACTA,COPIA,ERV,GYPSY,HAT,L1,LARD,LTR,MULE,PIFHARBINGER,RTE","LINE,LTR,TIR","CLASSI,CLASSII",2333,16542,7237.559090909091,7313,40.84443929348321,41.42423475841133,GCA_050947585.1,ASM5094758v1,40.5,30227502,refseq,planta,34,28
Medicago truncatula,218,14,5,2,"CACTA,COPIA,GYPSY,HAT,HELITRON,L1,LARD,LTR,MULE,PIFHARBINGER,RTE,SINE,TC1MARINER,TIR","HELITRON,LINE,LTR,SINE,TIR","CLASSI,CLASSII",124,15452,3920.1926605504586,3489,37.33188922839611,37.86008230452675,GCF_003473485.1,MtrunA17r5.0-ANR,33.5,23305320,refseq,planta,64,52
Hydractinia symbiolongicarpus,217,19,6,2,"BELPAO,COPIA,CR1,DIRS,ERV,GYPSY,HAT,HELITRON,KOLOBOK,LARD,LINE,MERLIN,MULE,P,PIFHARBINGER,RTE,TC1MARINER,TIR,TRNA","DIRS,HELITRON,LINE,LTR,SINE,TIR","CLASSI,CLASSII",297,12432,4497.414746543779,4788,35.809823373635254,35.906085548508976,GCF_029227915.1,HSymV2.1,36.0,25832406,refseq,animal,56,46
Vigna radiata,217,8,3,2,"CACTA,COPIA,GYPSY,L1,LARD,LTR,MULE,TIR","LINE,LTR,TIR","CLASSI,CLASSII",258,14282,5016.917050691244,4870,40.3012310566702,39.58112968055849,GCF_000741045.1,Vradiata_ver6,33.0,48831,refseq,planta,50,41
Argiope bruennichi,217,12,4,2,"BELPAO,COPIA,CR1,GYPSY,HAT,HELITRON,I,LINE,PIGGYBAC,R1,RTE,TC1MARINER","HELITRON,LINE,LTR,TIR","CLASSI,CLASSII",202,11545,3762.5852534562214,4631,37.55687961246858,37.34506915753548,GCF_947563725.1,qqArgBrue1.1,29.5,13170000,refseq,animal,67,55
Agonum fuliginosum,215,15,5,2,"BELPAO,COPIA,CR1,DIRS,GYPSY,HAT,HELITRON,I,LINE,LTR,P,PIFHARBINGER,R1,RTE,TC1MARINER","DIRS,HELITRON,LINE,LTR,TIR","CLASSI,CLASSII",721,11446,4606.8,4403,34.79579252174706,33.81908654700551,GCA_947534325.1,icAgoFuli1.1,31.5,12663309,refseq,animal,55,45
Coffea canephora,213,12,5,2,"CACTA,COPIA,ERV,GYPSY,HAT,HELITRON,L1,LARD,MULE,PIFHARBINGER,SINE,TIR","HELITRON,LINE,LTR,SINE,TIR","CLASSI,CLASSII",183,12868,5636.028169014085,5398,41.192833142699314,39.58916900093371,GCA_036785865.1,ASM3678586v1,37.5,1351634,refseq,planta,45,37
Digitaria exilis,213,13,5,2,"COPIA,GYPSY,HAT,HELITRON,L1,LARD,LTR,MULE,PIFHARBINGER,RTE,SINE,TC1MARINER,TIR","HELITRON,LINE,LTR,SINE,TIR","CLASSI,CLASSII",149,14479,5112.183098591549,4897,46.013767553809174,45.32363636363637,GCA_015342445.1,DiExil,45.5,1734059,refseq,planta,50,41
Cydia splendana,211,15,6,2,"ACADEM-1,BELPAO,CACTA,COPIA,CR1,DIRS,GYPSY,HAT,HELITRON,I,LINE,PLE,RTE,TC1MARINER,TIR","DIRS,HELITRON,LINE,LTR,PLE,TIR","CLASSI,CLASSII",1292,15496,4607.341232227488,4414,43.06773936643887,42.410793538079176,GCF_910591565.1,ilCydSple1.2,38.0,6521190,refseq,animal,56,46
Caenorhabditis briggsae,208,13,5,2,"CACTA,CR1,DIRS,GYPSY,HAT,HELITRON,KOLOBOK,LINE,MERLIN,MULE,PIGGYBAC,TC1MARINER,TIR","DIRS,HELITRON,LINE,LTR,TIR","CLASSI,CLASSII",113,9778,1177.9278846153845,976,38.96153450737585,38.43998131714152,GCF_000004555.2,CB4,37.5,45098,refseq,animal,224,183
Sebastes umbrosus,207,15,5,2,"BELPAO,CR1,DIRS,ERV,GYPSY,HAT,I,L1,LARD,LINE,LTR,RTE,SINE,TC1MARINER,TRNA","DIRS,LINE,LTR,SINE,TIR","CLASSI,CLASSII",199,9219,2906.584541062802,3083,44.43853357820531,43.27460249247959,GCF_015220745.1,fSebUmb1.pri,41.0,11445908,refseq,animal,91,74
Lepidostoma basale,204,15,5,2,"BELPAO,COPIA,CR1,GYPSY,HAT,HELITRON,I,L1,LINE,LTR,PIGGYBAC,R1,RTE,SINE,TC1MARINER","HELITRON,LINE,LTR,SINE,TIR","CLASSI,CLASSII",240,9736,2705.3039215686276,2653,41.92659149802144,41.236573225045845,GCA_022606425.2,ASM2260642v2,35.0,1001566,refseq,animal,99,81
Panicum miliaceum,203,8,3,2,"CACTA,HAT,HELITRON,MULE,P,PIFHARBINGER,TC1MARINER,TRNA","HELITRON,SINE,TIR","CLASSI,CLASSII",101,10740,969.3793103448276,348,46.94011809029266,45.378151260504204,GCA_038442765.1,ASM3844276v1,47.0,48261264,refseq,planta,279,228
Aphelinus atriplicis,203,13,4,2,"BELPAO,CACTA,COPIA,CR1,GYPSY,HELITRON,I,LARD,LINE,LTR,PIGGYBAC,R1,TC1MARINER","HELITRON,LINE,LTR,TIR","CLASSI,CLASSII",709,10389,5229.862068965517,5475,45.38939588392622,47.37839545167404,GCA_020882685.1,ARS_Aatr_GLS1.0,41.0,5244818,refseq,animal,51,42
Ampullaceana balthica,202,13,4,2,"CR1,GYPSY,HAT,HELITRON,I,L1,LINE,MERLIN,MULE,PIGGYBAC,RTE,TC1MARINER,TIR","HELITRON,LINE,LTR,TIR","CLASSI,CLASSII",135,10487,3686.267326732673,3529,41.31771225479069,40.39874081846799,GCA_944989445.1,Rbalt_genome_v1,36.5,435188,refseq,animal,73,60
Megaleporinus macrocephalus,200,13,5,2,"BELPAO,CR1,DIRS,GYPSY,HAT,HELITRON,L1,LARD,LTR,PIGGYBAC,RTE,TC1MARINER,TIR","DIRS,HELITRON,LINE,LTR,TIR","CLASSI,CLASSII",139,10216,2829.91,1739,43.69941068352275,42.883548983364136,GCA_021613375.1,ASM2161337v1,40.0,5013076,refseq,animal,97,79
Gavialis gangeticus,199,12,5,2,"CR1,ERV,GYPSY,HAT,HELITRON,LINE,LTR,PIFHARBINGER,PLE,RTE,TC1MARINER,TIR","HELITRON,LINE,LTR,PLE,TIR","CLASSI,CLASSII",205,8540,1821.9497487437186,1159,57.82996715329396,59.864603481624755,GCF_001723915.1,GavGan_comp1,44.0,14799,refseq,animal,151,124
Vaccinium macrocarpon,199,11,4,2,"CACTA,COPIA,GYPSY,HAT,HELITRON,LTR,MULE,PIFHARBINGER,TC1MARINER,TIR,TRNA","HELITRON,LTR,SINE,TIR","CLASSI,CLASSII",137,19982,2563.175879396985,651,40.99264809264006,40.40632054176072,GCA_022606695.1,ASM2260669v1,38.0,15310187,refseq,planta,107,88
Lactuca sativa,199,10,4,2,"COPIA,CR1,GYPSY,HAT,HELITRON,L1,LARD,LTR,MULE,PIFHARBINGER","HELITRON,LINE,LTR,TIR","CLASSI,CLASSII",894,13430,7424.19095477387,7582,40.270162197272086,40.06133793367836,GCF_002870075.4,Lsat_Salinas_v11,38.0,12524908,refseq,planta,37,30
Helobdella robusta,197,15,4,2,"ACADEM-1,CACTA,COPIA,CR1,GYPSY,HAT,I,LINE,MERLIN,MULE,P,PIGGYBAC,PLE,RTE,TC1MARINER","LINE,LTR,PLE,TIR","CLASSI,CLASSII",226,7278,3807.0659898477156,4080,34.886821979925074,34.18026210216635,GCF_000326865.2,Helobdella robusta v1.0,33.0,52308,refseq,animal,73,60
Sus scrofa,196,4,4,2,"ERV,L1,TC1MARINER,TRNA","LINE,LTR,SINE,TIR","CLASSI,CLASSII",119,9150,1402.3877551020407,579,47.65612683467151,47.613849033063005,GCF_000003025.6,Sscrofa11.1,42.0,48231277,refseq,animal,200,163
Tigriopus kingsejongensis,195,13,5,2,"BELPAO,CR1,DIRS,GYPSY,HAT,HELITRON,I,L1,LARD,MULE,P,R1,TC1MARINER","DIRS,HELITRON,LINE,LTR,TIR","CLASSI,CLASSII",931,10926,4242.415384615385,4558,50.6451373386675,50.042571306939124,GCA_012959195.1,ASM1295919v1,47.5,1293995,best_n50,animal,66,54
Argyrosomus regius,194,18,6,2,"BELPAO,CACTA,CR1,DIRS,ERV,GYPSY,HAT,HELITRON,I,L1,LARD,LINE,PIFHARBINGER,RTE,SINE,TC1MARINER,TIR,TRNA","DIRS,HELITRON,LINE,LTR,SINE,TIR","CLASSI,CLASSII",121,10239,3174.0721649484535,3262,45.91358712293141,46.915191053122086,GCA_946959425.1,aregius_2022,41.0,7813463,refseq,animal,89,73
Polyodon spathula,194,17,6,2,"BELPAO,CACTA,CR1,DIRS,ERV,GYPSY,HAT,HELITRON,I,L1,LINE,PIFHARBINGER,PIGGYBAC,RTE,SINE,TC1MARINER,TRNA","DIRS,HELITRON,LINE,LTR,SINE,TIR","CLASSI,CLASSII",489,10367,2894.762886597938,2051,45.01248199556941,43.244760479041915,GCF_017654505.1,ASM1765450v1,39.0,3441286,refseq,animal,97,80
Drosophila elegans,192,17,5,2,"BELPAO,CACTA,COPIA,CR1,GYPSY,HAT,HELITRON,I,KOLOBOK,LINE,MULE,P,PIFHARBINGER,PIGGYBAC,PLE,R1,TC1MARINER","HELITRON,LINE,LTR,PLE,TIR","CLASSI,CLASSII",184,11323,4774.755208333333,5065,40.25630581187517,40.35155495460692,GCF_018152505.1,ASM1815250v1,39.5,21933072,refseq,animal,59,49
Brachionus asplanchnoidis,191,13,5,2,"CR1,DIRS,GYPSY,HAT,HELITRON,I,LARD,LINE,LTR,MULE,RTE,TC1MARINER,TIR","DIRS,HELITRON,LINE,LTR,TIR","CLASSI,CLASSII",574,11884,4109.298429319371,3941,35.00877881910263,32.534367289390204,GCA_025491095.1,ASM2549109v1,30.5,3065462,refseq,animal,70,57
Prunus persica,191,9,4,2,"CACTA,COPIA,ERV,GYPSY,HAT,HELITRON,L1,LARD,PIFHARBINGER","HELITRON,LINE,LTR,TIR","CLASSI,CLASSII",341,13376,4823.350785340314,4934,40.69367662889329,40.36992360273422,GCF_000346465.2,Prunus_persica_NCBIv2,37.5,255416,refseq,planta,59,48
Brachypodium distachyon,190,12,5,2,"CACTA,COPIA,GYPSY,HAT,HELITRON,L1,LARD,MULE,PIFHARBINGER,RTE,SINE,TIR","HELITRON,LINE,LTR,SINE,TIR","CLASSI,CLASSII",115,13179,3899.5052631578947,4144,48.79485683354594,47.28277097641087,GCF_000005505.3,Brachypodium_distachyon_v3.0,46.5,21988513,refseq,planta,74,60
Brassica rapa,189,12,5,2,"CACTA,COPIA,ERV,GYPSY,HAT,HELITRON,L1,LARD,MULE,PIFHARBINGER,SINE,TIR","HELITRON,LINE,LTR,SINE,TIR","CLASSI,CLASSII",144,13281,4826.534391534392,4974,41.62972111265933,41.90562203657711,GCF_000309985.2,CAAS_Brap_v3.01,37.0,1386548,refseq,planta,60,49
Fragaria vesca,188,12,5,2,"CACTA,COPIA,GYPSY,HAT,HELITRON,L1,LTR,MULE,PIFHARBINGER,SINE,TIR,TRNA","HELITRON,LINE,LTR,SINE,TIR","CLASSI,CLASSII",121,14701,4061.372340425532,4071,40.83043021826106,40.84544964997308,GCF_000184155.1,FraVesHawaii_1.0,38.5,28030,refseq,planta,72,58
Harpegnathos saltator,186,17,5,2,"ACADEM-1,BELPAO,CACTA,CR1,DIRS,GYPSY,HAT,HELITRON,KOLOBOK,LINE,MERLIN,MULE,PIFHARBINGER,PIGGYBAC,R1,TC1MARINER,TIR","DIRS,HELITRON,LINE,LTR,TIR","CLASSI,CLASSII",208,11800,1535.5483870967741,1286,39.953981551401746,40.799448656099244,GCF_003227715.2,Hsal_v8.6,45.0,911506,refseq,animal,192,157
Citrus clementina,186,9,4,2,"CACTA,COPIA,ERV,GYPSY,HAT,L1,LARD,MULE,SINE","LINE,LTR,SINE,TIR","CLASSI,CLASSII",225,12823,5240.623655913979,5305,39.29368415883798,38.94019349164468,GCF_000493195.1,Citrus_clementina_v1.0,35.0,109915,refseq,planta,56,46
Morus notabilis,185,9,4,2,"CACTA,COPIA,GYPSY,HAT,HELITRON,L1,MULE,PIFHARBINGER,RTE","HELITRON,LINE,LTR,TIR","CLASSI,CLASSII",228,12188,5404.6702702702705,5168,42.94535253219929,41.12525117213664,GCF_000414095.1,ASM41409v2,35.0,40438,refseq,planta,55,45
Bemisia tabaci,184,18,5,2,"BELPAO,CACTA,COPIA,CR1,GYPSY,HAT,HELITRON,I,LINE,LTR,MULE,PIFHARBINGER,R1,RTE,SINE,TC1MARINER,TIR,TRNA","HELITRON,LINE,LTR,SINE,TIR","CLASSI,CLASSII",119,11194,2448.695652173913,2393,40.300368902010966,39.154740608228984,GCF_918797505.1,PGI_BMITA_v3,39.5,1927910,refseq,animal,122,99
Archivesica marissinica,183,13,3,2,"ACADEM-1,CR1,HAT,I,KOLOBOK,L1,LINE,MULE,PIFHARBINGER,PIGGYBAC,RTE,TC1MARINER,TRNA","LINE,SINE,TIR","CLASSI,CLASSII",136,7810,4068.3606557377047,4046,41.12450616192237,41.0,GCA_014843695.1,ASM1484369v1,39.0,79144,refseq,animal,73,60
Coelopa frigida,183,11,4,2,"BELPAO,COPIA,CR1,GYPSY,HELITRON,I,LARD,LINE,LTR,P,R1","HELITRON,LINE,LTR,TIR","CLASSI,CLASSII",617,11375,5804.710382513661,5355,40.64540714999681,39.26244893452578,GCA_017309665.1,UL_Cfrigida_v1.1,40.5,313772,refseq,animal,51,42
Drusus annulatus,182,12,4,2,"BELPAO,CR1,GYPSY,HAT,HELITRON,I,LINE,LTR,PIFHARBINGER,R1,RTE,TC1MARINER","HELITRON,LINE,LTR,TIR","CLASSI,CLASSII",518,8099,3506.1373626373625,3575,37.95437824365944,37.79904306220095,GCA_022651775.1,ASM2265177v1,34.5,1043739,refseq,animal,86,70
Etheostoma cragini,182,10,4,2,"CR1,DIRS,GYPSY,HAT,I,L1,LINE,RTE,TC1MARINER,TIR","DIRS,LINE,LTR,TIR","CLASSI,CLASSII",128,4815,1874.956043956044,1652,43.6703394958033,42.04476709013914,GCF_013103735.1,CSU_Ecrag_1.0,40.5,45088,refseq,animal,161,131
Alca torda,181,8,5,2,"CR1,CRYPTON,ERV,GYPSY,HAT,SINE,TIR,TRNA","CRYPTON,LINE,LTR,SINE,TIR","CLASSI,CLASSII",108,4305,2684.022099447514,2905,51.259702951184174,51.66064981949459,GCA_008658365.1,bAlcTor1 primary,42.5,18221265,refseq,animal,113,92
Chelidonichthys spinosus,181,14,5,2,"BELPAO,CR1,DIRS,ERV,GYPSY,HAT,HELITRON,I,L1,LARD,LINE,PIFHARBINGER,RTE,TC1MARINER","DIRS,HELITRON,LINE,LTR,TIR","CLASSI,CLASSII",354,15233,3819.2872928176794,3625,46.243505870956376,46.58995815899581,GCA_029853015.1,ASM2985301v1,43.0,13767766,refseq,animal,79,65
Callitettix versicolor,179,12,4,2,"CR1,GYPSY,HAT,HELITRON,I,LINE,MERLIN,P,PIGGYBAC,R1,RTE,TC1MARINER","HELITRON,LINE,LTR,TIR","CLASSI,CLASSII",528,8714,2328.117318435754,1467,39.38334313607845,38.7392100444677,GCA_022606455.1,ASM2260645v1,33.5,5631972,refseq,animal,131,107
Alosa alosa,176,13,4,2,"BELPAO,COPIA,CR1,DIRS,GYPSY,HAT,I,L1,LARD,LINE,RTE,TC1MARINER,TIR","DIRS,LINE,LTR,TIR","CLASSI,CLASSII",136,10883,3084.7670454545455,2512,43.05622616867797,42.6179604261796,GCF_017589495.1,AALO_Geno_1.1,43.0,1188980,refseq,animal,101,82
Emydocephalus ijimae,175,11,4,2,"COPIA,CR1,DIRS,ERV,GYPSY,HAT,I,L1,LINE,RTE,TC1MARINER","DIRS,LINE,LTR,TIR","CLASSI,CLASSII",300,7623,4017.942857142857,4799,44.88111288272375,45.011600928074245,GCA_004319985.1,emyIji_1.0,40.5,18545,refseq,animal,78,63
Sphenodon punctatus,174,11,4,2,"COPIA,CR1,DIRS,ERV,GYPSY,HAT,L1,LARD,PIFHARBINGER,PIGGYBAC,RTE","DIRS,LINE,LTR,TIR","CLASSI,CLASSII",1189,9610,4545.66091954023,4908,53.58391724496593,54.262068965517244,GCA_003113815.1,ASM311381v1,47.5,27065,refseq,animal,69,56
Desmophyllum pertusum,174,16,6,2,"BELPAO,COPIA,CR1,DIRS,GYPSY,HELITRON,KOLOBOK,L1,LARD,LINE,LTR,PIGGYBAC,RTE,SINE,TC1MARINER,TIR","DIRS,HELITRON,LINE,LTR,SINE,TIR","CLASSI,CLASSII",289,11637,3523.977011494253,3307,40.5679783999514,40.72183740430186,GCA_029204205.1,Loph_1.0,39.5,438598,refseq,animal,89,73
Drosophila albomicans,172,15,4,2,"BELPAO,CACTA,COPIA,CR1,GYPSY,HAT,HELITRON,I,LINE,MULE,P,PIFHARBINGER,R1,RTE,TC1MARINER","HELITRON,LINE,LTR,TIR","CLASSI,CLASSII",237,12222,3844.639534883721,3029,39.16512208076018,38.06878306878307,GCF_009650485.2,ASM965048v2,38.0,25786103,refseq,animal,83,68
Anopheles funestus,172,3,1,1,"BELPAO,COPIA,GYPSY",LTR,CLASSI,341,10549,5626.331395348837,5731,44.379375839873966,45.10715729882733,GCF_943734845.2,idAnoFuneDA-416_04,41.5,24104831,refseq,animal,56,46
Heloderma charlesbogerti,172,12,4,2,"COPIA,CR1,DIRS,ERV,GYPSY,HAT,I,L1,LARD,LINE,RTE,TC1MARINER","DIRS,LINE,LTR,TIR","CLASSI,CLASSII",658,7902,3852.656976744186,3813,46.527442042950724,45.6651224354732,GCA_026122225.1,Hcha_1,45.0,1358783,refseq,animal,82,67
Brachionus paranguensis,172,8,4,2,"CR1,GYPSY,HAT,HELITRON,I,LINE,RTE,TC1MARINER","HELITRON,LINE,LTR,TIR","CLASSI,CLASSII",719,8496,3926.1453488372094,3800,33.200400240972,30.84153005464481,GCA_016802215.1,ASM1680221v1,27.5,4130136,refseq,animal,81,66
Puya raimondii,171,7,4,2,"COPIA,GYPSY,HAT,HELITRON,L1,LARD,MULE","HELITRON,LINE,LTR,TIR","CLASSI,CLASSII",717,14773,6598.491228070176,6522,43.7401136242323,41.19676064787043,GCA_016920855.2,Puya125_v2,39.5,3894623,refseq,planta,48,39
Chiloscyllium punctatum,171,5,3,1,"CR1,GYPSY,L1,RTE,SINE","LINE,LTR,SINE",CLASSI,161,6193,3795.2748538011697,4047,45.94271874886004,45.655270655270655,GCF_047496795.1,sChiPun1.3,44.0,5342658,refseq,animal,84,69
Erethizon dorsatum,169,10,4,2,"ALU,CR1,ERV,HAT,L1,LARD,LTR,PIGGYBAC,SINE,TC1MARINER","LINE,LTR,SINE,TIR","CLASSI,CLASSII",102,8885,2329.662721893491,592,43.054084300885734,43.80165289256198,GCA_028451465.1,mEreDor1.pri,41.0,19239546,refseq,animal,139,114
Solenopsis invicta,169,18,6,2,"BELPAO,CACTA,COPIA,CR1,DIRS,GYPSY,HAT,HELITRON,KOLOBOK,MERLIN,MULE,P,PIGGYBAC,PLE,R1,RTE,TC1MARINER,TIR","DIRS,HELITRON,LINE,LTR,PLE,TIR","CLASSI,CLASSII",143,10415,3674.4852071005917,4390,41.711566047874896,40.97290238328436,GCF_016802725.1,UNIL_Sinv_3.0,36.0,9421447,refseq,animal,88,72
Allacma fusca,168,15,5,2,"BELPAO,CACTA,COPIA,CR1,DIRS,GYPSY,HAT,HELITRON,L1,LINE,LTR,MULE,PIFHARBINGER,R1,RTE","DIRS,HELITRON,LINE,LTR,TIR","CLASSI,CLASSII",891,18844,5312.815476190476,5037,39.488259442226614,39.30063778315373,GCA_947179485.1,qeAllFusc8.1,37.0,1002386,refseq,animal,61,50
Archilochus colubris,167,6,4,2,"CR1,ERV,LARD,RTE,SINE,TIR","LINE,LTR,SINE,TIR","CLASSI,CLASSII",113,11699,4079.6526946107783,4234,50.32626391012063,51.383305746039255,GCA_023079485.1,ASM2307948v1,42.0,12033856,refseq,animal,80,66
Stenopsyche tienmushanensis,167,12,5,2,"CR1,GYPSY,HAT,HELITRON,I,LARD,LINE,PIGGYBAC,R1,RTE,SINE,TC1MARINER","HELITRON,LINE,LTR,SINE,TIR","CLASSI,CLASSII",228,12890,2781.017964071856,3152,44.042734117043295,44.51183721385247,GCA_008973525.1,ASM897352v1,34.0,1296863,refseq,animal,118,96
Gonatopus flavifemur,166,17,5,2,"BELPAO,COPIA,CR1,DIRS,GYPSY,HAT,HELITRON,I,KOLOBOK,LARD,LINE,P,PIGGYBAC,R1,RTE,TC1MARINER,TIR","DIRS,HELITRON,LINE,LTR,TIR","CLASSI,CLASSII",613,12188,3355.10843373494,2323,40.50421362252453,40.13975155279503,GCA_018340375.1,Gfla_zju_1.0,36.0,35138189,refseq,animal,98,80
Toxotes jaculatrix,166,15,6,2,"BELPAO,CR1,DIRS,ERV,GYPSY,HAT,HELITRON,L1,LARD,LINE,PIFHARBINGER,RTE,SINE,TC1MARINER,TIR","DIRS,HELITRON,LINE,LTR,SINE,TIR","CLASSI,CLASSII",354,8666,3087.090361445783,3243,47.70310536892972,47.66536964980545,GCF_017976425.1,fToxJac2.pri,41.0,15555772,refseq,animal,107,87
Agaricus bisporus,166,10,5,2,"CACTA,COPIA,DIRS,GYPSY,HAT,HELITRON,LTR,PLE,TC1MARINER,TIR","DIRS,HELITRON,LTR,PLE,TIR","CLASSI,CLASSII",247,14677,4241.674698795181,3751,45.03853410760481,45.93118514472966,GCA_000300575.2,ASM30057v2,46.5,1652408,refseq,hongo,78,63
Agelaius phoeniceus,165,8,5,2,"CR1,CRYPTON,ERV,GYPSY,LARD,LTR,TIR,TRNA","CRYPTON,LINE,LTR,SINE,TIR","CLASSI,CLASSII",137,11978,4397.381818181818,4211,49.34680330089093,49.97593840230991,GCF_051311805.1,bAgePho1.hap1,43.5,30085171,refseq,otro,75,62
Bradysia coprophila,164,12,4,2,"BELPAO,COPIA,CR1,GYPSY,HELITRON,I,LARD,LINE,LTR,MULE,R1,RTE","HELITRON,LINE,LTR,TIR","CLASSI,CLASSII",792,12165,3436.048780487805,3455,40.42767385308425,40.17188188629352,GCF_014529535.1,BU_Bcop_v1,35.5,2330419,refseq,animal,97,79
Eonycteris spelaea,164,9,4,2,"ERV,HAT,L1,LARD,LTR,PIGGYBAC,RTE,SINE,TC1MARINER","LINE,LTR,SINE,TIR","CLASSI,CLASSII",109,11251,1757.0365853658536,566,41.998111677746294,42.63261296660118,N/A,N/A,,,failed,desconocido,190,156
Gymnarchus niloticus,163,9,4,2,"CR1,GYPSY,HAT,L1,LINE,RTE,SINE,TC1MARINER,TIR","LINE,LTR,SINE,TIR","CLASSI,CLASSII",187,5670,2333.4907975460123,1621,44.412612567187466,43.15352697095436,GCA_009936485.2,ASM993648v2,43.5,23832,refseq,animal,144,118
Aquilegia eximia,161,10,4,2,"CACTA,COPIA,ERV,GYPSY,HAT,HELITRON,L1,LARD,MULE,PIFHARBINGER","HELITRON,LINE,LTR,TIR","CLASSI,CLASSII",605,14475,5594.5590062111805,5090,39.5888732048134,40.37408374757772,GCA_023053565.2,dmAquExim1.1.p,37.5,6093045,refseq,planta,61,49
Aegilops tauschii,161,11,4,2,"CACTA,COPIA,GYPSY,L1,LARD,LTR,MULE,PIFHARBINGER,RTE,SINE,TIR","LINE,LTR,SINE,TIR","CLASSI,CLASSII",161,13568,5159.583850931677,5389,49.112318436025184,48.25372852558052,GCF_002575655.3,Aet v6.0,46.5,36601549,refseq,planta,66,54
Capitella teleta,160,17,6,2,"ACADEM-1,BELPAO,COPIA,CR1,DIRS,GYPSY,HAT,I,KOLOBOK,LINE,P,PIFHARBINGER,PLE,RTE,TC1MARINER,TIR,TRNA","DIRS,LINE,LTR,PLE,SINE,TIR","CLASSI,CLASSII",276,12783,3206.3375,2854,43.97108698752119,44.020962363030016,N/A,N/A,,,failed,animal,107,87
Anableps anableps,157,12,5,2,"BELPAO,CR1,DIRS,GYPSY,HAT,I,L1,LINE,RTE,SINE,TC1MARINER,TIR","DIRS,LINE,LTR,SINE,TIR","CLASSI,CLASSII",103,17788,2287.1974522292994,1631,43.42824254860961,42.08654416123296,GCA_014839685.1,fAnaAna1.pri,38.5,17460000,refseq,otro,153,125
Acropora digitifera,157,14,5,2,"ACADEM-1,BELPAO,CACTA,COPIA,GYPSY,HAT,KOLOBOK,L1,MERLIN,PIFHARBINGER,PLE,TC1MARINER,TIR,TRNA","LINE,LTR,PLE,SINE,TIR","CLASSI,CLASSII",103,9022,3802.87898089172,4354,44.08119459523638,44.54501373848392,N/A,N/A,,,failed,animal,92,75
Rana temporaria,155,6,3,2,"BELPAO,COPIA,DIRS,ERV,GYPSY,TC1MARINER","DIRS,LTR,TIR","CLASSI,CLASSII",1677,11909,6059.406451612903,5784,48.825791596912296,49.66875230033125,GCF_905171775.1,aRanTem1.1,44.0,6264810,refseq,otro,58,47
Whitmania pigra,155,8,4,2,"COPIA,CR1,GYPSY,HAT,HELITRON,I,LINE,TC1MARINER","HELITRON,LINE,LTR,TIR","CLASSI,CLASSII",513,8524,3382.6387096774192,3814,42.42024598555574,41.34438305709024,GCA_041430665.1,ASM4143066v1,34.5,9883571,refseq,animal,104,85
Monodelphis domestica,154,11,4,2,"CR1,ERV,HAT,L1,LARD,LTR,P,RTE,SINE,TC1MARINER,TIR","LINE,LTR,SINE,TIR","CLASSI,CLASSII",111,9487,1774.090909090909,847,41.87053365859262,40.92219020172911,N/A,N/A,,,failed,animal,201,164
Prolemur simus,153,10,4,2,"ALU,ERV,HAT,L1,LARD,LTR,MULE,SINE,TC1MARINER,TIR","LINE,LTR,SINE,TIR","CLASSI,CLASSII",102,9046,1279.2091503267975,506,43.14289374677286,43.506493506493506,GCA_003258685.1,Prosim_1.0,41.0,47757,refseq,animal,281,229
Ilex paraguariensis,152,10,5,2,"CACTA,COPIA,HAT,HELITRON,LTR,MULE,PIFHARBINGER,RTE,TC1MARINER,TRNA","HELITRON,LINE,LTR,SINE,TIR","CLASSI,CLASSII",98,11768,1294.8947368421052,718,35.845898405091,34.50292397660819,GCA_963454935.2,ILEXP v3,36.5,91439,refseq,otro,279,228
Amphiduros pacificus,151,9,3,1,"BELPAO,COPIA,CR1,DIRS,GYPSY,I,L1,LINE,RTE","DIRS,LINE,LTR",CLASSI,564,10916,4164.350993377483,4156,37.058715466696455,36.20185275475378,GCA_949316495.1,wpAmpPaci1.1,37.5,7010533,refseq,otro,87,71
Puccinia hordei,151,3,1,1,"COPIA,GYPSY,LTR",LTR,CLASSI,258,13455,6075.94701986755,5469,44.281805170744214,43.23224099328313,GCA_007896445.1,ASM789644v1,41.5,405324,refseq,hongo,59,49
Rhizopus arrhizus,151,12,5,2,"CACTA,CR1,DIRS,GYPSY,HELITRON,I,L1,LINE,MERLIN,RTE,TC1MARINER,TIR","DIRS,HELITRON,LINE,LTR,TIR","CLASSI,CLASSII",112,8885,3964.5562913907283,4410,39.6271967213229,39.63902605142176,GCA_048164915.1,ASM4816491v1,35.5,3444557,refseq,otro,91,75
Oryzias latipes,150,15,5,2,"BELPAO,CR1,DIRS,ERV,GYPSY,I,L1,LINE,P,PIFHARBINGER,PIGGYBAC,RTE,TC1MARINER,TIR,TRNA","DIRS,LINE,LTR,SINE,TIR","CLASSI,CLASSII",224,8002,3388.7933333333335,3452,44.92968571287685,44.218989280245026,N/A,N/A,,,failed,animal,108,88
Synanceia verrucosa,149,15,5,2,"BELPAO,CR1,DIRS,ERV,GYPSY,HAT,HELITRON,I,L1,LARD,LINE,P,PIGGYBAC,RTE,TC1MARINER","DIRS,HELITRON,LINE,LTR,TIR","CLASSI,CLASSII",193,12748,3862.06711409396,3482,45.92819567529142,45.26699029126214,GCA_029721515.1,BGI_Synver_1.0,41.0,12009665,refseq,animal,95,78
Drosophila ananassae,148,16,4,2,"BELPAO,CACTA,COPIA,CR1,GYPSY,HAT,HELITRON,I,KOLOBOK,LINE,MULE,PIGGYBAC,R1,RTE,TC1MARINER,TIR","HELITRON,LINE,LTR,TIR","CLASSI,CLASSII",643,10478,4702.425675675676,4574,40.537378542807986,39.10263728736157,GCF_017639315.1,ASM1763931v2,42.0,26427416,refseq,animal,79,64
Heliconius melpomene,148,16,5,2,"BELPAO,COPIA,CR1,GYPSY,HAT,HELITRON,I,LINE,LTR,PIFHARBINGER,PIGGYBAC,R1,RTE,TC1MARINER,TIR,TRNA","HELITRON,LINE,LTR,SINE,TIR","CLASSI,CLASSII",160,5814,1789.6013513513512,1470,37.37798787161454,35.47400611620795,N/A,N/A,,,failed,animal,207,169
Cerastoderma edule,148,12,4,2,"BELPAO,COPIA,CR1,DIRS,GYPSY,HAT,I,L1,LINE,MULE,RTE,TC1MARINER","DIRS,LINE,LTR,TIR","CLASSI,CLASSII",647,10551,3879.2162162162163,3960,37.133183548434204,35.352358765288294,N/A,N/A,,,failed,animal,95,78
Scortum barcoo,147,13,4,2,"BELPAO,CACTA,COPIA,CR1,ERV,GYPSY,I,L1,LARD,LINE,RTE,SINE,TC1MARINER","LINE,LTR,SINE,TIR","CLASSI,CLASSII",143,12419,3482.6190476190477,3327,48.68267694613809,49.96133023975251,GCA_023238725.1,ASM2323872v1,41.0,4248160,refseq,animal,107,87
Hemiprocne comata,146,5,4,2,"CR1,ERV,RTE,SINE,TIR","LINE,LTR,SINE,TIR","CLASSI,CLASSII",133,9496,3595.9246575342468,3642,50.22023521068548,50.907897615401446,GCA_020745705.1,bHemCom1.pri.cur,42.0,20531774,refseq,animal,104,85
Alectoris rufa,145,9,5,2,"CR1,CRYPTON,ERV,HAT,LARD,LTR,SINE,TC1MARINER,TIR","CRYPTON,LINE,LTR,SINE,TIR","CLASSI,CLASSII",115,12111,3006.689655172414,2976,50.43202036348534,52.11818672423097,GCA_051903495.1,Arufa_2401F,42.0,92881468,refseq,animal,126,103
Hirsutella rhossiliensis,144,10,4,2,"COPIA,GYPSY,HAT,HELITRON,I,LARD,LINE,MULE,TC1MARINER,TIR","HELITRON,LINE,LTR,TIR","CLASSI,CLASSII",619,10226,5463.506944444444,5735,53.654339971108165,56.376442379739245,GCF_020360975.1,ASM2036097v1,46.5,6436885,refseq,hongo,69,57
Colaptes auratus,141,5,3,2,"CR1,ERV,LARD,LTR,TIR","LINE,LTR,TIR","CLASSI,CLASSII",121,9460,3431.4751773049647,3236,52.08886900036603,53.298070939639075,GCA_015227895.2,Caur_TTU_1.0,45.0,826960,refseq,animal,113,93
Megalops atlanticus,140,12,5,2,"BELPAO,CR1,ERV,GYPSY,HAT,HELITRON,L1,LINE,PIFHARBINGER,RTE,TC1MARINER,TRNA","HELITRON,LINE,LTR,SINE,TIR","CLASSI,CLASSII",217,7554,2678.45,2181,45.25266061816601,44.463276836158194,GCA_019176425.1,MATL_1.0,43.0,17756893,refseq,animal,146,120
Myotis brandtii,140,7,5,2,"ERV,HAT,HELITRON,L1,PIGGYBAC,TC1MARINER,TRNA","HELITRON,LINE,LTR,SINE,TIR","CLASSI,CLASSII",128,2353,546.8785714285714,483,55.86349720080859,56.20437956204379,GCF_000412655.1,ASM41265v1,42.5,23289,refseq,animal,718,587
Caenorhabditis elegans,139,17,5,2,"BELPAO,CACTA,CR1,GYPSY,HAT,HELITRON,I,LTR,MERLIN,MULE,PIFHARBINGER,PIGGYBAC,RTE,SINE,TC1MARINER,TIR,TRNA","HELITRON,LINE,LTR,SINE,TIR","CLASSI,CLASSII",150,18121,2436.021582733813,855,40.43861838310775,39.505644885391725,GCF_000002985.6,WBcel235,35.5,17493829,refseq,animal,162,132
Paroedura picta,138,11,5,2,"CR1,DIRS,GYPSY,HAT,I,L1,LINE,RTE,SINE,TC1MARINER,TRNA","DIRS,LINE,LTR,SINE,TIR","CLASSI,CLASSII",199,6131,2624.463768115942,2246,49.462487891484635,52.12895377128953,GCF_049243985.1,Ppicta_v3.0,44.5,52451795,refseq,animal,151,124
Mytilus edulis,138,12,2,2,"ACADEM-1,CR1,HAT,I,KOLOBOK,L1,LINE,MULE,PIFHARBINGER,PIGGYBAC,RTE,TC1MARINER","LINE,TIR","CLASSI,CLASSII",1354,7476,4408.188405797101,4631,34.24708013668437,34.60854092526691,GCF_963676685.1,xbMytEdul2.2,32.5,1737898,refseq,animal,90,73
Gautieria morchelliformis,137,10,5,2,"COPIA,DIRS,GYPSY,HAT,HELITRON,L1,LINE,MULE,PIFHARBINGER,TIR","DIRS,HELITRON,LINE,LTR,TIR","CLASSI,CLASSII",1268,9195,5290.532846715329,4895,52.05753873870039,51.251691474966165,GCA_015179125.1,Gaumor1_1,50.0,184800,refseq,hongo,75,62
Acromyrmex echinatior,137,11,5,2,"BELPAO,COPIA,CR1,DIRS,GYPSY,HELITRON,LINE,LTR,R1,TC1MARINER,TIR","DIRS,HELITRON,LINE,LTR,TIR","CLASSI,CLASSII",153,6737,2310.700729927007,1321,40.55479867205129,41.40168721609345,GCF_000204515.1,Aech_3.9,33.5,80630,refseq,animal,173,142
Oryctolagus cuniculus,137,9,4,2,"ERV,HAT,L1,LARD,LTR,MULE,TC1MARINER,TIR,TRNA","LINE,LTR,SINE,TIR","CLASSI,CLASSII",100,15004,1511.897810218978,458,46.91271414864757,46.71857619577308,GCF_964237555.1,mOryCun1.1,44.0,2030165,refseq,animal,265,217
Hysterangium stoloniferum,137,7,5,2,"COPIA,DIRS,GYPSY,HELITRON,R1,TC1MARINER,TIR","DIRS,HELITRON,LINE,LTR,TIR","CLASSI,CLASSII",1435,11432,5521.824817518248,5866,46.14418991815831,47.042781660132945,GCA_015178975.1,Hyssto1,44.0,556068,refseq,hongo,72,59
Gasterosteus aculeatus,137,16,6,2,"ACADEM-1,BELPAO,COPIA,CR1,DIRS,ERV,GYPSY,HAT,I,L1,LTR,PIFHARBINGER,PLE,RTE,TC1MARINER,TRNA","DIRS,LINE,LTR,PLE,SINE,TIR","CLASSI,CLASSII",315,12600,5298.496350364963,5332,49.17010737655278,49.24708377518558,GCF_016920845.1,GAculeatus_UGA_version5,44.5,485752,refseq,animal,75,61
Gossypium arboreum,136,8,3,2,"CACTA,COPIA,GYPSY,HAT,L1,MULE,PIFHARBINGER,TC1MARINER","LINE,LTR,TIR","CLASSI,CLASSII",724,18422,6764.573529411765,5263,39.484068496430325,40.255646997023284,GCF_025698485.1,ASM2569848v2,35.0,11691474,refseq,planta,59,48
Owenia fusiformis,135,12,6,2,"ACADEM-1,DIRS,GYPSY,HAT,HELITRON,I,KOLOBOK,L1,PIFHARBINGER,PLE,RTE,TC1MARINER","DIRS,HELITRON,LINE,LTR,PLE,TIR","CLASSI,CLASSII",389,18632,6364.007407407407,5394,37.696774012893194,37.65243902439025,GCA_903813345.2,Owenia_chromosome,34.5,2574000,refseq,animal,64,52
Anarsia innoxiella,135,16,6,2,"BELPAO,COPIA,CR1,DIRS,GYPSY,HAT,HELITRON,I,LARD,LINE,LTR,PIFHARBINGER,R1,RTE,SINE,TC1MARINER","DIRS,HELITRON,LINE,LTR,SINE,TIR","CLASSI,CLASSII",459,10716,4113.496296296296,4280,39.559611495911604,38.58296622613803,GCA_947563765.1,ilAnaInnx2.1,36.0,5810225,refseq,animal,99,81
Gekko japonicus,134,8,3,1,"COPIA,CR1,DIRS,ERV,GYPSY,L1,LINE,RTE","DIRS,LINE,LTR",CLASSI,619,9255,3565.2014925373132,3258,47.72207105468692,48.79890185312286,GCF_001447785.1,Gekko_japonicus_V1.1,45.5,29575,refseq,animal,115,94
Acrocera orbiculus,134,13,4,2,"BELPAO,COPIA,GYPSY,HAT,HELITRON,I,LARD,P,PIFHARBINGER,PIGGYBAC,R1,TC1MARINER,TIR","HELITRON,LINE,LTR,TIR","CLASSI,CLASSII",154,10497,4357.082089552238,4486,34.81172699183379,34.80994569877108,GCA_947359355.1,idAcrOrbc1.1,27.5,63123693,refseq,animal,94,77
Corchorus capsularis,132,9,4,2,"CACTA,COPIA,GYPSY,HAT,HELITRON,L1,LARD,LINE,MULE","HELITRON,LINE,LTR,TIR","CLASSI,CLASSII",546,12269,4745.833333333333,4804,38.856105155469436,38.76306620209059,GCA_001974805.1,CCACVL1_1.0,35.0,46451,refseq,planta,87,71
Asparagus officinalis,131,10,4,2,"COPIA,GYPSY,HAT,HELITRON,L1,LARD,LTR,MULE,PIFHARBINGER,RTE","HELITRON,LINE,LTR,TIR","CLASSI,CLASSII",980,12317,5134.725190839695,5240,40.50199907247778,39.76364268335072,GCF_001876935.1,Aspof.V1,39.0,46553,refseq,planta,81,66
Alviniconcha marisindica,131,8,4,2,"CR1,DIRS,GYPSY,I,L1,LARD,RTE,TC1MARINER","DIRS,LINE,LTR,TIR","CLASSI,CLASSII",792,7953,3397.8625954198474,3654,42.77165523144288,43.00198807157057,GCA_018857735.1,ASM1885773v1,45.5,727552,refseq,animal,123,101
Helostoma temminkii,131,7,3,2,"CR1,I,LINE,RTE,SINE,TC1MARINER,TIR","LINE,SINE,TIR","CLASSI,CLASSII",105,2468,1197.2671755725191,1249,43.659526811721946,42.629107981220656,GCA_051991905.1,ASM5199190v1,39.5,119588,refseq,animal,350,286
Cantharellus anzutake,131,8,5,2,"COPIA,DIRS,GYPSY,HAT,HELITRON,L1,LINE,TC1MARINER","DIRS,HELITRON,LINE,LTR,TIR","CLASSI,CLASSII",1165,10220,5588.717557251908,5857,54.47938986113122,56.43065499867409,GCF_015039405.1,Cananz1,49.0,576606,refseq,hongo,75,61
Chloropsis hardwickii,131,5,4,2,"CR1,ERV,LTR,TIR,TRNA","LINE,LTR,SINE,TIR","CLASSI,CLASSII",120,8993,2649.206106870229,1109,48.69584522222807,50.08488964346349,GCA_013390065.1,ASM1339006v1,42.0,39381,refseq,animal,158,129
Callionymus lyra,130,10,4,2,"COPIA,CR1,DIRS,ERV,GYPSY,L1,LARD,LINE,RTE,TC1MARINER","DIRS,LINE,LTR,TIR","CLASSI,CLASSII",360,8235,3062.653846153846,3045,46.100456784878624,44.00185270958777,GCA_016630915.1,ASM1663091v1,39.0,2201294,refseq,animal,138,113
Ammodramus caudacutus,129,6,4,2,"CR1,ERV,LARD,LTR,TIR,TRNA","LINE,LTR,SINE,TIR","CLASSI,CLASSII",164,13514,4519.457364341085,4228,49.596039912506996,49.405611031859245,GCF_027887145.1,bAmmCau1.pri,43.5,8252193,refseq,animal,94,77
Agrilus cyanescens,129,15,4,2,"BELPAO,COPIA,CR1,GYPSY,HAT,HELITRON,I,LARD,LINE,MULE,P,PIFHARBINGER,R1,RTE,TC1MARINER","HELITRON,LINE,LTR,TIR","CLASSI,CLASSII",606,8997,3945.8837209302324,3621,36.637184826186406,34.93397358943577,GCA_947389935.1,icAgrCyan1.1,34.0,5283000,refseq,animal,108,88
Coilia nasus,129,13,5,2,"BELPAO,CR1,DIRS,ERV,GYPSY,L1,LARD,LINE,PIFHARBINGER,RTE,SINE,TC1MARINER,TIR","DIRS,LINE,LTR,SINE,TIR","CLASSI,CLASSII",126,8758,3823.829457364341,3441,47.10567880077827,46.95152423788106,GCA_027475355.1,ASM2747535v1,44.0,26648257,refseq,animal,111,91
Centroberyx gerrardi,127,12,5,2,"CR1,DIRS,ERV,GYPSY,HAT,L1,LINE,PIFHARBINGER,RTE,TC1MARINER,TIR,TRNA","DIRS,LINE,LTR,SINE,TIR","CLASSI,CLASSII",170,6040,2625.6220472440946,2615,43.37440157453124,42.22431668237512,GCF_026898505.1,AGI_CSIRO_Cger_v1,42.5,556002,refseq,animal,164,134
Coptotermes formosanus,127,13,5,2,"BELPAO,CR1,GYPSY,HELITRON,I,LINE,PIFHARBINGER,PIGGYBAC,R1,RTE,SINE,TC1MARINER,TRNA","HELITRON,LINE,LTR,SINE,TIR","CLASSI,CLASSII",251,7938,3014.7244094488187,3248,41.896546931332566,41.78033022254128,GCA_013340265.1,CopFor1.0,40.5,159654,refseq,animal,143,117
Ipomoea triloba,127,8,4,2,"COPIA,ERV,GYPSY,HAT,HELITRON,L1,LARD,MULE","HELITRON,LINE,LTR,TIR","CLASSI,CLASSII",510,12461,4462.992125984252,4560,41.52809767817977,42.018196856906535,GCF_003576645.1,ASM357664v1,35.5,74663,refseq,planta,97,79
Acipenser ruthenus,127,11,5,2,"CACTA,CR1,DIRS,GYPSY,HAT,I,L1,PIFHARBINGER,RTE,SINE,TC1MARINER","DIRS,LINE,LTR,SINE,TIR","CLASSI,CLASSII",489,6935,3568.1732283464567,3097,48.61775500464035,48.39968774395004,GCF_902713425.1,fAciRut3.2 maternal haplotype,40.0,8776027,refseq,animal,121,99
Puccinia coronata,127,6,2,2,"ACADEM-1,COPIA,GYPSY,HAT,LTR,TC1MARINER","LTR,TIR","CLASSI,CLASSII",134,13512,4993.322834645669,5589,45.91708119350769,44.95598660123082,GCA_002873125.1,ASM287312v1,44.5,268263,refseq,hongo,86,70
Nasonia vitripennis,127,18,6,2,"BELPAO,CACTA,COPIA,CR1,DIRS,GYPSY,HAT,HELITRON,I,KOLOBOK,LINE,LTR,MULE,PLE,R1,RTE,TC1MARINER,TIR","DIRS,HELITRON,LINE,LTR,PLE,TIR","CLASSI,CLASSII",534,18345,6033.385826771653,5188,41.3727685626366,41.275597269624576,GCF_009193385.2,Nvit_psr_1.1,41.0,7180486,refseq,animal,71,58
Daphnia pulex,127,17,4,2,"ACADEM-1,BELPAO,CACTA,COPIA,CR1,DIRS,GYPSY,I,L1,LINE,LTR,MULE,P,PIFHARBINGER,PIGGYBAC,TC1MARINER,TIR","DIRS,LINE,LTR,TIR","CLASSI,CLASSII",333,14242,5680.8740157480315,5276,46.41480388240478,46.02302009963924,GCF_021134715.1,ASM2113471v1,40.5,8301990,refseq,animal,76,62
Carex scoparia,125,9,4,2,"BELPAO,CACTA,COPIA,GYPSY,HELITRON,L1,LARD,MULE,RTE","HELITRON,LINE,LTR,TIR","CLASSI,CLASSII",596,10937,4606.528,4580,38.861625756098746,39.39026035343316,GCA_024447655.1,MSU_CaScop_1.0,34.0,1269691,refseq,planta,95,78
Choreutis nemorana,125,15,5,2,"BELPAO,COPIA,CR1,DIRS,GYPSY,HAT,HELITRON,I,LARD,LINE,MULE,PIFHARBINGER,R1,RTE,TC1MARINER","DIRS,HELITRON,LINE,LTR,TIR","CLASSI,CLASSII",327,12746,3577.712,3596,38.26522089628857,35.57245458386143,GCA_949316135.1,ilChoNemo1.1,35.0,6980553,refseq,animal,122,100
Parhyale hawaiensis,125,17,6,2,"BELPAO,CACTA,COPIA,CR1,GYPSY,HAT,HELITRON,I,LINE,MERLIN,PIFHARBINGER,PIGGYBAC,PLE,RTE,TC1MARINER,TIR,TRNA","HELITRON,LINE,LTR,PLE,SINE,TIR","CLASSI,CLASSII",110,11323,2030.144,1562,43.81703286895158,41.94277108433735,GCA_001587735.2,Phaw_5.0,41.0,10438,refseq,animal,216,177
Crataerina pallida,124,10,4,2,"COPIA,CR1,GYPSY,HELITRON,I,LINE,R1,RTE,TC1MARINER,TIR","HELITRON,LINE,LTR,TIR","CLASSI,CLASSII",198,14153,3795.4919354838707,4274,37.54439088304596,37.04103671706264,GCA_949710015.1,idCraPall2.1,33.0,3466619,refseq,animal,116,95
Lophius piscatorius,123,9,4,2,"CR1,DIRS,HAT,I,L1,LINE,RTE,SINE,TC1MARINER","DIRS,LINE,SINE,TIR","CLASSI,CLASSII",105,5452,1902.4471544715448,1636,44.98461708625477,44.55245781364637,GCA_009660295.1,BF2_Nord,40.0,104538,refseq,animal,235,192
Lineus longissimus,123,6,3,2,"BELPAO,COPIA,DIRS,GYPSY,KOLOBOK,LTR","DIRS,LTR,TIR","CLASSI,CLASSII",407,15908,6837.764227642277,6835,45.53383110323667,45.39607843137255,GCF_910592395.1,tnLinLong1.2,41.5,9910080,refseq,animal,65,53
Ciconia maguari,123,11,5,2,"CR1,CRYPTON,ERV,GYPSY,HAT,KOLOBOK,LARD,LINE,SINE,TIR,TRNA","CRYPTON,LINE,LTR,SINE,TIR","CLASSI,CLASSII",105,8581,3320.1463414634145,3603,49.978412733520294,51.86104218362283,GCA_017639555.1,bCicMag1.pri,42.0,23757428,refseq,animal,134,110
Fundulus heteroclitus,122,4,3,2,"DIRS,ERV,GYPSY,TC1MARINER","DIRS,LTR,TIR","CLASSI,CLASSII",1225,12960,6340.639344262295,5931,48.58209563070131,47.60921366163622,GCF_011125445.2,MU-UCD_Fhet_4.1,41.0,587965,refseq,animal,71,58
Trialeurodes vaporariorum,122,5,3,2,"BELPAO,COPIA,GYPSY,PLE,TC1MARINER","LTR,PLE,TIR","CLASSI,CLASSII",1605,18616,6747.180327868852,5856,39.35814318749708,38.76322510032835,GCA_011764245.1,ASM1176424v1,39.0,499458,refseq,animal,66,54
Picea abies,122,3,2,1,"COPIA,GYPSY,L1","LINE,LTR",CLASSI,3490,16486,8994.803278688525,8722,41.42905324698517,41.35210396039604,GCA_900067695.1,Pabies01,38.0,2966,refseq,planta,50,41
Callorhinchus milii,122,11,5,2,"CR1,ERV,HAT,HELITRON,L1,LINE,LTR,RTE,SINE,TC1MARINER,TIR","HELITRON,LINE,LTR,SINE,TIR","CLASSI,CLASSII",151,4482,2052.94262295082,1941,47.8556250159213,45.5458989679522,GCF_018977255.1,IMCB_Cmil_1.0,43.0,1626615,refseq,animal,219,179
Lasiurus borealis,121,8,5,2,"ERV,HAT,HELITRON,L1,LTR,PIGGYBAC,TC1MARINER,TRNA","HELITRON,LINE,LTR,SINE,TIR","CLASSI,CLASSII",110,6410,808.7851239669421,431,52.31615986954937,50.78369905956113,GCA_004026805.1,LasBor_v1_BIUU,42.5,35165,refseq,animal,562,459
Arctopsyche grandis,121,13,3,2,"BELPAO,CR1,GYPSY,HAT,I,LINE,LTR,MULE,PIGGYBAC,R1,RTE,TC1MARINER,TIR","LINE,LTR,TIR","CLASSI,CLASSII",324,11458,3115.1735537190084,3046,36.7209892040759,35.234998522021876,GCF_051622035.1,ASM5162203v2,34.0,29525130,refseq,animal,145,119
Sesamum indicum,121,6,3,2,"COPIA,ERV,GYPSY,L1,LARD,MULE","LINE,LTR,TIR","CLASSI,CLASSII",1136,12096,5449.462809917355,5449,40.6820134442686,40.01308329699084,GCF_000512975.1,S_indicum_v1.0,35.0,52169,refseq,planta,83,68
Amblyornis subalaris,121,7,5,2,"CR1,CRYPTON,ERV,LARD,RTE,TIR,TRNA","CRYPTON,LINE,LTR,SINE,TIR","CLASSI,CLASSII",127,8354,3220.685950413223,2739,49.7927249614127,50.22118742724098,GCA_018881555.1,ASM1888155v1,42.5,695827,refseq,animal,141,115
Lactarius indigo,120,6,2,2,"COPIA,GYPSY,HAT,MULE,TC1MARINER,TIR","LTR,TIR","CLASSI,CLASSII",3348,18588,7340.15,7009,52.99394697489726,53.246339910884785,GCA_025766275.1,Lacind1,51.0,767822,refseq,hongo,62,51
Bufo bufo,119,4,2,1,"BELPAO,DIRS,ERV,GYPSY","DIRS,LTR",CLASSI,4496,11984,6163.680672268908,5677,49.510797623736394,49.20494699646643,GCF_905171765.1,aBufBuf1.1,44.5,3959750,refseq,animal,74,61
Ancistrocerus nigricornis,118,17,5,2,"BELPAO,COPIA,CR1,DIRS,GYPSY,HAT,HELITRON,I,LARD,MERLIN,MULE,P,PIGGYBAC,R1,RTE,TC1MARINER,TIR","DIRS,HELITRON,LINE,LTR,TIR","CLASSI,CLASSII",525,12748,5791.1949152542375,5131,43.60772693752849,41.12074502247913,GCA_916049575.1,iyAncNigr1.1,40.0,18662773,refseq,animal,80,65
Petromyzon marinus,118,15,5,2,"CACTA,CR1,GYPSY,HAT,HELITRON,I,L1,LARD,LINE,P,RTE,SINE,TC1MARINER,TIR,TRNA","HELITRON,LINE,LTR,SINE,TIR","CLASSI,CLASSII",179,10645,2103.35593220339,1264,50.67353199986838,51.35520684736091,GCF_048934315.1,UKy_Petmar_22M1.pri1.0,48.0,4594409,refseq,animal,221,181
Dendropsophus ebraccatus,117,4,2,1,"BELPAO,DIRS,ERV,GYPSY","DIRS,LTR",CLASSI,588,11043,5832.102564102564,5532,47.782131377589906,47.52716373173473,GCF_027789765.1,aDenEbr1.pat,44.0,8808153,refseq,animal,80,65
Leptobrachium leishanense,117,5,3,1,"DIRS,ERV,GYPSY,L1,RTE","DIRS,LINE,LTR",CLASSI,4053,10421,6090.470085470086,5712,48.730449304536066,48.4364492266308,GCA_009667805.1,ASM966780v1,43.5,1946319,refseq,animal,77,63
Anoplius nigerrimus,116,13,4,2,"BELPAO,COPIA,CR1,DIRS,GYPSY,HAT,I,LARD,LINE,PIGGYBAC,R1,RTE,TC1MARINER","DIRS,LINE,LTR,TIR","CLASSI,CLASSII",555,18849,5422.551724137931,5161,45.001675728129136,45.10521500457457,GCA_914767735.1,iyAnoNige1.1,43.5,1681933,refseq,animal,87,71
Drosophila eugracilis,116,11,4,2,"BELPAO,CACTA,COPIA,CR1,GYPSY,HAT,HELITRON,I,PIGGYBAC,R1,TC1MARINER","HELITRON,LINE,LTR,TIR","CLASSI,CLASSII",240,9769,4816.491379310345,5223,40.986941819415684,40.366505472130314,GCF_018153835.1,ASM1815383v1,40.5,2288481,refseq,animal,98,80
Anoplopoma fimbria,116,15,6,2,"COPIA,CR1,DIRS,GYPSY,HAT,HELITRON,I,L1,LINE,PIFHARBINGER,PIGGYBAC,RTE,SINE,TC1MARINER,TIR","DIRS,HELITRON,LINE,LTR,SINE,TIR","CLASSI,CLASSII",174,7907,2491.9827586206898,1971,45.810424456999,43.90547263681592,GCF_027596085.1,Afim_UVic_2022,40.5,2569385,refseq,animal,190,155
Ornithorhynchus anatinus,115,11,4,2,"CR1,ERV,GYPSY,HAT,LINE,LTR,P,RTE,SINE,TC1MARINER,TIR","LINE,LTR,SINE,TIR","CLASSI,CLASSII",117,13103,1838.121739130435,1339,50.58268138652027,51.0548523206751,GCF_004115215.2,mOrnAna1.pri.v4,46.0,15146802,refseq,animal,260,212
Stratiolaelaps scimitus,114,9,4,2,"BELPAO,CR1,GYPSY,HELITRON,I,LINE,R1,RTE,TC1MARINER","HELITRON,LINE,LTR,TIR","CLASSI,CLASSII",696,9105,3027.8245614035086,3125,50.63681169082186,48.33524684270953,GCA_019614645.1,ASM1961464v1,46.0,7661860,refseq,animal,159,130
Oikopleura dioica,113,5,4,2,"CR1,GYPSY,HAT,PLE,TIR","LINE,LTR,PLE,TIR","CLASSI,CLASSII",217,15167,5019.345132743363,5297,41.26676199861169,41.62679425837321,GCA_907165135.1,OKI2018_I68_1.0,41.0,4700139,refseq,animal,96,79
Blumeria hordei,113,5,3,1,"COPIA,GYPSY,LINE,LTR,TRNA","LINE,LTR,SINE",CLASSI,386,7957,5333.345132743363,5626,43.77818676019773,43.45754636719414,GCA_900239735.1,BGH_DH14_v4,43.5,1386998,refseq,hongo,91,74
Talpa occidentalis,113,10,4,2,"ALU,ERV,HAT,L1,LARD,LTR,MULE,PIGGYBAC,TC1MARINER,TRNA","LINE,LTR,SINE,TIR","CLASSI,CLASSII",106,10307,1963.867256637168,532,43.91231832090815,43.169398907103826,GCF_014898055.3,MPIMG_talOcc4v2.1,42.0,2628036,refseq,animal,247,202
Drosophila mojavensis,113,11,4,2,"BELPAO,CACTA,COPIA,GYPSY,HAT,HELITRON,I,P,PIGGYBAC,R1,TC1MARINER","HELITRON,LINE,LTR,TIR","CLASSI,CLASSII",262,12181,4098.477876106194,3136,38.17417218544739,36.77955271565495,GCF_018153725.1,ASM1815372v1,39.5,24882697,refseq,animal,118,97
Takifugu flavidus,113,16,4,2,"BELPAO,CR1,ERV,GYPSY,HAT,L1,LARD,LINE,LTR,P,PIFHARBINGER,PIGGYBAC,RTE,SINE,TC1MARINER,TIR","LINE,LTR,SINE,TIR","CLASSI,CLASSII",223,8751,2724.2035398230087,1835,48.699347689552546,47.58789860997547,GCF_003711565.1,ASM371156v2,45.5,4357567,refseq,animal,178,146
Aphelocoma californica,113,7,4,2,"COPIA,CR1,ERV,LARD,LTR,TIR,TRNA","LINE,LTR,SINE,TIR","CLASSI,CLASSII",118,18951,4568.424778761062,4087,49.90183707451363,50.505050505050505,GCA_028536675.1,bAphCal1.0.hap1,44.5,11534525,refseq,animal,106,87
Ciona savignyi,112,19,5,2,"ACADEM-1,BELPAO,CACTA,GYPSY,HAT,HELITRON,I,KOLOBOK,L1,LINE,LTR,MULE,P,PIFHARBINGER,PIGGYBAC,RTE,TC1MARINER,TIR,TRNA","HELITRON,LINE,LTR,SINE,TIR","CLASSI,CLASSII",187,8737,4113.473214285715,4484,40.92758742383727,40.96177558569667,GCA_000149265.1,ASM14926v1,37.0,22563,refseq,animal,119,97
Arachis ipaensis,111,8,5,2,"CACTA,COPIA,GYPSY,HELITRON,L1,MULE,RTE,TRNA","HELITRON,LINE,LTR,SINE,TIR","CLASSI,CLASSII",187,12916,6730.612612612613,5486,42.26240085862337,41.73652694610778,GCF_000816755.2,Araip1.1,37.0,24488,refseq,planta,73,60
Dermacentor silvarum,111,5,2,1,"CR1,I,L1,RTE,TRNA","LINE,SINE",CLASSI,237,5950,5145.351351351352,5419,48.8327800580146,49.45641025641025,GCF_013339745.2,BIME_Dsil_1.4,47.0,339999,refseq,animal,96,78
Antechinus flavipes,111,15,4,2,"ALU,CR1,ERV,GYPSY,HAT,L1,LARD,LINE,LTR,P,RTE,SINE,TC1MARINER,TIR,TRNA","LINE,LTR,SINE,TIR","CLASSI,CLASSII",104,7661,2633.4594594594596,1720,40.52721213081772,40.816326530612244,GCF_016432865.1,AdamAnt_v2,36.0,51843704,refseq,animal,188,153
Styela clava,110,12,4,2,"BELPAO,COPIA,CR1,GYPSY,HAT,HELITRON,I,L1,LINE,MULE,P,PIFHARBINGER","HELITRON,LINE,LTR,TIR","CLASSI,CLASSII",606,8419,3992.5636363636363,4287,36.86444282509233,36.70239918325676,GCF_013122585.1,ASM1312258v2,35.5,735968,refseq,animal,125,102
Acridotheres tristis,109,6,5,2,"CR1,CRYPTON,ERV,LARD,SINE,TIR","CRYPTON,LINE,LTR,SINE,TIR","CLASSI,CLASSII",125,10667,2691.3119266055046,1119,48.200691648279964,49.32330827067669,GCA_037013685.1,AcTris_vAus2.0,42.0,10406399,refseq,animal,187,153
Bombyx mori,109,17,6,2,"ACADEM-1,BELPAO,CACTA,COPIA,CR1,DIRS,GYPSY,HELITRON,I,LINE,LTR,PIFHARBINGER,R1,RTE,SINE,TC1MARINER,TRNA","DIRS,HELITRON,LINE,LTR,SINE,TIR","CLASSI,CLASSII",211,8018,4155.05504587156,4702,42.7991064444573,40.68129708483459,GCF_030269925.1,ASM3026992v2,38.5,15957419,refseq,animal,121,99
Dendrolimus punctatus,109,4,2,1,"BELPAO,COPIA,DIRS,GYPSY","DIRS,LTR",CLASSI,3222,11348,5222.266055045871,4728,39.184121230249175,39.033841384655126,GCA_012273795.1,ASM1227379v1,36.0,1359888,refseq,animal,96,79
Pisolithus microcarpus,108,7,3,2,"COPIA,GYPSY,HAT,HELITRON,PIFHARBINGER,TC1MARINER,TIR","HELITRON,LTR,TIR","CLASSI,CLASSII",671,11267,5028.398148148148,5161,50.80403691576482,50.87784833769145,GCA_024613185.1,Pismi2,49.0,1409943,refseq,hongo,101,82
Rhipicephalus sanguineus,108,5,1,1,"CR1,I,L1,R1,RTE",LINE,CLASSI,1494,5991,4849.731481481482,5287,47.34323516168625,47.91466922339406,GCF_013339695.2,BIME_Rsan_1.4,47.0,541094,refseq,animal,105,85
Austropuccinia psidii,107,9,3,2,"CACTA,COPIA,GYPSY,HAT,HELITRON,LARD,PIFHARBINGER,TC1MARINER,TIR","HELITRON,LTR,TIR","CLASSI,CLASSII",1477,13029,6178.691588785046,5238,37.26941664582318,37.635591888067914,GCA_023105745.2,Au3_v3_hapA,34.0,37086052,refseq,hongo,83,68
Tupaia belangeri,107,4,4,2,"ERV,L1,TC1MARINER,TRNA","LINE,LTR,SINE,TIR","CLASSI,CLASSII",176,8191,1030.1028037383178,542,47.29593887381419,46.9557964970809,GCA_000181375.1,ASM18137v1,41.5,2974,refseq,animal,498,408
Ascidia mentula,107,7,3,2,"BELPAO,CR1,GYPSY,L1,LINE,P,PIFHARBINGER","LINE,LTR,TIR","CLASSI,CLASSII",885,11044,4802.532710280374,4772,44.27416250822513,45.3774385072095,GCA_947561715.1,kaAscMent1.1,39.0,11890000,refseq,animal,107,87
Scleropages formosus,106,9,4,2,"BELPAO,CR1,GYPSY,I,L1,LINE,RTE,SINE,TC1MARINER","LINE,LTR,SINE,TIR","CLASSI,CLASSII",221,14139,3175.8396226415093,3227,48.98957864681543,49.01158827539195,GCF_900964775.1,fSclFor1.1,44.0,9102216,refseq,animal,163,133
Brachyistius frenatus,105,11,5,2,"CR1,DIRS,GYPSY,HAT,I,L1,LINE,P,RTE,SINE,TC1MARINER","DIRS,LINE,LTR,SINE,TIR","CLASSI,CLASSII",112,5987,2258.733333333333,1662,45.516033268994015,44.24131627056673,GCF_029030835.1,ASM2903083v1,42.0,2589815,refseq,animal,231,189
Cyprinus carpio,104,14,5,2,"CR1,CRYPTON,HAT,KOLOBOK,LINE,LTR,MERLIN,MULE,P,PIFHARBINGER,PIGGYBAC,TC1MARINER,TIR,TRNA","CRYPTON,LINE,LTR,SINE,TIR","CLASSI,CLASSII",136,4840,1034.6346153846155,878,40.616625586811395,40.99797707349966,GCF_018340385.1,ASM1834038v1,37.0,1558716,refseq,animal,511,418
Drosophila bipectinata,104,15,4,2,"BELPAO,CACTA,COPIA,CR1,GYPSY,HAT,HELITRON,I,KOLOBOK,P,PIGGYBAC,R1,RTE,TC1MARINER,TIR","HELITRON,LINE,LTR,TIR","CLASSI,CLASSII",498,9425,4022.2596153846152,4216,40.630896570626426,39.48611373512186,GCF_030179905.1,DbipHiC1v2,41.5,18718568,refseq,animal,131,107
Pogonomyrmex barbatus,102,17,6,2,"ACADEM-1,BELPAO,DIRS,GYPSY,HAT,HELITRON,KOLOBOK,LINE,LTR,MERLIN,MULE,P,PLE,R1,RTE,TC1MARINER,TIR","DIRS,HELITRON,LINE,LTR,PLE,TIR","CLASSI,CLASSII",138,15030,3905.1470588235293,1785,39.89516264663487,39.03225806451613,GCF_000187915.1,Pbar_UMD_V03,36.5,11605,refseq,animal,138,112
Ficus carica,101,9,4,2,"CACTA,COPIA,GYPSY,HAT,HELITRON,L1,LARD,MULE,PIFHARBINGER","HELITRON,LINE,LTR,TIR","CLASSI,CLASSII",827,18099,6239.1287128712875,5466,37.446989776745184,39.55673331727294,GCA_042847195.1,FCA_r2.3,34.0,2043694,refseq,planta,87,71
Craseonycteris thonglongyai,101,7,4,2,"ERV,HAT,L1,PIGGYBAC,SINE,TC1MARINER,TRNA","LINE,LTR,SINE,TIR","CLASSI,CLASSII",110,4727,720.6039603960396,389,46.448763869069005,46.285714285714285,GCA_004027555.1,CraTho_v1_BIUU,41.0,23218,refseq,animal,755,618
Halcyon senegalensis,100,4,3,2,"CR1,ERV,TC1MARINER,TIR","LINE,LTR,TIR","CLASSI,CLASSII",125,4780,2750.35,2843,49.713958335183285,49.791162892943504,GCA_013397595.1,ASM1339759v1,42.0,95631,refseq,animal,199,163
Clupea harengus,100,2,2,1,"DIRS,GYPSY","DIRS,LTR",CLASSI,3373,9365,6038.68,5775,48.78051845216179,47.76056039057525,GCF_900700415.2,Ch_v2.0.2,44.0,1006413,refseq,animal,91,74
Hyalomma asiaticum,100,5,1,1,"CR1,I,L1,LINE,RTE",LINE,CLASSI,1263,5988,4491.14,4913,46.251392762314666,45.558422410615556,GCA_013339685.2,BIME_Hyas_1.3,46.5,555418,refseq,animal,122,100
Pelodiscus sinensis,99,10,6,2,"CR1,DIRS,ERV,L1,LINE,PIFHARBINGER,PLE,RTE,TC1MARINER,TRNA","DIRS,LINE,LTR,PLE,SINE,TIR","CLASSI,CLASSII",207,12993,4367.595959595959,4019,50.472976111394864,49.787804333258876,GCF_049634645.1,ASM4963464v1,45.5,107607917,refseq,animal,127,104
Jatropha curcas,98,9,4,2,"CACTA,COPIA,GYPSY,HAT,L1,MULE,RTE,TC1MARINER,TRNA","LINE,LTR,SINE,TIR","CLASSI,CLASSII",167,12755,5335.734693877551,4928,38.739610022075574,38.92061153066863,GCF_014843425.1,RJC1_Hi-C,33.5,134284,refseq,planta,105,86
Megaderma lyra,98,6,4,2,"ERV,HAT,L1,PIGGYBAC,TC1MARINER,TRNA","LINE,LTR,SINE,TIR","CLASSI,CLASSII",96,3744,639.6020408163265,507,44.544777089148035,44.543828264758496,GCA_004026885.1,MegLyr_v1_BIUU,41.0,71674,refseq,animal,877,717
Apeltes quadracus,98,14,5,2,"BELPAO,COPIA,CR1,DIRS,ERV,GYPSY,HAT,I,L1,LARD,PIFHARBINGER,RTE,SINE,TC1MARINER","DIRS,LINE,LTR,SINE,TIR","CLASSI,CLASSII",189,11712,2996.6632653061224,2264,49.38384029389291,49.12379875635953,GCA_048569185.1,Unibe_ApeQuad_male_1.0,44.5,10464960,refseq,animal,187,153
Gigantidas platifrons,98,9,3,2,"ACADEM-1,CR1,HAT,L1,MULE,PIFHARBINGER,PIGGYBAC,PLE,TC1MARINER","LINE,PLE,TIR","CLASSI,CLASSII",1349,6370,3476.918367346939,3823,38.081435006041886,38.86509635974304,GCA_040955395.1,ASM4095539v1,34.5,28064,refseq,animal,161,132
Ricinus communis,97,11,4,2,"COPIA,GYPSY,HAT,HELITRON,L1,LTR,MULE,PIFHARBINGER,RTE,TC1MARINER,TIR","HELITRON,LINE,LTR,TIR","CLASSI,CLASSII",405,13140,5314.216494845361,4974,38.08236448228346,38.57142857142858,GCF_019578655.1,ASM1957865v1,33.0,7311548,refseq,planta,106,87
Procavia capensis,96,6,4,2,"ERV,L1,PIGGYBAC,RTE,TC1MARINER,TRNA","LINE,LTR,SINE,TIR","CLASSI,CLASSII",164,8786,1851.4479166666667,559,49.032050513857115,49.20318725099602,GCA_000152225.2,Pcap_2.0,41.0,35792,refseq,animal,309,253
Andrena haemorrhoa,96,14,5,2,"BELPAO,COPIA,CR1,DIRS,GYPSY,HAT,HELITRON,I,LARD,LTR,PIGGYBAC,R1,RTE,TC1MARINER","DIRS,HELITRON,LINE,LTR,TIR","CLASSI,CLASSII",735,16917,6335.791666666667,6392,43.730027033276535,42.69420468557337,GCA_910592295.1,iyAndHaem1.1,44.0,13237341,refseq,animal,90,73
Tetrapyrgos nigripes,95,11,5,2,"COPIA,DIRS,GYPSY,HAT,HELITRON,L1,LINE,PIFHARBINGER,RTE,TC1MARINER,TIR","DIRS,HELITRON,LINE,LTR,TIR","CLASSI,CLASSII",605,10290,6046.4,6665,44.69217661590216,45.26037916966643,GCA_013368315.1,LU_TEN_1.0,46.0,343893,refseq,hongo,95,78
Mugil cephalus,95,13,5,2,"BELPAO,CR1,DIRS,ERV,GYPSY,HAT,L1,LINE,PIGGYBAC,RTE,SINE,TC1MARINER,TIR","DIRS,LINE,LTR,SINE,TIR","CLASSI,CLASSII",142,9301,2082.4736842105262,1507,44.44289726221758,42.81481481481482,GCF_022458985.1,CIBA_Mcephalus_1.1,42.0,20153794,refseq,animal,278,227
Alloplasta piceator,95,15,5,2,"BELPAO,CR1,DIRS,GYPSY,HAT,HELITRON,I,LARD,LINE,MULE,P,PIGGYBAC,R1,RTE,TC1MARINER","DIRS,HELITRON,LINE,LTR,TIR","CLASSI,CLASSII",573,14281,5258.968421052631,5282,43.723990158919264,43.52839434995676,GCA_946863875.1,iyAllPice1.1,36.0,1119203,refseq,animal,110,90
Spermophilus dauricus,94,5,3,1,"ALU,ERV,L1,LTR,SINE","LINE,LTR,SINE",CLASSI,85,8963,1630.6382978723404,652,46.73758874076104,47.40634005763689,GCA_002406435.1,ASM240643v1,40.0,34849,refseq,animal,358,293
Neogobius melanostomus,94,5,3,2,"COPIA,DIRS,ERV,GYPSY,TC1MARINER","DIRS,LTR,TIR","CLASSI,CLASSII",875,13792,6508.829787234043,6100,49.28359174073705,48.170038645146626,GCA_007210695.1,RGoby_Basel_V2,41.5,2817412,refseq,animal,89,73
Phalacrocorax carbo,94,8,4,2,"CR1,ERV,GYPSY,HAT,LARD,LINE,LTR,SINE","LINE,LTR,SINE,TIR","CLASSI,CLASSII",100,8353,3462.021276595745,3981,51.46797613017147,52.16726160122387,GCF_963921805.1,bPhaCar2.1,43.5,4631399,refseq,animal,169,138
Indicator indicator,93,4,4,2,"CR1,CRYPTON,ERV,TIR","CRYPTON,LINE,LTR,TIR","CLASSI,CLASSII",172,7667,2661.3225806451615,2993,51.52663545034274,51.712707182320436,GCF_027791375.1,UM_Iind_1.1,43.5,8710530,refseq,animal,222,181
Juncus effusus,93,8,4,2,"CACTA,COPIA,GYPSY,HAT,HELITRON,L1,LARD,MULE","HELITRON,LINE,LTR,TIR","CLASSI,CLASSII",510,14657,4854.612903225807,5087,40.64590724871182,40.59139784946236,GCA_027726005.1,MPIPZ_junEff1m_1,33.5,10907635,refseq,planta,121,99
Arachis hypogaea,93,7,4,2,"CACTA,GYPSY,HAT,HELITRON,MULE,PIFHARBINGER,TRNA","HELITRON,LTR,SINE,TIR","CLASSI,CLASSII",186,19429,7143.354838709677,5904,39.522898468525455,38.704753597906674,GCF_003086295.3,arahy.Tifrunner.gnm2.J5K5,36.5,1493114,refseq,planta,82,67
Leptopilina boulardi,93,15,5,2,"BELPAO,CACTA,COPIA,CR1,DIRS,GYPSY,HAT,HELITRON,I,LINE,MULE,PIGGYBAC,R1,RTE,TC1MARINER","DIRS,HELITRON,LINE,LTR,TIR","CLASSI,CLASSII",611,11626,5509.591397849463,5349,35.38044293206415,35.12634204533131,GCF_019393585.1,ZJU_Lbou_2.1,28.0,1941709,refseq,animal,107,87
Spelaeornis formosus,93,6,4,2,"CR1,ERV,LARD,SINE,TIR,TRNA","LINE,LTR,SINE,TIR","CLASSI,CLASSII",117,7632,2547.978494623656,1437,48.38418751709248,48.61710225831008,GCA_013398795.1,ASM1339879v1,41.0,43159,refseq,animal,232,189
Rhizomys pruinosus,93,5,3,1,"ALU,ERV,L1,LTR,SINE","LINE,LTR,SINE",CLASSI,154,6199,1615.9354838709678,1342,46.48416164187654,46.9601677148847,GCA_009823505.1,RhiPru_1.0,41.5,103291,refseq,animal,365,299
Albula goreensis,93,10,4,2,"BELPAO,CR1,ERV,GYPSY,L1,LARD,LINE,RTE,SINE,TC1MARINER","LINE,LTR,SINE,TIR","CLASSI,CLASSII",154,8235,3738.483870967742,3714,48.0798183001536,49.82104509663564,GCA_022829145.1,AGOR_1.0,41.5,17514905,refseq,animal,158,129
Rhodocollybia butyracea,92,8,4,2,"COPIA,DIRS,GYPSY,HELITRON,L1,LARD,LTR,RTE","DIRS,HELITRON,LINE,LTR","CLASSI,CLASSII",1356,14691,5469.010869565217,5166,48.07900157519202,48.12233836624081,GCA_015501585.1,Rhobut1_1,45.5,155419,refseq,hongo,109,89
Drosophila ficusphila,92,18,5,2,"BELPAO,CACTA,COPIA,CR1,GYPSY,HAT,HELITRON,I,KOLOBOK,MERLIN,MULE,PIFHARBINGER,PIGGYBAC,PLE,R1,RTE,TC1MARINER,TIR","HELITRON,LINE,LTR,PLE,TIR","CLASSI,CLASSII",184,9862,2850.413043478261,1709,40.040156994972975,37.99705449189985,GCF_018152265.1,ASM1815226v1,41.0,9958166,refseq,animal,209,171
Agelas oroides,92,13,5,2,"BELPAO,CR1,DIRS,GYPSY,HAT,HELITRON,I,LINE,MERLIN,MULE,PIFHARBINGER,RTE,TC1MARINER","DIRS,HELITRON,LINE,LTR,TIR","CLASSI,CLASSII",960,8779,3588.0434782608695,3617,45.99707847631597,46.15062761506276,GCA_949130485.1,odAgeOroi1.1,44.5,2293598,refseq,animal,166,136
Atlantisia rogersi,92,9,5,2,"CR1,CRYPTON,ERV,LARD,MERLIN,SINE,TC1MARINER,TIR,TRNA","CRYPTON,LINE,LTR,SINE,TIR","CLASSI,CLASSII",102,5978,1921.391304347826,1257,50.153762974984254,50.810429880197326,GCA_013401215.1,ASM1340121v1,43.5,36139,refseq,animal,311,254
Helicoverpa armigera,91,6,4,2,"BELPAO,COPIA,DIRS,GYPSY,TC1MARINER,TRNA","DIRS,LTR,SINE,TIR","CLASSI,CLASSII",306,8746,5824.043956043956,5950,41.234469584254676,40.706605222734254,GCF_030705265.1,ASM3070526v1,36.5,11585164,refseq,animal,103,84
Hypocryptadius cinnamomeus,91,9,5,2,"CR1,CRYPTON,ERV,LTR,PIFHARBINGER,SINE,TC1MARINER,TIR,TRNA","CRYPTON,LINE,LTR,SINE,TIR","CLASSI,CLASSII",120,4118,896.2417582417582,576,47.14202542414226,48.97959183673469,GCA_013400635.1,ASM1340063v1,43.0,23460,refseq,animal,674,551
Burhinus oedicnemus,91,8,4,2,"CR1,ERV,GYPSY,HAT,P,SINE,TC1MARINER,TIR","LINE,LTR,SINE,TIR","CLASSI,CLASSII",147,4609,2899.3846153846152,3131,51.49833932022172,52.02147820593809,GCA_008921705.1,REN_Boedic_1.0,42.0,93678,refseq,otro,208,170
Chloropsis cyanopogon,90,8,5,2,"CR1,CRYPTON,ERV,HAT,LTR,SINE,TIR,TRNA","CRYPTON,LINE,LTR,SINE,TIR","CLASSI,CLASSII",116,3730,1059.2444444444445,668,46.51212228960529,48.756218905472636,GCA_013400585.1,ASM1340058v1,42.5,24720,refseq,animal,576,472
Hippoglossus hippoglossus,88,12,5,2,"CR1,DIRS,GYPSY,HAT,I,L1,LARD,LINE,PIFHARBINGER,SINE,TC1MARINER,TIR","DIRS,LINE,LTR,SINE,TIR","CLASSI,CLASSII",110,9657,2510.7727272727275,1628,45.03022148826268,43.960149439601494,N/A,N/A,,,failed,animal,248,203
Indicator maculatus,88,6,4,2,"CR1,ERV,HAT,LARD,SINE,TIR","LINE,LTR,SINE,TIR","CLASSI,CLASSII",116,3515,1670.6931818181818,1400,51.92043500056993,51.56462585034014,N/A,N/A,,,failed,animal,374,306
Cannabis sativa,88,8,3,2,"COPIA,GYPSY,HAT,HELITRON,LTR,MULE,PIFHARBINGER,TC1MARINER","HELITRON,LTR,TIR","CLASSI,CLASSII",194,14082,5555.693181818182,6286,37.27814957079337,37.105909005097224,N/A,N/A,,,failed,desconocido,112,92
Linepithema humile,88,16,5,2,"BELPAO,CACTA,COPIA,GYPSY,HAT,HELITRON,I,KOLOBOK,LTR,MULE,P,PIFHARBINGER,PIGGYBAC,PLE,R1,TC1MARINER","HELITRON,LINE,LTR,PLE,TIR","CLASSI,CLASSII",616,19185,4476.579545454545,4725,40.989351996978456,41.48834238262536,N/A,N/A,,,failed,desconocido,139,114
Pygocentrus nattereri,88,4,2,2,"BELPAO,ERV,GYPSY,TC1MARINER","LTR,TIR","CLASSI,CLASSII",623,14008,6730.068181818182,7127,46.31613782266363,45.622451427200765,N/A,N/A,,,failed,desconocido,92,75
Eragrostis tef,88,12,5,2,"CACTA,COPIA,GYPSY,HELITRON,L1,LTR,P,PIFHARBINGER,RTE,SINE,TIR,TRNA","HELITRON,LINE,LTR,SINE,TIR","CLASSI,CLASSII",100,8519,2165.5,1626,47.16274115376553,45.72490706319702,N/A,N/A,,,failed,desconocido,288,236
Anas platyrhynchos,88,8,4,2,"CR1,ERV,GYPSY,LTR,SINE,TC1MARINER,TIR,TRNA","LINE,LTR,SINE,TIR","CLASSI,CLASSII",120,11189,3110.375,3682,51.623406630620345,53.136382031566164,N/A,N/A,,,failed,desconocido,200,164
Gymnobelideus leadbeateri,87,13,4,2,"ALU,CR1,ERV,HAT,L1,LARD,LINE,LTR,P,RTE,SINE,TC1MARINER,TRNA","LINE,LTR,SINE,TIR","CLASSI,CLASSII",150,11579,1857.2068965517242,781,42.96253480028249,43.45762711864406,GCA_011680675.1,LBP_v1,39.0,500778,refseq,otro,340,278
Papilio polytes,87,17,6,2,"BELPAO,CACTA,CR1,DIRS,GYPSY,HAT,HELITRON,I,LINE,LTR,PIFHARBINGER,PIGGYBAC,R1,RTE,TC1MARINER,TIR,TRNA","DIRS,HELITRON,LINE,LTR,SINE,TIR","CLASSI,CLASSII",111,5389,1204.8850574712644,721,39.88201118826505,38.80070546737213,N/A,N/A,,,failed,desconocido,524,429
Sinella curviseta,87,2,1,1,"BELPAO,GYPSY",LTR,CLASSI,4485,12850,6361.597701149425,6430,45.24938184461993,45.296922410056354,GCA_004115045.4,ASM411504v4,37.5,828651,refseq,animal,99,81
Bucco capensis,87,5,4,2,"CR1,CRYPTON,ERV,RTE,TIR","CRYPTON,LINE,LTR,TIR","CLASSI,CLASSII",254,3910,1694.8735632183907,1657,49.61530475940713,49.734325185972374,N/A,N/A,,,failed,animal,372,305
Ictalurus punctatus,87,9,5,2,"CR1,DIRS,ERV,GYPSY,HELITRON,L1,LARD,RTE,TC1MARINER","DIRS,HELITRON,LINE,LTR,TIR","CLASSI,CLASSII",646,14441,3373.793103448276,2035,45.30442148070093,42.16,GCF_001660625.3,Coco_2.0,40.0,20961409,refseq,otro,187,153
Culicoides sonorensis,86,9,3,2,"COPIA,CR1,GYPSY,HAT,I,L1,LINE,R1,RTE","LINE,LTR,TIR","CLASSI,CLASSII",543,5033,3079.6744186046512,3391,35.681108128243665,33.33333333333333,GCA_047716325.1,idCulSono.KS.ABADRU.1.0.female,28.5,32631214,refseq,animal,207,169
Empidonax traillii,86,7,4,2,"CR1,ERV,HAT,RTE,SINE,TIR,TRNA","LINE,LTR,SINE,TIR","CLASSI,CLASSII",113,6927,2113.7441860465115,1499,50.689606047426224,50.58317986494782,N/A,N/A,,,failed,animal,302,247
Cinclus mexicanus,86,6,4,2,"CR1,ERV,RTE,SINE,TIR,TRNA","LINE,LTR,SINE,TIR","CLASSI,CLASSII",105,4477,1290.4767441860465,661,47.58514464985041,48.96214896214896,N/A,N/A,,,failed,desconocido,495,405
Cynara cardunculus,85,9,4,2,"COPIA,ERV,GYPSY,HAT,HELITRON,L1,LARD,LTR,TIR","HELITRON,LINE,LTR,TIR","CLASSI,CLASSII",833,13572,5234.764705882353,5116,40.191743081485164,40.66653036188919,GCF_001531365.2,CcrdV1.1,35.5,19407,refseq,otro,123,101
Solen grandis,85,12,3,2,"ACADEM-1,CR1,HAT,KOLOBOK,L1,LINE,MULE,PIFHARBINGER,RTE,SINE,TC1MARINER,TRNA","LINE,SINE,TIR","CLASSI,CLASSII",136,7085,3543.3882352941177,3873,39.17131113152041,38.47238542890717,N/A,N/A,,,failed,animal,182,149
Chrysopa pallens,85,12,4,2,"BELPAO,COPIA,CR1,GYPSY,HAT,HELITRON,I,L1,LINE,R1,RTE,TC1MARINER","HELITRON,LINE,LTR,TIR","CLASSI,CLASSII",672,8323,3415.7764705882355,3278,38.2776379298582,35.56375131717597,N/A,N/A,,,failed,desconocido,189,154
Yoshiicerus persimilis,84,11,4,2,"BELPAO,COPIA,CR1,GYPSY,HELITRON,LINE,P,PIGGYBAC,R1,RTE,TC1MARINER","HELITRON,LINE,LTR,TIR","CLASSI,CLASSII",1062,11579,4910.761904761905,4660,38.09604166243691,38.25250047178713,N/A,N/A,,,failed,animal,133,109
Dromiciops gliroides,84,15,4,2,"ALU,CR1,ERV,GYPSY,HAT,L1,LARD,LINE,LTR,P,RTE,SINE,TC1MARINER,TIR,TRNA","LINE,LTR,SINE,TIR","CLASSI,CLASSII",107,6997,1357.0,745,42.783952296617855,42.584315318976024,N/A,N/A,,,failed,desconocido,482,394
Trichogramma brassicae,84,14,6,2,"BELPAO,COPIA,CR1,DIRS,GYPSY,HELITRON,I,LARD,LINE,PIFHARBINGER,PIGGYBAC,R1,SINE,TC1MARINER","DIRS,HELITRON,LINE,LTR,SINE,TIR","CLASSI,CLASSII",369,13930,5267.0,5118,46.636613912962304,46.043693776390676,GCA_902806795.1,TRIGBR_hybrid,40.0,556663,refseq,otro,124,101
Calcarius ornatus,84,7,5,2,"CR1,CRYPTON,ERV,LARD,LTR,TIR,TRNA","CRYPTON,LINE,LTR,SINE,TIR","CLASSI,CLASSII",161,5903,1108.9880952380952,630,48.01493283057094,49.76331360946746,GCA_013397715.1,ASM1339771v1,42.0,52433,refseq,animal,590,483
Dunaliella primolecta,84,8,4,2,"COPIA,DIRS,GYPSY,HAT,L1,LINE,RTE,TIR","DIRS,LINE,LTR,TIR","CLASSI,CLASSII",1080,19516,4226.988095238095,4031,48.21292655947662,48.126591487813755,N/A,N/A,,,failed,desconocido,154,126
Citrullus lanatus,84,9,4,2,"CACTA,COPIA,GYPSY,HAT,L1,LARD,MULE,PIFHARBINGER,SINE","LINE,LTR,SINE,TIR","CLASSI,CLASSII",216,9648,4518.785714285715,5072,40.7918037284855,39.964511041009466,N/A,N/A,,,failed,planta,144,118
Setaria italica,84,8,5,2,"CACTA,COPIA,GYPSY,HAT,HELITRON,MULE,RTE,TRNA","HELITRON,LINE,LTR,SINE,TIR","CLASSI,CLASSII",153,14751,5806.452380952381,5314,51.15353823827098,50.18701870187019,N/A,N/A,,,failed,planta,112,92
Onychomys torridus,83,6,4,2,"ALU,ERV,HAT,L1,LTR,SINE","LINE,LTR,SINE,TIR","CLASSI,CLASSII",84,8729,1548.4096385542168,558,46.86032410292843,46.24277456647399,N/A,N/A,,,failed,desconocido,427,350
Dasypus novemcinctus,83,7,4,2,"ERV,HAT,L1,LTR,SINE,TC1MARINER,TRNA","LINE,LTR,SINE,TIR","CLASSI,CLASSII",90,7252,1422.301204819277,576,48.80842595463496,47.81216648879402,GCF_030445035.2,mDasNov1.1.hap2,41.0,13963394,refseq,otro,465,381
Anabas testudineus,83,9,5,2,"CR1,ERV,GYPSY,HELITRON,I,LINE,RTE,SINE,TC1MARINER","HELITRON,LINE,LTR,SINE,TIR","CLASSI,CLASSII",311,9807,2373.710843373494,1624,44.94914553372429,43.656716417910445,N/A,N/A,,,failed,desconocido,279,228
Drosophila virilis,83,13,4,2,"BELPAO,CACTA,COPIA,CR1,GYPSY,HAT,HELITRON,I,P,PIFHARBINGER,R1,TC1MARINER,TIR","HELITRON,LINE,LTR,TIR","CLASSI,CLASSII",108,10725,4905.22891566265,5178,41.271745260329006,39.99119136754019,GCF_030788295.1,Dvir_AGI_RSII-ME,40.5,29144718,refseq,otro,135,110
Catharus fuscescens,82,9,5,2,"CR1,CRYPTON,ERV,LTR,MERLIN,RTE,SINE,TC1MARINER,TIR","CRYPTON,LINE,LTR,SINE,TIR","CLASSI,CLASSII",190,3480,1024.2317073170732,601,46.95686326808043,48.6863444696724,GCA_013398975.1,ASM1339897v1,41.5,56061,refseq,animal,654,535
Drosophila rhopaloa,81,12,5,2,"BELPAO,CACTA,CR1,GYPSY,HAT,HELITRON,P,PIFHARBINGER,PLE,R1,RTE,TC1MARINER","HELITRON,LINE,LTR,PLE,TIR","CLASSI,CLASSII",469,9925,3666.4691358024693,2908,40.662162682356666,38.61264579496624,N/A,N/A,,,failed,desconocido,185,151
Notospermus geniculatus,81,10,5,2,"CACTA,GYPSY,HAT,HELITRON,LTR,PIFHARBINGER,PIGGYBAC,PLE,TC1MARINER,TRNA","HELITRON,LTR,PLE,SINE,TIR","CLASSI,CLASSII",107,14889,2376.8395061728397,974,45.675949777674624,45.360059391239794,GCA_002633025.1,ASM263302v1,43.0,22604,refseq,otro,285,233
Actinidia chinensis,81,7,4,2,"COPIA,GYPSY,HAT,HELITRON,L1,LARD,RTE","HELITRON,LINE,LTR,TIR","CLASSI,CLASSII",767,10188,5332.827160493827,5219,40.98371727441085,40.828804347826086,GCA_051903715.1,ASM5190371v1,35.5,20705581,refseq,otro,127,104
Locustella ochotensis,81,8,5,2,"CR1,CRYPTON,ERV,HAT,LTR,TC1MARINER,TIR,TRNA","CRYPTON,LINE,LTR,SINE,TIR","CLASSI,CLASSII",107,5340,1180.6049382716049,656,48.045920896167566,48.670411985018724,GCA_013400155.1,ASM1340015v1,42.0,58272,refseq,otro,575,470
Drosophila yakuba,80,14,4,2,"BELPAO,CACTA,COPIA,GYPSY,HAT,HELITRON,I,LINE,MULE,P,PIFHARBINGER,R1,RTE,TC1MARINER","HELITRON,LINE,LTR,TIR","CLASSI,CLASSII",444,10985,5602.3,5397,41.81645530698115,40.97978227060653,N/A,N/A,,,failed,animal,122,100
Folsomia candida,80,15,6,2,"BELPAO,CACTA,COPIA,CR1,DIRS,GYPSY,HAT,HELITRON,L1,MULE,P,PIGGYBAC,PLE,RTE,TC1MARINER","DIRS,HELITRON,LINE,LTR,PLE,TIR","CLASSI,CLASSII",1284,10760,4534.725,4670,39.64429320774549,39.12515188335359,GCF_002217175.1,ASM221717v1,37.5,4885648,refseq,animal,151,124
Aplochiton taeniatus,79,9,4,2,"CR1,ERV,GYPSY,L1,LARD,LINE,RTE,SINE,TC1MARINER","LINE,LTR,SINE,TIR","CLASSI,CLASSII",363,8880,2915.3544303797466,1684,47.743636573682444,45.168476747424116,GCA_017639675.1,fAplTae1.pri,45.0,956540,refseq,animal,238,195
Monopterus albus,79,8,3,2,"CR1,HAT,I,L1,LINE,RTE,SINE,TC1MARINER","LINE,SINE,TIR","CLASSI,CLASSII",356,3773,1848.3164556962026,1628,44.78915179368748,42.125765164162495,GCF_001952655.1,M_albus_1.0,41.0,22239,refseq,animal,376,308
Nelumbo nucifera,79,6,3,2,"CACTA,COPIA,GYPSY,HAT,L1,RTE","LINE,LTR,TIR","CLASSI,CLASSII",619,11638,5683.949367088608,5288,43.359959884696885,42.915506035283194,GCF_000365185.1,Chinese Lotus 1.1,38.5,38871,refseq,planta,122,100
Nesogale talazaci,79,8,4,2,"ERV,HAT,L1,PIGGYBAC,RTE,SINE,TC1MARINER,TRNA","LINE,LTR,SINE,TIR","CLASSI,CLASSII",114,6697,887.3037974683544,516,47.64146230972833,48.0,GCA_004026705.1,MicTal_v1_BIUU,43.0,56946,refseq,animal,784,641
Galeopterus variegatus,79,5,4,2,"ERV,L1,LTR,TC1MARINER,TRNA","LINE,LTR,SINE,TIR","CLASSI,CLASSII",97,6040,1445.7721518987341,557,49.60712795183811,49.047619047619044,GCF_000696425.1,G_variegatus-3.0.2,40.0,20753,refseq,animal,481,393
Chaetorhynchus papuensis,78,6,4,2,"CR1,ERV,RTE,SINE,TIR,TRNA","LINE,LTR,SINE,TIR","CLASSI,CLASSII",113,7128,1705.5384615384614,980,50.22750106916684,50.38387715930902,GCA_013396525.1,ASM1339652v1,42.5,96574,refseq,animal,413,338
Certhia brachydactyla,78,6,3,2,"CR1,ERV,LARD,LTR,RTE,TIR","LINE,LTR,TIR","CLASSI,CLASSII",112,4822,1119.8076923076924,649,48.73545522901942,49.85483201990875,GCA_013400355.1,ASM1340035v1,41.0,76317,refseq,animal,629,515
Donacobius atricapilla,77,7,5,2,"CR1,CRYPTON,ERV,LTR,SINE,TIR,TRNA","CRYPTON,LINE,LTR,SINE,TIR","CLASSI,CLASSII",123,3553,925.6753246753246,611,47.00737095354506,48.55813953488372,GCA_013397315.1,ASM1339731v1,42.0,64871,refseq,animal,771,631
Lepidurus packardi,77,14,4,2,"BELPAO,COPIA,CR1,GYPSY,HAT,HELITRON,I,LARD,LINE,MULE,P,PIFHARBINGER,R1,TC1MARINER","HELITRON,LINE,LTR,TIR","CLASSI,CLASSII",1149,12144,5340.74025974026,5395,43.28889412690931,42.1380846325167,GCA_023053545.1,LEPA1.1,41.0,1298445,refseq,animal,133,109
Cephalopterus ornatus,77,7,5,2,"CR1,CRYPTON,ERV,RTE,SINE,TIR,TRNA","CRYPTON,LINE,LTR,SINE,TIR","CLASSI,CLASSII",101,3324,1327.4025974025974,1104,50.68702088388082,50.505050505050505,GCA_013396775.1,ASM1339677v1,41.5,75604,refseq,animal,538,440
Glareola pratincola,76,5,3,2,"CR1,ERV,LTR,TC1MARINER,TIR","LINE,LTR,TIR","CLASSI,CLASSII",194,4473,2318.842105263158,2310,51.18277422607777,52.12569316081331,GCA_013401295.1,ASM1340129v1,42.5,39898,refseq,animal,312,255
Chroicocephalus maculipennis,76,10,5,2,"CR1,CRYPTON,ERV,HAT,MERLIN,RTE,SINE,TC1MARINER,TIR,TRNA","CRYPTON,LINE,LTR,SINE,TIR","CLASSI,CLASSII",120,4603,2254.5131578947367,2884,50.35419448890224,51.39088729016786,GCA_013397655.1,ASM1339765v1,42.5,39391,refseq,animal,320,262
Ixodes scapularis,76,6,3,1,"BELPAO,CR1,GYPSY,I,LINE,TRNA","LINE,LTR,SINE",CLASSI,103,5939,2878.75,3952,51.1383311804089,51.515151515151516,GCF_016920785.2,ASM1692078v2,46.0,1422263,refseq,animal,251,205
Bubo bubo,76,8,4,2,"CR1,ERV,GYPSY,HAT,KOLOBOK,LARD,TIR,TRNA","LINE,LTR,SINE,TIR","CLASSI,CLASSII",139,8381,2738.7763157894738,2930,50.22573082496444,51.37077455416556,GCA_010303855.1,BubBub1.0,41.5,37091,refseq,animal,264,216
Habrosyne pyritoides,76,4,3,1,"BELPAO,DIRS,GYPSY,TRNA","DIRS,LTR,SINE",CLASSI,266,7852,5640.1973684210525,5674,40.6383949322381,40.430031723651744,GCA_907165245.1,ilHabPyri1.1,36.0,14121114,refseq,animal,128,104
Podilymbus podiceps,76,6,4,2,"CR1,CRYPTON,ERV,HAT,RTE,TIR","CRYPTON,LINE,LTR,TIR","CLASSI,CLASSII",122,4514,2343.9605263157896,2536,53.23088523048176,53.417214755504716,GCA_013399565.1,ASM1339956v1,42.0,35810,refseq,animal,308,252
Stercorarius parasiticus,75,5,4,2,"CR1,ERV,LTR,TIR,TRNA","LINE,LTR,SINE,TIR","CLASSI,CLASSII",101,4135,1871.0,1748,50.89494761693145,51.33928571428571,GCA_013396915.1,ASM1339691v1,42.0,107045,refseq,animal,391,320
Eucalyptus camaldulensis,75,6,4,2,"COPIA,GYPSY,L1,MULE,TIR,TRNA","LINE,LTR,SINE,TIR","CLASSI,CLASSII",201,9572,5474.533333333334,5517,42.46699767861537,42.26096143687269,GCA_019915185.1,ASM1991518v1,39.5,41529698,refseq,planta,133,109
Sinonovacula constricta,75,13,4,2,"ACADEM-1,CR1,HAT,I,KOLOBOK,LINE,MULE,PIFHARBINGER,PLE,RTE,SINE,TC1MARINER,TRNA","LINE,PLE,SINE,TIR","CLASSI,CLASSII",136,7101,3614.84,3644,40.8296348898423,39.889004509191814,GCA_007844125.1,ASM784412v1,35.0,976936,refseq,animal,202,165
Bombycilla garrulus,75,7,5,2,"CR1,CRYPTON,ERV,LINE,PIFHARBINGER,TIR,TRNA","CRYPTON,LINE,LTR,SINE,TIR","CLASSI,CLASSII",130,4168,896.4266666666666,646,48.85077747104909,49.521829521829524,GCA_013400315.1,ASM1340031v1,42.0,64047,refseq,animal,818,669
Chironomus tepperi,74,8,3,2,"BELPAO,COPIA,CR1,I,LTR,R1,RTE,TC1MARINER","LINE,LTR,TIR","CLASSI,CLASSII",881,6839,3370.945945945946,3257,43.140751185558955,44.05125076266016,GCF_022539635.2,CSIRO-AGI_Ctep_v1,32.0,1943760,refseq,animal,220,180
Microcaecilia unicolor,74,2,2,1,"DIRS,GYPSY","DIRS,LTR",CLASSI,5196,10781,6778.486486486487,6195,51.3951536015711,52.53694956574737,GCF_901765095.1,aMicUni1.1,44.0,3661507,refseq,animal,109,89
Tuber indicum,74,5,3,2,"COPIA,DIRS,GYPSY,HAT,TC1MARINER","DIRS,LTR,TIR","CLASSI,CLASSII",318,17045,4123.445945945946,4945,45.03295147295595,46.26865671641791,GCA_006112555.1,ASM611255v1,47.0,964338,refseq,hongo,180,147
Sitta europaea,74,5,4,2,"CR1,ERV,SINE,TIR,TRNA","LINE,LTR,SINE,TIR","CLASSI,CLASSII",133,3735,1258.7837837837837,936,48.41439265366091,49.32432432432432,GCA_013400255.1,ASM1340025v1,41.5,79571,refseq,animal,590,483
Mesocricetus auratus,74,5,4,2,"ALU,ERV,HAT,L1,SINE","LINE,LTR,SINE,TIR","CLASSI,CLASSII",145,5100,1345.8918918918919,490,48.0997048389602,47.94520547945205,GCF_017639785.1,BCM_Maur_2.0,42.0,9471653,refseq,animal,552,451
Bucorvus abyssinicus,74,7,3,2,"CR1,ERV,HAT,P,RTE,TC1MARINER,TIR","LINE,LTR,TIR","CLASSI,CLASSII",126,8765,3526.527027027027,4133,50.746510973580875,52.91214215202369,GCA_009769605.1,bBucAby1.pri,43.5,12039478,refseq,animal,210,172
Charadrius alexandrinus,73,8,5,2,"CR1,CRYPTON,ERV,GYPSY,KOLOBOK,PIFHARBINGER,TIR,TRNA","CRYPTON,LINE,LTR,SINE,TIR","CLASSI,CLASSII",115,4150,2156.095890410959,2163,50.572779848054466,51.10506630397824,GCA_008711295.1,ASM871129v1,42.5,129786,refseq,animal,349,285
Trifolium pratense,73,9,5,2,"CACTA,COPIA,GYPSY,HELITRON,L1,LARD,LTR,MULE,SINE","HELITRON,LINE,LTR,SINE,TIR","CLASSI,CLASSII",122,4185,1613.7945205479452,1221,39.39061210891566,38.965153115100314,GCF_020283565.1,ARS_RC_1.1,33.5,3204466,refseq,planta,466,381
Ficedula albicollis,73,2,2,1,"CR1,ERV","LINE,LTR",CLASSI,248,3200,830.5479452054794,629,46.87465481139202,45.793103448275865,GCF_000247815.1,FicAlb1.5,44.0,410964,refseq,animal,907,742
Balaeniceps rex,72,10,3,2,"CR1,ERV,HAT,KOLOBOK,LINE,MERLIN,PIFHARBINGER,RTE,TC1MARINER,TIR","LINE,LTR,TIR","CLASSI,CLASSII",117,4933,2835.5138888888887,3098,49.598401400924374,51.06772422208664,GCA_013401315.1,ASM1340131v1,42.5,24547,refseq,animal,269,220
Chauna torquata,72,9,4,2,"CR1,ERV,HAT,KOLOBOK,PIFHARBINGER,SINE,TC1MARINER,TIR,TRNA","LINE,LTR,SINE,TIR","CLASSI,CLASSII",112,4516,1968.25,1646,49.19259544570167,51.43678160919541,GCA_051419475.1,ASM5141947v1,42.0,34825,refseq,animal,388,317
Corylus avellana,72,6,3,2,"COPIA,ERV,GYPSY,HAT,L1,LARD","LINE,LTR,TIR","CLASSI,CLASSII",593,7500,4344.75,4552,40.88275255938602,42.41086587436333,GCF_901000735.1,CavTom2PMs-1.0,36.0,54239,refseq,planta,175,143
Augochlora pura,72,9,3,2,"COPIA,CR1,GYPSY,HAT,I,LINE,R1,RTE,TC1MARINER","LINE,LTR,TIR","CLASSI,CLASSII",318,5306,2010.361111111111,1526,40.01626175125649,39.25294888597641,GCA_028453695.1,APUR_v2.2.0,41.0,175533,refseq,animal,379,310
Vombatus ursinus,72,12,4,2,"CR1,ERV,HAT,L1,LARD,LTR,P,RTE,SINE,TC1MARINER,TIR,TRNA","LINE,LTR,SINE,TIR","CLASSI,CLASSII",121,6845,1679.486111111111,897,43.3085286756022,44.688995215311,GCF_900497805.2,bare-nosed wombat genome assembly,39.0,113054,refseq,animal,454,372
Drosophila kikkawai,72,14,5,2,"BELPAO,CACTA,COPIA,CR1,GYPSY,HAT,HELITRON,I,MULE,PIFHARBINGER,PLE,R1,TC1MARINER,TIR","HELITRON,LINE,LTR,PLE,TIR","CLASSI,CLASSII",337,9131,3006.1111111111113,2559,40.866076682296466,37.51645458534445,GCF_030179895.1,DkikHiC1v2,41.0,27867843,refseq,animal,254,207
Brachypteracias leptosomus,72,5,4,2,"CR1,ERV,RTE,SINE,TIR","LINE,LTR,SINE,TIR","CLASSI,CLASSII",117,3718,1485.6944444444443,1144,50.8047772685519,50.990930466913,GCA_013401335.1,ASM1340133v1,42.0,40314,refseq,animal,514,420
Betta splendens,72,13,4,2,"BELPAO,CR1,ERV,GYPSY,HAT,I,L1,LARD,LINE,LTR,RTE,SINE,TC1MARINER","LINE,LTR,SINE,TIR","CLASSI,CLASSII",146,11968,3624.277777777778,3479,51.310877509335135,53.074712643678154,GCF_900634795.4,fBetSpl5.4,45.5,2574972,refseq,animal,210,172
Furnarius figulus,71,7,4,2,"CR1,ERV,HAT,PIFHARBINGER,RTE,TIR,TRNA","LINE,LTR,SINE,TIR","CLASSI,CLASSII",111,4143,1609.4929577464789,1128,49.88592230521847,50.45045045045045,GCA_013397465.1,ASM1339746v1,42.0,55547,refseq,animal,481,393
Leptosomus discolor,71,7,4,2,"CR1,ERV,HAT,KOLOBOK,TC1MARINER,TIR,TRNA","LINE,LTR,SINE,TIR","CLASSI,CLASSII",113,4303,2542.323943661972,3051,50.913998565181046,51.49806133239338,GCF_000691785.1,ASM69178v1,42.0,24735,refseq,animal,304,249
Lottia gigantea,71,17,8,2,"ACADEM-1,BELPAO,COPIA,CR1,CRYPTON,DIRS,GYPSY,HELITRON,I,KOLOBOK,P,PIGGYBAC,PLE,RTE,TC1MARINER,TIR,TRNA","CRYPTON,DIRS,HELITRON,LINE,LTR,PLE,SINE,TIR","CLASSI,CLASSII",316,9084,4858.43661971831,4817,37.68824512610251,36.43932116554595,GCF_000327385.1,Helro1,33.5,96027,refseq,animal,159,130
Trichoplusia ni,71,6,3,2,"BELPAO,COPIA,DIRS,GYPSY,PIGGYBAC,TIR","DIRS,LTR,TIR","CLASSI,CLASSII",831,8458,5825.352112676056,5902,40.25569314736778,39.268978444236176,GCF_003590095.1,tn1,35.5,621965,refseq,animal,132,108
Mesostigma viride,70,11,5,2,"CACTA,COPIA,GYPSY,HAT,HELITRON,L1,LARD,LINE,PIGGYBAC,PLE,RTE","HELITRON,LINE,LTR,PLE,TIR","CLASSI,CLASSII",1954,11594,6095.685714285714,5637,56.25654468206513,56.19190404797602,GCA_009746045.1,ASM974604v1,54.5,319906,refseq,planta,128,105
Burhinus bistriatus,70,10,5,2,"CR1,CRYPTON,ERV,LTR,PIFHARBINGER,RTE,SINE,TC1MARINER,TIR,TRNA","CRYPTON,LINE,LTR,SINE,TIR","CLASSI,CLASSII",150,4087,1804.0857142857142,1602,50.6085169078166,51.975,GCA_013397275.1,ASM1339727v1,42.0,46939,refseq,animal,435,356
Crotophaga sulcirostris,70,7,4,2,"CR1,ERV,P,SINE,TC1MARINER,TIR,TRNA","LINE,LTR,SINE,TIR","CLASSI,CLASSII",113,4359,2156.957142857143,2327,50.7558497745068,50.85521561069621,GCA_013397455.1,ASM1339745v1,41.5,83601,refseq,animal,364,298
Formicarius rufipectus,70,7,5,2,"CR1,CRYPTON,ERV,RTE,TC1MARINER,TIR,TRNA","CRYPTON,LINE,LTR,SINE,TIR","CLASSI,CLASSII",134,3623,1485.357142857143,996,50.351582127001734,50.0,GCA_013399695.1,ASM1339969v1,41.5,79409,refseq,animal,528,432
Upupa epops,70,4,4,2,"CR1,ERV,SINE,TIR","LINE,LTR,SINE,TIR","CLASSI,CLASSII",137,3397,1816.2857142857142,1768,50.360861979643175,50.217609641781046,GCA_013397515.1,ASM1339751v1,44.0,49406,refseq,animal,432,353
Bibio marci,70,11,3,2,"BELPAO,CR1,GYPSY,HAT,I,LINE,P,PIFHARBINGER,R1,RTE,TC1MARINER","LINE,LTR,TIR","CLASSI,CLASSII",215,10836,2841.0285714285715,1555,34.479721513792626,34.31022158684775,GCA_910594885.2,idBibMarc1.2,25.5,44910499,refseq,animal,276,226
Gymnodraco acuticeps,70,4,2,1,"BELPAO,DIRS,ERV,GYPSY","DIRS,LTR",CLASSI,4306,13457,6592.114285714286,5917,49.089112325209,48.916292974588934,GCF_902827175.1,fGymAcu1.1,41.5,534678,refseq,animal,119,97
Calyptomena viridis,70,5,3,1,"CR1,ERV,RTE,SINE,TRNA","LINE,LTR,SINE",CLASSI,129,4198,1752.142857142857,1103,49.58038463468867,49.67948717948718,GCA_013390005.1,ASM1339000v1,41.5,40187,refseq,animal,448,366
Sula dactylatra,70,8,4,2,"CR1,ERV,HAT,LARD,LINE,LTR,TIR,TRNA","LINE,LTR,SINE,TIR","CLASSI,CLASSII",124,4566,2699.8285714285716,3192,50.22287084547218,51.88876013904983,GCA_013389905.1,ASM1338990v1,42.0,38906,refseq,animal,291,238
Eurystomus gularis,70,5,4,2,"CR1,ERV,HAT,TIR,TRNA","LINE,LTR,SINE,TIR","CLASSI,CLASSII",114,3997,1546.5857142857142,1388,50.932941083870844,50.98417599382478,GCA_013400335.1,ASM1340033v1,42.0,57880,refseq,animal,508,415
Vireo altiloquus,69,7,4,2,"CR1,ERV,LARD,RTE,SINE,TIR,TRNA","LINE,LTR,SINE,TIR","CLASSI,CLASSII",120,4003,1296.5797101449275,940,48.94328989166352,49.81599197055871,GCA_013396875.1,ASM1339687v1,42.0,121572,refseq,animal,614,502
Cyprinodon variegatus,69,7,4,2,"CR1,GYPSY,HAT,LINE,RTE,SINE,TC1MARINER","LINE,LTR,SINE,TIR","CLASSI,CLASSII",141,5478,1758.4202898550725,1580,46.33759816076138,45.16574585635359,GCF_000732505.1,C_variegatus-1.0,38.0,20803,refseq,animal,453,370
Typha latifolia,69,5,3,2,"COPIA,GYPSY,HAT,L1,LARD","LINE,LTR,TIR","CLASSI,CLASSII",1021,8827,5324.434782608696,5444,43.61234230675052,42.88582903040734,GCF_019914945.1,TyphaL0001v2,37.5,7014651,refseq,planta,149,122
Musa acuminata,69,6,2,1,"COPIA,ERV,GYPSY,L1,LARD,RTE","LINE,LTR",CLASSI,719,19666,5559.246376811594,5364,41.58218042764356,41.582635446932144,GCF_036884655.1,Cavendish_Baxijiao_AAA,40.0,44830321,refseq,planta,143,117
Daucus carota,69,9,5,2,"CACTA,COPIA,GYPSY,HELITRON,L1,LARD,MULE,PIFHARBINGER,SINE","HELITRON,LINE,LTR,SINE,TIR","CLASSI,CLASSII",146,17688,6352.478260869565,5331,38.46676848671911,37.71121351766513,GCF_001625215.2,DH1 v3.0,35.0,6076493,refseq,planta,125,102
Clavelina lepadiformis,69,10,3,2,"CR1,GYPSY,HAT,I,L1,MULE,P,RTE,TC1MARINER,TIR","LINE,LTR,TIR","CLASSI,CLASSII",923,9079,3895.9565217391305,3215,43.01307316509141,42.34171322160149,GCF_947623445.1,kaClaLepa1.1,36.0,8263119,refseq,animal,204,167
Pohlia nutans,69,10,4,2,"CACTA,COPIA,GYPSY,HAT,HELITRON,L1,LINE,PIFHARBINGER,TC1MARINER,TIR","HELITRON,LINE,LTR,TIR","CLASSI,CLASSII",656,10901,4699.289855072464,4963,43.53413034084671,42.48857833915614,GCA_022496805.1,ASM2249680v1,39.0,13886535,refseq,planta,169,138
Brachypodius atriceps,69,6,5,2,"CR1,CRYPTON,ERV,LTR,SINE,TIR","CRYPTON,LINE,LTR,SINE,TIR","CLASSI,CLASSII",126,2925,832.8260869565217,688,48.598086519500676,49.915682967959526,GCA_013398615.1,ASM1339861v1,42.0,85408,refseq,animal,957,783
Monomorium pharaonis,69,4,2,1,"BELPAO,COPIA,DIRS,GYPSY","DIRS,LTR",CLASSI,4525,17567,6742.173913043478,6388,47.36357992230054,45.72456046883324,GCF_013373865.1,ASM1337386v2,36.5,1861574,refseq,animal,118,96
Blumeria graminis,69,5,3,2,"COPIA,GYPSY,LINE,LTR,TC1MARINER","LINE,LTR,TIR","CLASSI,CLASSII",174,6761,3835.550724637681,5114,42.34033727802319,42.199673853959055,GCA_905067625.1,Bgtriticale_THUN12_genome_v1_2,43.5,10267641,refseq,hongo,207,170
Coelioxys conoideus,68,8,4,2,"BELPAO,COPIA,DIRS,GYPSY,HAT,I,LTR,TC1MARINER","DIRS,LINE,LTR,TIR","CLASSI,CLASSII",589,11225,2978.6470588235293,1342,38.47734850953808,38.08801213960547,GCA_947623535.1,iyCoeConi1.1,41.0,4882541,refseq,animal,271,222
Megalonaias nervosa,68,14,3,2,"CACTA,CR1,HAT,I,L1,LINE,MULE,PIFHARBINGER,PIGGYBAC,RTE,SINE,TC1MARINER,TIR,TRNA","LINE,SINE,TIR","CLASSI,CLASSII",136,5750,3388.8529411764707,3319,42.772579985505786,39.611768274188655,GCA_016617855.1,ASM1661785v1,36.0,50186,refseq,animal,238,195
Acanthaster planci,68,7,4,2,"CR1,DIRS,L1,LINE,RTE,SINE,TC1MARINER","DIRS,LINE,SINE,TIR","CLASSI,CLASSII",277,4095,2117.294117647059,2032,44.28950957956633,44.1240086517664,GCF_001949145.1,OKI-Apl_1.0,41.5,49680,refseq,animal,382,312
Fregata magnificens,68,8,4,2,"CR1,ERV,GYPSY,LARD,LINE,SINE,TC1MARINER,TIR","LINE,LTR,SINE,TIR","CLASSI,CLASSII",129,5983,2056.5882352941176,1396,50.847964720581366,52.50696378830083,GCA_013389945.1,ASM1338994v1,42.0,35511,refseq,animal,393,321
Xiphophorus hellerii,68,3,3,2,"DIRS,GYPSY,TC1MARINER","DIRS,LTR,TIR","CLASSI,CLASSII",1541,9653,6620.764705882353,6097,46.513444096127635,45.635507733692,GCF_003331165.1,Xiphophorus_hellerii-4.1,39.0,7084538,refseq,animal,122,99
Alauda arvensis,67,5,4,2,"CR1,ERV,LTR,TIR,TRNA","LINE,LTR,SINE,TIR","CLASSI,CLASSII",127,6962,1283.597014925373,673,48.70207935069076,49.523485364193334,GCA_902810485.1,skylark_genome,42.0,79699,refseq,animal,639,523
Dryoscopus gambensis,67,7,4,2,"CR1,ERV,LTR,SINE,TC1MARINER,TIR,TRNA","LINE,LTR,SINE,TIR","CLASSI,CLASSII",106,3066,1252.089552238806,953,50.04709037359494,51.09243697478991,GCA_013389985.1,ASM1338998v1,42.5,29388,refseq,animal,655,536
Arenaria interpres,66,6,4,2,"CR1,ERV,HAT,SINE,TIR,TRNA","LINE,LTR,SINE,TIR","CLASSI,CLASSII",103,3154,1369.8030303030303,1138,50.9512224932043,51.20671563483735,GCA_013399435.1,ASM1339943v1,42.0,48252,refseq,animal,608,497
Heliornis fulica,66,6,5,2,"CR1,CRYPTON,ERV,SINE,TC1MARINER,TIR","CRYPTON,LINE,LTR,SINE,TIR","CLASSI,CLASSII",109,2682,1130.5757575757575,1068,51.14999512684916,51.58582089552238,GCA_013399135.1,ASM1339913v1,42.0,53463,refseq,animal,737,603
Struthidea cinerea,66,5,5,2,"CR1,CRYPTON,ERV,TIR,TRNA","CRYPTON,LINE,LTR,SINE,TIR","CLASSI,CLASSII",133,4179,1627.590909090909,1128,49.62204589140491,51.043256997455465,GCA_013397865.1,ASM1339786v1,42.5,74270,refseq,animal,512,418
Crassostrea gigas,66,11,4,2,"CR1,HAT,KOLOBOK,L1,LINE,PIFHARBINGER,PLE,RTE,SINE,TC1MARINER,TRNA","LINE,PLE,SINE,TIR","CLASSI,CLASSII",136,6833,4180.060606060606,4534,35.87559820190868,34.45046099809747,GCF_963853765.1,xbMagGiga1.1,33.5,7289204,refseq,animal,199,163
Dendronephthya gigantea,65,4,2,1,"BELPAO,COPIA,DIRS,GYPSY","DIRS,LTR",CLASSI,4351,10168,5193.030769230769,4738,42.918824121511385,42.9592662530348,GCF_004324835.1,DenGig_1.0,37.0,1445523,refseq,animal,162,133
Trogon melanurus,65,6,4,2,"CR1,CRYPTON,ERV,RTE,TC1MARINER,TIR","CRYPTON,LINE,LTR,TIR","CLASSI,CLASSII",124,4396,2347.630769230769,2171,50.82434554032945,50.911691097604574,GCA_013399275.1,ASM1339927v1,42.5,51448,refseq,animal,360,294
Penelope pileata,65,8,4,2,"CR1,CRYPTON,ERV,GYPSY,HAT,KOLOBOK,TC1MARINER,TIR","CRYPTON,LINE,LTR,TIR","CLASSI,CLASSII",143,4078,1839.5692307692307,1729,50.14089882092726,51.47208121827411,GCA_013396635.1,ASM1339663v1,42.0,84123,refseq,animal,459,376
Thomomys bottae,65,8,4,2,"ALU,ERV,HAT,L1,LARD,LINE,SINE,TC1MARINER","LINE,LTR,SINE,TIR","CLASSI,CLASSII",122,11448,3534.6769230769232,3478,44.788664266417385,44.242923880186865,GCA_040207635.1,ThBott,41.0,21131692,refseq,animal,239,195
Chaetops frenatus,65,5,4,2,"CR1,ERV,KOLOBOK,TIR,TRNA","LINE,LTR,SINE,TIR","CLASSI,CLASSII",134,2929,893.6,631,48.79180706429431,49.667405764966745,GCA_013400775.1,ASM1340077v1,42.0,34663,refseq,animal,946,774
Mesembrinibis cayennensis,64,8,4,2,"CR1,ERV,GYPSY,HAT,LINE,PIFHARBINGER,SINE,TIR","LINE,LTR,SINE,TIR","CLASSI,CLASSII",105,3304,1369.40625,1259,49.98502125501557,51.409495548961424,GCA_013399675.1,ASM1339967v1,42.0,85098,refseq,animal,627,513
Eulacestoma nigropectus,64,7,4,2,"CR1,ERV,LARD,LTR,SINE,TC1MARINER,TIR","LINE,LTR,SINE,TIR","CLASSI,CLASSII",126,3674,1257.46875,1113,50.994991454045696,51.12926477654973,GCA_013397775.1,ASM1339777v1,42.0,75916,refseq,animal,683,559
Anthoscopus minutus,64,5,4,2,"CR1,ERV,LARD,SINE,TIR","LINE,LTR,SINE,TIR","CLASSI,CLASSII",198,7748,1498.765625,963,48.54196994011297,49.64305326743548,GCA_013399455.1,ASM1339945v1,41.5,49651,refseq,animal,573,469
Cochlearius cochlearius,64,6,3,2,"CR1,ERV,HAT,LARD,PIFHARBINGER,TIR","LINE,LTR,TIR","CLASSI,CLASSII",123,5435,1921.671875,1447,50.43661242526038,51.50602409638554,GCA_013396365.1,ASM1339636v1,43.0,62809,refseq,animal,447,365
Cisticola juncidis,64,6,4,2,"CR1,ERV,LTR,SINE,TIR,TRNA","LINE,LTR,SINE,TIR","CLASSI,CLASSII",124,3789,973.765625,650,48.668930701575064,50.38167938931297,GCA_013400215.1,ASM1340021v1,42.0,74140,refseq,animal,882,722
Mercenaria mercenaria,64,11,3,2,"ACADEM-1,CR1,HAT,I,KOLOBOK,L1,MULE,PIFHARBINGER,PIGGYBAC,PLE,TC1MARINER","LINE,PLE,TIR","CLASSI,CLASSII",1337,6440,3543.1875,3643,37.87266560655666,38.32006587976942,GCF_021730395.1,MADL_Memer_1,35.0,82432825,refseq,animal,242,198
Puffinus mauretanicus,64,8,4,2,"CR1,ERV,GYPSY,LARD,PIFHARBINGER,RTE,SINE,TIR","LINE,LTR,SINE,TIR","CLASSI,CLASSII",104,11695,3738.375,3149,51.311732279262245,52.21101629169899,GCA_023333565.1,ASM2333356v1,42.5,2082814,refseq,animal,229,188
Pluvianellus socialis,63,8,4,2,"CR1,CRYPTON,ERV,GYPSY,HAT,LTR,RTE,TIR","CRYPTON,LINE,LTR,TIR","CLASSI,CLASSII",107,5197,2370.095238095238,2802,50.48880467137848,51.508120649651964,GCA_013400795.1,ASM1340079v1,42.5,48629,refseq,animal,368,301
Andrena dorsata,63,12,5,2,"BELPAO,COPIA,CR1,DIRS,GYPSY,HAT,I,P,R1,RTE,SINE,TC1MARINER","DIRS,LINE,LTR,SINE,TIR","CLASSI,CLASSII",356,13180,4801.253968253968,4764,46.689481541968064,44.1941539286672,GCA_929108735.1,iyAndDors1.1,43.0,30063116,refseq,animal,181,148
Gambusia affinis,63,8,4,2,"CR1,GYPSY,I,LINE,RTE,TC1MARINER,TIR,TRNA","LINE,LTR,SINE,TIR","CLASSI,CLASSII",104,5980,1841.2698412698412,1473,45.307367160115575,42.05298013245033,GCF_019740435.1,SWU_Gaff_1.0,39.0,12906370,refseq,animal,474,387
Chaetophractus vellerosus,63,5,3,2,"ERV,HAT,LTR,TC1MARINER,TRNA","LTR,SINE,TIR","CLASSI,CLASSII",193,2418,576.5396825396825,541,51.187342560519305,48.91485809682805,GCA_004027955.1,ChaVel_v1_BIUU,39.5,1606,refseq,animal,1514,1238
Drymodes brunneopygia,63,5,4,2,"CR1,ERV,RTE,TIR,TRNA","LINE,LTR,SINE,TIR","CLASSI,CLASSII",130,3145,1048.8253968253969,776,50.216248182983115,50.98625224148237,GCA_013400955.1,ASM1340095v1,42.0,79910,refseq,animal,832,681
Istiophorus platypterus,63,8,4,2,"CR1,DIRS,ERV,I,L1,LINE,RTE,TC1MARINER","DIRS,LINE,LTR,TIR","CLASSI,CLASSII",225,14224,2085.1111111111113,1607,43.02295313232732,40.406976744186046,GCA_016859345.1,ASM1685934v1,41.0,11851605,refseq,animal,418,342
Erinaceus europaeus,62,5,4,2,"ERV,L1,LTR,TC1MARINER,TRNA","LINE,LTR,SINE,TIR","CLASSI,CLASSII",126,7987,1348.4354838709678,543,48.875817784341976,48.57792946530148,GCF_950295315.1,mEriEur2.1,42.0,999919,refseq,animal,657,538
Eleutheronema tetradactylum,62,8,3,2,"CR1,HAT,I,L1,LINE,RTE,SINE,TC1MARINER","LINE,SINE,TIR","CLASSI,CLASSII",100,5656,1781.7096774193549,1548,44.536346169058376,42.43852459016394,GCA_046255195.2,ASM4625519v2,40.0,22149805,refseq,animal,497,407
Datnioides undecimradiatus,62,12,4,2,"BELPAO,COPIA,CR1,GYPSY,HAT,I,L1,LARD,LINE,RTE,SINE,TC1MARINER","LINE,LTR,SINE,TIR","CLASSI,CLASSII",302,18461,3159.3225806451615,2479,46.47855246296287,45.39612410884627,GCA_008933995.1,BGI_Dund_1.0,43.0,3802431,refseq,animal,280,229
Dioscorea rotundata,62,8,3,2,"CACTA,COPIA,ERV,GYPSY,HAT,L1,LARD,MULE","LINE,LTR,TIR","CLASSI,CLASSII",504,9249,4257.677419354839,4451,41.45348943421784,40.07907979870597,GCF_009730915.1,TDr96_F1_v2_PseudoChromosome.rev07_lg8_w22 25.fasta,36.5,139725,refseq,planta,208,170
Pseudopyrenochaeta lycopersici,62,7,2,2,"COPIA,GYPSY,HAT,LARD,MULE,TC1MARINER,TIR","LTR,TIR","CLASSI,CLASSII",1348,12728,4192.129032258064,3117,45.805457177693,47.41929600583622,GCA_003313425.1,ASM331342v1,47.0,1076669,refseq,hongo,211,173
Aegotheles bennettii,62,5,3,2,"CR1,ERV,GYPSY,TC1MARINER,TIR","LINE,LTR,TIR","CLASSI,CLASSII",178,3855,1774.6129032258063,1490,50.58408911293363,50.695472033145904,GCA_013398125.1,ASM1339812v1,41.5,65833,refseq,animal,499,408
Miniopterus schreibersii,62,6,4,2,"ERV,HAT,L1,PIGGYBAC,TC1MARINER,TRNA","LINE,LTR,SINE,TIR","CLASSI,CLASSII",131,5557,1123.016129032258,666,45.75433453778645,45.62814070351759,GCA_964146895.2,mMinSch1.hap1.2,42.5,28014000,refseq,animal,789,646
Camponotus floridanus,62,10,4,2,"BELPAO,COPIA,GYPSY,HELITRON,KOLOBOK,LINE,MULE,PIFHARBINGER,R1,TC1MARINER","HELITRON,LINE,LTR,TIR","CLASSI,CLASSII",526,14834,3842.7580645161293,3639,41.10216438971845,40.7095610342754,GCF_003227725.1,Cflo_v7.5,34.5,1278439,refseq,animal,230,188
Uraeginthus cyanocephalus,62,3,3,1,"CR1,ERV,TRNA","LINE,LTR,SINE",CLASSI,147,5135,825.1935483870968,655,50.410206239852556,52.544910179640716,N/A,N/A,,,failed,animal,1075,879
Capsicum baccatum,62,5,2,2,"HAT,MULE,PIFHARBINGER,TC1MARINER,TRNA","SINE,TIR","CLASSI,CLASSII",115,9968,2369.516129032258,264,43.05633201476556,39.11516853932584,GCA_030864225.1,ASM3086422v1,35.5,27703761,refseq,planta,374,306
Ruditapes philippinarum,62,8,2,2,"CR1,HAT,KOLOBOK,L1,LINE,PIFHARBINGER,RTE,TC1MARINER","LINE,TIR","CLASSI,CLASSII",1294,5902,3108.0967741935483,3003,37.73890685592831,37.32752360203341,GCF_026571515.1,ASM2657151v2,32.0,183074,refseq,animal,285,233
Carica papaya,62,4,3,2,"COPIA,GYPSY,L1,PIFHARBINGER","LINE,LTR,TIR","CLASSI,CLASSII",910,9873,4113.1612903225805,4554,40.432853661922714,40.42553191489361,GCF_000150535.2,Papaya1.0,35.5,10609,refseq,planta,215,176
Dyaphorophyia castanea,61,6,4,2,"CR1,ERV,GYPSY,LARD,TIR,TRNA","LINE,LTR,SINE,TIR","CLASSI,CLASSII",122,3995,1088.4918032786886,770,49.19591990525298,50.33898305084745,GCA_040967835.1,ASM4096783v1,42.5,53390,refseq,animal,828,677
Echinops telfairi,61,8,4,2,"ERV,HAT,L1,LTR,PIGGYBAC,RTE,TC1MARINER,TRNA","LINE,LTR,SINE,TIR","CLASSI,CLASSII",144,7268,1385.2131147540983,649,46.611301314977645,47.33128834355828,GCF_000313985.2,ASM31398v2,43.0,20425,refseq,animal,650,532
Rhinolophus sinicus,61,7,4,2,"ERV,HAT,L1,LTR,PIGGYBAC,TC1MARINER,TRNA","LINE,LTR,SINE,TIR","CLASSI,CLASSII",144,3762,833.7213114754098,494,47.28462983140655,47.03389830508475,GCF_036562045.2,ASM3656204v1,40.5,42906106,refseq,animal,1081,884
Choiromyces venosus,61,8,3,2,"COPIA,GYPSY,HAT,HELITRON,MULE,PIFHARBINGER,PIGGYBAC,TC1MARINER","HELITRON,LTR,TIR","CLASSI,CLASSII",1307,10040,5779.540983606557,5975,43.813454234899716,43.64060676779463,GCA_003788595.2,Chove1,43.5,129333,refseq,hongo,156,127
Chrysochloris asiatica,61,6,4,2,"ERV,L1,LTR,RTE,TC1MARINER,TRNA","LINE,LTR,SINE,TIR","CLASSI,CLASSII",145,3927,1348.672131147541,1114,46.2585833658706,45.81855043081602,GCF_000296735.1,ChrAsi1.0,40.0,19632,refseq,animal,668,546
Crocidura indochinensis,61,6,4,2,"ERV,HAT,L1,LTR,SINE,TC1MARINER","LINE,LTR,SINE,TIR","CLASSI,CLASSII",174,5868,1037.5081967213114,487,47.89435827133362,45.78947368421053,GCA_004027635.1,CroInd_v1_BIUU,40.0,4927,refseq,animal,869,711
Fusarium oxysporum,61,7,3,2,"COPIA,GYPSY,HAT,HELITRON,MULE,PIGGYBAC,TC1MARINER","HELITRON,LTR,TIR","CLASSI,CLASSII",860,11406,5026.081967213115,4995,50.90811675582238,51.037344398340245,GCF_013085055.1,ASM1308505v1,47.5,4523040,refseq,hongo,179,146
Aegithalos caudatus,61,6,5,2,"CR1,CRYPTON,ERV,LTR,SINE,TIR","CRYPTON,LINE,LTR,SINE,TIR","CLASSI,CLASSII",144,4495,1296.8032786885246,685,48.57830676018271,49.2156862745098,GCA_013389925.1,ASM1338992v1,41.5,34055,refseq,animal,695,568
Pecten maximus,61,12,3,2,"ACADEM-1,CR1,HAT,I,KOLOBOK,L1,LINE,PIFHARBINGER,PIGGYBAC,RTE,SINE,TC1MARINER","LINE,SINE,TIR","CLASSI,CLASSII",136,7179,4344.081967213115,4819,36.17348253628997,35.311324697033015,GCF_902652985.1,xPecMax1.1,36.5,1258799,refseq,animal,207,169
Tribolium castaneum,60,15,4,2,"BELPAO,COPIA,CR1,GYPSY,HAT,I,KOLOBOK,LINE,MULE,P,PIFHARBINGER,PLE,R1,TC1MARINER,TIR","LINE,LTR,PLE,TIR","CLASSI,CLASSII",411,9485,3657.6,4051,37.822830838550935,36.23308478320906,GCF_031307605.1,icTriCast1.1,31.5,16193484,refseq,animal,250,205
Sagittarius serpentarius,60,8,4,2,"CR1,ERV,HAT,LARD,RTE,SINE,TIR,TRNA","LINE,LTR,SINE,TIR","CLASSI,CLASSII",127,4366,1716.0166666666667,1704,50.491617540767024,51.26204681046352,GCA_034782735.1,ASM3478273v1,42.5,34129,refseq,animal,534,437
Epichloe coenophiala,60,4,2,2,"HAT,LARD,PIFHARBINGER,TIR","LTR,TIR","CLASSI,CLASSII",4810,11192,7419.083333333333,6974,26.62948981426891,27.17682817807974,GCA_018801565.1,E_coen_e19_1,43.5,1403312,refseq,hongo,123,101
Electrophorus electricus,60,7,3,2,"CR1,GYPSY,HAT,LARD,LINE,RTE,TC1MARINER","LINE,LTR,TIR","CLASSI,CLASSII",213,10477,2211.1666666666665,1616,44.45848761580949,44.4,GCF_013358815.1,fEleEle1.pri,42.5,7062559,refseq,animal,414,339
Aleadryas rufinucha,60,7,5,2,"CR1,CRYPTON,ERV,MERLIN,SINE,TIR,TRNA","CRYPTON,LINE,LTR,SINE,TIR","CLASSI,CLASSII",106,4597,1310.1666666666667,1115,50.345330421048295,51.300070274068865,GCA_013397815.1,ASM1339781v1,42.0,90297,refseq,animal,699,572
Parus major,60,2,2,1,"ERV,TRNA","LTR,SINE",CLASSI,135,10165,1775.6,673,45.01889562028884,45.14637904468413,GCF_001522545.3,Parus_major1.1,41.5,148693,refseq,animal,516,422
Lymantria dispar,59,7,4,2,"BELPAO,COPIA,DIRS,GYPSY,KOLOBOK,TC1MARINER,TRNA","DIRS,LTR,SINE,TIR","CLASSI,CLASSII",215,9955,5212.64406779661,4912,38.519074077277004,38.45477202756194,GCA_032191425.1,ASM3219142v1,39.0,32048912,refseq,animal,178,146
Anhinga anhinga,59,9,5,2,"CR1,CRYPTON,ERV,HAT,KOLOBOK,LINE,SINE,TC1MARINER,TIR","CRYPTON,LINE,LTR,SINE,TIR","CLASSI,CLASSII",108,5667,2310.423728813559,2792,49.839151190767716,52.30519480519481,GCA_013396435.1,ASM1339643v1,42.0,25978,refseq,animal,403,330
Gorilla gorilla,59,8,5,2,"ALU,ERV,HAT,HELITRON,L1,SINE,TC1MARINER,TRNA","HELITRON,LINE,LTR,SINE,TIR","CLASSI,CLASSII",145,6896,981.5762711864406,312,49.561780118414475,55.33980582524271,GCF_029281585.2,NHGRI_mGorGor1-v2.1_pri,40.5,150804130,refseq,animal,949,777
Pan troglodytes,59,8,5,2,"ALU,ERV,HAT,HELITRON,L1,SINE,TC1MARINER,TRNA","HELITRON,LINE,LTR,SINE,TIR","CLASSI,CLASSII",145,6896,981.5762711864406,312,49.561780118414475,55.33980582524271,GCF_028858775.2,NHGRI_mPanTro3-v2.1_pri,40.5,146288486,refseq,animal,949,777
Endotricha flammealis,59,3,3,2,"BELPAO,KOLOBOK,TRNA","LTR,SINE,TIR","CLASSI,CLASSII",255,8247,6001.932203389831,6276,41.072278119685336,40.298977183320225,GCA_905163395.2,ilEndFlam1.2,37.0,3020129,refseq,animal,155,127
Pan paniscus,59,8,5,2,"ALU,ERV,HAT,HELITRON,L1,SINE,TC1MARINER,TRNA","HELITRON,LINE,LTR,SINE,TIR","CLASSI,CLASSII",145,6896,981.5762711864406,312,49.561780118414475,55.33980582524271,GCF_029289425.2,NHGRI_mPanPan1-v2.1_pri,40.5,147028407,refseq,animal,949,777
Saimiri boliviensis,59,8,5,2,"ALU,ERV,HAT,HELITRON,L1,SINE,TC1MARINER,TRNA","HELITRON,LINE,LTR,SINE,TIR","CLASSI,CLASSII",114,3947,980.6271186440678,313,48.55688998324843,49.700598802395206,GCF_048565385.1,mSaiBol1.pri,41.0,69222429,refseq,animal,950,777
Chlamydomonas reinhardtii,58,10,6,2,"HAT,HELITRON,L1,LINE,LTR,P,PLE,RTE,SINE,TIR","HELITRON,LINE,LTR,PLE,SINE,TIR","CLASSI,CLASSII",193,5705,1529.4137931034484,802,58.59158735237995,58.46560846560847,GCF_000002595.2,Chlamydomonas_reinhardtii_v5.5,64.0,215409,refseq,planta,620,507
Circinella umbellata,58,14,5,2,"CACTA,CR1,DIRS,GYPSY,HAT,HELITRON,LARD,LINE,MERLIN,MULE,PIFHARBINGER,RTE,TC1MARINER,TIR","DIRS,HELITRON,LINE,LTR,TIR","CLASSI,CLASSII",716,7534,4405.517241379311,5252,37.345021549140554,37.732583297273905,GCA_025093555.1,Cirumb1,32.5,688331,refseq,hongo,215,176
Ara ararauna,58,7,3,2,"CR1,ERV,HAT,LARD,LTR,RTE,TIR","LINE,LTR,TIR","CLASSI,CLASSII",111,11646,3421.603448275862,4144,50.41196628279871,51.95729537366548,GCA_028858755.1,bAraAra1.hap1,42.5,38811057,refseq,animal,277,226
Choloepus hoffmanni,58,3,3,2,"ERV,L1,TC1MARINER","LINE,LTR,TIR","CLASSI,CLASSII",430,8559,2465.2413793103447,2572,46.086552595025005,46.573208722741434,GCA_000164785.2,C_hoffmanni-2.0.1,40.0,64490,refseq,animal,384,314
Caranx melampygus,58,16,6,2,"BELPAO,CACTA,COPIA,CR1,DIRS,ERV,GYPSY,HAT,HELITRON,L1,LARD,LINE,RTE,SINE,TC1MARINER,TRNA","DIRS,HELITRON,LINE,LTR,SINE,TIR","CLASSI,CLASSII",210,15786,5072.775862068966,4255,46.29584843350143,45.20255863539446,GCA_019059645.1,BYU_Cmel_1.0,43.5,1469537,refseq,animal,186,152
Cricetulus griseus,58,5,4,2,"ALU,ERV,HAT,L1,SINE","LINE,LTR,SINE,TIR","CLASSI,CLASSII",88,8127,1835.1724137931035,592,48.35758970264417,48.484848484848484,GCF_003668045.3,CriGri-PICRH-1.0,41.5,2711962,refseq,animal,516,422
Pterocles orientalis,57,8,4,2,"CR1,ERV,HAT,LTR,RTE,SINE,TIR,TRNA","LINE,LTR,SINE,TIR","CLASSI,CLASSII",111,4694,2546.1052631578946,2896,52.01443086026853,52.12730318257957,GCA_011057875.1,REN_Porient_1.0,42.5,48746,refseq,animal,378,310
Podargus strigoides,57,6,4,2,"CR1,ERV,GYPSY,RTE,TIR,TRNA","LINE,LTR,SINE,TIR","CLASSI,CLASSII",184,6686,3486.3859649122805,4264,50.32844858428434,51.06617647058823,GCA_028020825.1,bPodStr1.pri,42.5,11637970,refseq,animal,276,226
Geococcyx californianus,57,6,4,2,"CR1,CRYPTON,ERV,HAT,LINE,TIR","CRYPTON,LINE,LTR,TIR","CLASSI,CLASSII",130,3284,1391.3859649122808,1136,50.277442447055044,50.73260073260073,GCA_013389885.1,ASM1338988v1,41.5,47040,refseq,animal,693,567
Ascochyta koolunga,57,2,1,1,"COPIA,LARD",LTR,CLASSI,5288,11554,7034.894736842105,6936,36.44292781566695,36.617749825297,GCA_026119515.1,ASM2611951v1,45.0,2921940,refseq,hongo,137,112
Macaca mulatta,56,8,5,2,"ALU,ERV,HAT,HELITRON,L1,SINE,TC1MARINER,TRNA","HELITRON,LINE,LTR,SINE,TIR","CLASSI,CLASSII",145,6896,1036.3214285714287,313,48.88375049090028,51.78571428571429,GCF_003339765.1,Mmul_10,41.0,46608966,refseq,animal,947,775
Copidosoma floridanum,56,10,5,2,"BELPAO,CACTA,COPIA,GYPSY,KOLOBOK,PLE,R1,RTE,TC1MARINER,TRNA","LINE,LTR,PLE,SINE,TIR","CLASSI,CLASSII",431,15163,5692.160714285715,5554,40.32138096623354,39.626191670847966,GCF_000648655.2,Cflo_2.0,36.0,40744,refseq,animal,172,141
Macaca fascicularis,56,8,5,2,"ALU,ERV,HAT,HELITRON,L1,SINE,TC1MARINER,TRNA","HELITRON,LINE,LTR,SINE,TIR","CLASSI,CLASSII",145,6896,1036.3214285714287,313,48.88375049090028,51.78571428571429,GCF_037993035.2,T2T-MFA8v1.1,41.0,162126771,refseq,animal,947,775
Macaca nemestrina,56,8,5,2,"ALU,ERV,HAT,HELITRON,L1,SINE,TC1MARINER,TRNA","HELITRON,LINE,LTR,SINE,TIR","CLASSI,CLASSII",145,6896,1036.3214285714287,313,48.88375049090028,51.78571428571429,GCF_043159975.1,mMacNem.hap1,41.0,40835442,refseq,animal,947,775
Drosophila persimilis,56,12,4,2,"BELPAO,COPIA,CR1,GYPSY,HAT,HELITRON,I,LINE,PIFHARBINGER,R1,TC1MARINER,TIR","HELITRON,LINE,LTR,TIR","CLASSI,CLASSII",732,12340,5868.035714285715,5899,46.37769362832199,45.305758071715516,GCF_003286085.1,DperRS2,45.0,5212974,refseq,animal,167,136
Orientallactaga bullata,56,5,3,1,"ALU,ERV,L1,SINE,TRNA","LINE,LTR,SINE",CLASSI,81,6724,2212.6071428571427,1022,49.418999391152624,50.0,GCA_004027895.1,AllBul_v1_BIUU,42.0,30651,refseq,animal,443,363
Archegozetes longisetosus,56,9,3,2,"CR1,GYPSY,HAT,I,MULE,PIFHARBINGER,R1,RTE,TC1MARINER","LINE,LTR,TIR","CLASSI,CLASSII",531,7511,2072.089285714286,1595,38.72220823811296,41.81818181818181,GCA_018873245.2,Caltech_Along_2.0,31.0,1720000,refseq,animal,473,387
Anadara kagoshimensis,55,9,2,2,"ACADEM-1,CR1,HAT,L1,LINE,MULE,PIGGYBAC,RTE,TC1MARINER","LINE,TIR","CLASSI,CLASSII",1341,7059,3645.309090909091,3519,37.018800881021185,36.279926335174956,GCA_021292105.1,ASM2129210v1,33.5,1935399,refseq,animal,274,224
Microtus ochrogaster,55,6,4,2,"ALU,ERV,HAT,L1,LTR,SINE","LINE,LTR,SINE,TIR","CLASSI,CLASSII",158,6658,972.0727272727273,411,48.93175181186865,48.61111111111111,GCF_000317375.1,MicOch1.0,42.5,21250,refseq,animal,1028,841
Thinocorus orbignyianus,55,5,4,2,"CR1,ERV,RTE,SINE,TIR","LINE,LTR,SINE,TIR","CLASSI,CLASSII",111,3102,1464.4545454545455,1218,50.73059292722823,51.171875,GCA_013400375.1,ASM1340037v1,42.0,75634,refseq,animal,682,558
Cyathus striatus,55,6,4,2,"COPIA,DIRS,GYPSY,HAT,HELITRON,TC1MARINER","DIRS,HELITRON,LTR,TIR","CLASSI,CLASSII",1598,13014,5657.054545454545,5309,44.33625773764728,44.517833553500665,GCA_025738555.1,ASM2573855v1,43.0,5283711,refseq,hongo,176,144
Cytidiella melzeri,55,9,5,2,"COPIA,DIRS,GYPSY,HELITRON,I,L1,PIFHARBINGER,TC1MARINER,TIR","DIRS,HELITRON,LINE,LTR,TIR","CLASSI,CLASSII",1503,9065,5473.109090909091,5193,51.26619168125951,52.38645747316267,GCA_022592445.1,Cytmel1,49.5,105945,refseq,hongo,182,149
Ondatra zibethicus,55,5,3,1,"ALU,ERV,LTR,RTE,SINE","LINE,LTR,SINE",CLASSI,159,8110,1678.2545454545455,486,47.894897241964124,47.956403269754766,GCA_004026605.1,OndZib_v1_BIUU,41.5,73746,refseq,animal,595,487
Hippopotamus amphibius,55,6,4,2,"ERV,HAT,L1,LTR,TC1MARINER,TRNA","LINE,LTR,SINE,TIR","CLASSI,CLASSII",121,7788,1051.090909090909,551,48.372622004186155,47.72727272727273,GCF_030028045.1,mHipAmp2.hap2,41.5,50348260,refseq,animal,951,778
Cicer arietinum,55,5,4,2,"CACTA,COPIA,GYPSY,L1,TRNA","LINE,LTR,SINE,TIR","CLASSI,CLASSII",93,12522,4036.2,4713,40.108405797400806,39.44456045103362,GCF_000331145.2,Cicar.CDCFrontier_v2.0,31.0,33721,refseq,planta,247,202
Centropus unirufus,54,7,5,2,"CR1,CRYPTON,ERV,GYPSY,TC1MARINER,TIR,TRNA","CRYPTON,LINE,LTR,SINE,TIR","CLASSI,CLASSII",110,6379,1799.1666666666667,1309,50.208723304136946,50.88312664411875,GCA_013397695.1,ASM1339769v1,42.0,79469,refseq,animal,566,463
Aphidius gifuensis,54,10,5,2,"BELPAO,CACTA,COPIA,CR1,DIRS,GYPSY,HELITRON,I,LARD,R1","DIRS,HELITRON,LINE,LTR,TIR","CLASSI,CLASSII",2137,9329,6697.944444444444,7519,33.22384455799873,32.301223241590215,GCF_014905175.1,ASM1490517v1,26.5,3929594,refseq,animal,152,124
Gnatocerus cornutus,54,9,3,2,"BELPAO,CR1,GYPSY,I,P,PIFHARBINGER,R1,RTE,TC1MARINER","LINE,LTR,TIR","CLASSI,CLASSII",893,12194,4872.277777777777,5277,40.741652233822144,38.95069532237674,GCA_029298725.1,icGnaCorn1.1,36.0,8578702,refseq,animal,209,171
Danaus plexippus,54,13,6,2,"COPIA,CR1,GYPSY,HAT,HELITRON,I,LINE,PLE,R1,RTE,TC1MARINER,TIR,TRNA","HELITRON,LINE,LTR,PLE,SINE,TIR","CLASSI,CLASSII",167,6325,2759.5185185185187,2792,38.91911618651612,37.707353305273585,GCF_018135715.1,MEX_DaPlex,32.0,3940764,refseq,animal,369,301
Chondrosia reniformis,54,11,5,2,"CACTA,CR1,DIRS,GYPSY,HELITRON,KOLOBOK,LINE,P,PIFHARBINGER,RTE,TC1MARINER","DIRS,HELITRON,LINE,LTR,TIR","CLASSI,CLASSII",916,9187,3850.925925925926,3684,42.8636548786444,43.258996452103396,GCA_947172415.1,odChoReni1.1,37.5,4706000,refseq,animal,264,216
Notamacropus eugenii,54,10,4,2,"CR1,ERV,HAT,L1,LINE,LTR,RTE,SINE,TC1MARINER,TRNA","LINE,LTR,SINE,TIR","CLASSI,CLASSII",142,6523,1108.5740740740741,571,45.39315342978712,45.26112185686654,GCF_028372415.1,mMacEug1.pri_v2,38.5,15255043,refseq,animal,918,751
Cucumis sativus,54,5,3,2,"COPIA,GYPSY,HAT,L1,LARD","LINE,LTR,TIR","CLASSI,CLASSII",637,13551,6584.314814814815,5420,39.837530821614486,39.87531172069826,GCF_000004075.3,Cucumber_9930_V3,32.5,8937712,refseq,planta,154,126
Myotis myotis,54,5,4,2,"ERV,HAT,HELITRON,L1,PIGGYBAC","HELITRON,LINE,LTR,TIR","CLASSI,CLASSII",209,7447,1425.3333333333333,769,54.96550352578831,55.72755417956656,GCF_014108235.1,mMyoMyo1.p,43.0,12511134,refseq,animal,714,584
Scytalopus superciliaris,53,6,4,2,"CR1,ERV,RTE,TC1MARINER,TIR,TRNA","LINE,LTR,SINE,TIR","CLASSI,CLASSII",133,3571,1532.6792452830189,1314,50.560121503669514,50.45871559633027,GCA_013400415.1,ASM1340041v1,41.5,60031,refseq,animal,677,553
Coryphaenoides rupestris,53,9,4,2,"BELPAO,CR1,DIRS,GYPSY,HAT,I,L1,RTE,TC1MARINER","DIRS,LINE,LTR,TIR","CLASSI,CLASSII",903,7228,3087.433962264151,3080,49.50726404323812,50.15873015873016,GCA_002895965.2,CRUPv2,47.0,62406,refseq,animal,336,275
Drosophila biarmipes,53,11,4,2,"BELPAO,CACTA,COPIA,CR1,GYPSY,HELITRON,I,PIGGYBAC,R1,RTE,TC1MARINER","HELITRON,LINE,LTR,TIR","CLASSI,CLASSII",588,9468,4200.188679245283,4842,40.00275717257653,38.372488934286686,GCF_025231255.1,RU_DBia_V1.1,41.5,26917925,refseq,animal,247,202
Eubucco bourcierii,53,4,4,2,"CR1,CRYPTON,ERV,TIR","CRYPTON,LINE,LTR,TIR","CLASSI,CLASSII",161,3177,1339.7358490566037,1079,53.35878767604036,53.73228346456693,GCA_013396675.1,ASM1339667v1,44.5,26549,refseq,animal,774,633
Schrenkiella parvula,52,10,5,2,"CACTA,COPIA,GYPSY,HAT,HELITRON,L1,LTR,MULE,PIFHARBINGER,TRNA","HELITRON,LINE,LTR,SINE,TIR","CLASSI,CLASSII",334,9417,4570.076923076923,4824,40.62257820778354,41.30832570905764,GCA_000218505.1,Eutrema_parvulum_v01,35.5,5288824,refseq,planta,231,189
Sigmodon hispidus,52,3,3,1,"ERV,L1,SINE","LINE,LTR,SINE",CLASSI,88,8393,1806.5576923076924,525,48.01882388334233,48.154093097913325,GCA_047301775.1,ASM4730177v1,40.0,77390441,refseq,animal,585,479
Hemileia vastatrix,52,2,1,1,"COPIA,LTR",LTR,CLASSI,311,6447,5052.326923076923,5253,40.103944851479454,40.1316929474961,GCA_030280995.1,Hv_R1_Cat_CENPAT,34.0,20438286,refseq,hongo,209,171
Ellobius lutescens,52,6,4,2,"ALU,ERV,HAT,L1,SINE,TRNA","LINE,LTR,SINE,TIR","CLASSI,CLASSII",149,8068,1090.0192307692307,391,48.45749623257271,48.23215476984657,GCA_001685075.1,ASM168507v1,41.5,11648,refseq,animal,970,793
Zapus hudsonius,52,5,3,1,"ALU,ERV,L1,LTR,TRNA","LINE,LTR,SINE",CLASSI,137,7523,1162.7307692307693,588,49.0405040874109,48.80174291938998,GCA_004024765.1,ZapHud_v1_BIUU,42.5,23350,refseq,animal,909,744
Grus americana,52,7,3,2,"CR1,ERV,LARD,MERLIN,RTE,TC1MARINER,TIR","LINE,LTR,TIR","CLASSI,CLASSII",105,6402,2205.980769230769,2903,51.42063143147156,53.20139697322468,GCF_028858705.1,bGruAme1.mat,43.0,28324902,refseq,animal,479,392
Aphis gossypii,52,12,4,2,"BELPAO,COPIA,CR1,GYPSY,HAT,HELITRON,I,P,R1,RTE,TC1MARINER,TIR","HELITRON,LINE,LTR,TIR","CLASSI,CLASSII",252,11066,3898.75,3350,33.802940229234416,35.133717881489254,GCF_020184175.1,ASM2018417v2,27.5,3973335,refseq,animal,271,221
Tolypeutes matacus,51,6,4,2,"ERV,HAT,L1,LTR,TC1MARINER,TRNA","LINE,LTR,SINE,TIR","CLASSI,CLASSII",90,8588,2043.4705882352941,643,47.83707548214552,47.62312633832976,GCA_026826555.1,mTolMat1,39.5,129379,refseq,animal,527,431
Leersia perrieri,51,9,5,2,"COPIA,GYPSY,HELITRON,L1,LTR,P,PIFHARBINGER,SINE,TIR","HELITRON,LINE,LTR,SINE,TIR","CLASSI,CLASSII",105,6199,1486.3921568627452,721,44.848535814537605,43.4733257661748,GCA_000325765.3,Lperr_V1.4,42.5,46324,refseq,planta,725,593
Drosophila azteca,51,8,4,2,"BELPAO,CACTA,CR1,GYPSY,HAT,HELITRON,I,R1","HELITRON,LINE,LTR,TIR","CLASSI,CLASSII",1079,11181,6680.156862745098,6396,45.4952321547085,44.98595887308633,GCA_005876895.1,DaztRS1,44.0,17833963,refseq,animal,161,132
Sparus aurata,51,10,4,2,"CR1,DIRS,GYPSY,HAT,L1,LINE,PIFHARBINGER,PIGGYBAC,RTE,TC1MARINER","DIRS,LINE,LTR,TIR","CLASSI,CLASSII",561,6063,2565.8823529411766,1904,45.63670471701469,45.131659522351505,GCF_900880675.1,fSpaAur1.1,42.0,2862625,refseq,animal,420,343
Artibeus jamaicensis,50,5,4,2,"ERV,HAT,L1,TC1MARINER,TRNA","LINE,LTR,SINE,TIR","CLASSI,CLASSII",126,6275,1449.96,1158,46.64804774615932,48.029556650246306,GCF_021234435.1,CSHL_Jam_final,42.0,22092642,refseq,animal,758,620
Cynoglossus semilaevis,50,6,3,2,"CR1,ERV,HAT,LINE,RTE,TC1MARINER","LINE,LTR,TIR","CLASSI,CLASSII",180,4450,1595.5,1616,45.01978920213509,45.3416149068323,GCF_000523025.1,Cse_v1.0,41.0,27008,refseq,animal,689,564
Telmatactis stephensoni,50,1,1,1,GYPSY,LTR,CLASSI,4203,10121,5294.48,4563,43.90274625663224,44.095022624434385,GCA_029948255.1,QUT_TelSte_1.0,37.5,602521,refseq,animal,207,169
Solanum lycopersicum,50,10,3,2,"CACTA,COPIA,ERV,GYPSY,HAT,MULE,PIFHARBINGER,TC1MARINER,TIR,TRNA","LTR,SINE,TIR","CLASSI,CLASSII",121,17902,2274.28,372,37.29121214055374,36.260162601626014,GCF_036512215.1,SLM_r2.1,35.0,20171672,refseq,planta,483,395
Biomphalaria glabrata,50,2,2,1,"GYPSY,I","LINE,LTR",CLASSI,1482,9962,6197.32,6565,40.38313885390775,39.762278537788745,GCF_947242115.1,xgBioGlab47.1,36.0,10774472,refseq,animal,177,145
Kryptolebias hermaphroditus,49,4,2,1,"BELPAO,COPIA,DIRS,GYPSY","DIRS,LTR",CLASSI,4355,7482,5637.163265306122,5691,49.09558409546925,49.92698064987221,GCA_007896545.1,ASM789654v1,40.5,46411,refseq,animal,199,162
Aplysia californica,49,14,5,2,"ACADEM-1,CACTA,COPIA,CR1,DIRS,GYPSY,KOLOBOK,L1,LINE,MERLIN,P,RTE,TC1MARINER,TRNA","DIRS,LINE,LTR,SINE,TIR","CLASSI,CLASSII",231,6157,3446.530612244898,3779,44.59098453498702,43.68650217706821,GCF_000002075.1,AplCal3.0,40.5,9584,refseq,animal,325,266
Tadarida brasiliensis,49,7,4,2,"ERV,HAT,L1,LTR,RTE,TC1MARINER,TRNA","LINE,LTR,SINE,TIR","CLASSI,CLASSII",127,6332,1198.061224489796,643,47.276935170091605,47.02127659574468,GCA_030848825.1,DD_mTadBra1_pri,42.5,86333355,refseq,animal,936,766
Avicennia marina,49,5,2,2,"CACTA,COPIA,GYPSY,HAT,MULE","LTR,TIR","CLASSI,CLASSII",3899,14708,6426.102040816327,5381,40.923502168418274,41.307264711520034,GCA_019155195.1,amgenome_v1.0,33.5,3005646,refseq,planta,174,142
Thunnus albacares,49,8,3,2,"CR1,I,L1,RTE,SINE,TC1MARINER,TIR,TRNA","LINE,SINE,TIR","CLASSI,CLASSII",185,5715,2158.6938775510203,1720,41.748331412519896,41.190075693860386,GCF_914725855.1,fThuAlb1.1,39.5,26795544,refseq,animal,519,425
Dromas ardeola,49,5,4,2,"CR1,CRYPTON,ERV,HAT,TIR","CRYPTON,LINE,LTR,TIR","CLASSI,CLASSII",258,3722,1662.142857142857,1463,51.238799450892984,51.28779395296752,GCA_013398915.1,ASM1339891v1,42.0,40991,refseq,animal,675,552
Dasyprocta punctata,48,6,4,2,"ERV,L1,LTR,PIGGYBAC,SINE,TC1MARINER","LINE,LTR,SINE,TIR","CLASSI,CLASSII",193,6204,1312.875,812,46.72372659252964,45.8966565349544,GCA_004363535.1,DasPun_v1_BIUU,41.0,38650,refseq,animal,872,714
Anopheles stephensi,48,3,1,1,"BELPAO,COPIA,GYPSY",LTR,CLASSI,2860,9323,5654.25,5610,45.89201005605028,46.387139542591974,GCF_013141755.1,UCI_ANSTEP_V1.0,45.0,38117870,refseq,animal,202,165
Auricularia delicata,48,2,1,1,"COPIA,GYPSY",LTR,CLASSI,4617,12185,8806.604166666666,9794,58.983588325941135,58.40534521158129,N/A,N/A,,,failed,hongo,130,106
Nannospalax galili,48,4,2,1,"ALU,ERV,LTR,SINE","LTR,SINE",CLASSI,156,9535,2256.5833333333335,546,50.19996418986318,49.99174236168456,GCF_000622305.1,S.galili_v1.0,41.5,30353,refseq,animal,507,415
Saccostrea glomerata,48,12,4,2,"ACADEM-1,CR1,KOLOBOK,L1,MERLIN,MULE,PIFHARBINGER,PLE,RTE,SINE,TC1MARINER,TRNA","LINE,PLE,SINE,TIR","CLASSI,CLASSII",136,5973,3022.9791666666665,3055,37.58310114481778,36.60229330114665,GCA_003671525.1,Sgl1.0,33.5,39540,refseq,animal,379,310
Dracunculus medinensis,48,4,2,1,"BELPAO,CR1,LINE,RTE","LINE,LTR",CLASSI,773,5941,3345.0416666666665,3326,41.46135537753087,44.10724808485563,GCA_900625125.1,D_medinensis_Ghana_0011_upd,30.0,359924,refseq,animal,342,280
Acridotheres javanicus,48,3,3,1,"CR1,ERV,SINE","LINE,LTR,SINE",CLASSI,138,6391,914.3958333333334,624,47.466878178070495,48.769574944071586,GCA_002849675.1,ASM284967v1,41.5,144184,refseq,animal,1253,1025
Ardeotis kori,48,7,4,2,"CR1,ERV,HAT,RTE,SINE,TIR,TRNA","LINE,LTR,SINE,TIR","CLASSI,CLASSII",110,6088,2040.875,2072,52.20486213245993,53.669615108773606,GCA_013396375.1,ASM1339637v1,41.5,53368,refseq,animal,561,459
Lepisosteus oculatus,47,8,3,2,"CR1,GYPSY,HAT,L1,LINE,LTR,RTE,TC1MARINER","LINE,LTR,TIR","CLASSI,CLASSII",180,5367,2288.148936170213,1655,44.677963440328014,43.56395816572808,GCF_040954835.1,fLepOcu1.hap2,40.5,20019514,refseq,animal,511,418
Cricetomys gambianus,47,6,4,2,"ALU,ERV,HAT,L1,LTR,SINE","LINE,LTR,SINE,TIR","CLASSI,CLASSII",156,3726,811.2340425531914,572,48.18502624986714,46.96969696969697,GCA_004027575.1,CriGam_v1_BIUU,42.0,80761,refseq,animal,1442,1180
Dreissena rostriformis,47,8,2,2,"ACADEM-1,CR1,HAT,I,L1,PIFHARBINGER,RTE,TC1MARINER","LINE,TIR","CLASSI,CLASSII",1288,5579,3937.553191489362,4025,38.336897259788344,36.388244392884765,GCA_007657795.1,UV_Dro_v1.1,35.0,45905,refseq,animal,297,243
Glis glis,47,5,3,1,"ALU,ERV,L1,LTR,SINE","LINE,LTR,SINE",CLASSI,176,2262,590.0851063829788,483,49.13125400243456,49.43609022556391,GCA_004027185.1,GliGli_v1_BIUU,42.5,26062,refseq,animal,1983,1622
Ziphius cavirostris,47,5,4,2,"ERV,HAT,L1,TC1MARINER,TRNA","LINE,LTR,SINE,TIR","CLASSI,CLASSII",120,5989,873.1702127659574,520,48.265357126936145,48.03921568627451,GCA_004364475.1,ZipCav_v1_BIUU,42.0,3606,refseq,animal,1340,1096
Ovis canadensis,46,7,4,2,"ALU,HAT,HELITRON,L1,SINE,TC1MARINER,TRNA","HELITRON,LINE,SINE,TIR","CLASSI,CLASSII",167,3947,1330.3478260869565,1061,41.88058756193522,40.61538461538461,GCF_042477335.2,ARS-UI_OviCan_v2,44.0,105224494,refseq,animal,898,735
Ovis aries,46,7,4,2,"ALU,HAT,HELITRON,L1,SINE,TC1MARINER,TRNA","HELITRON,LINE,SINE,TIR","CLASSI,CLASSII",167,3947,1330.3478260869565,1061,41.88058756193522,40.61538461538461,GCF_016772045.2,ARS-UI_Ramb_v3.0,42.0,43178051,refseq,animal,898,735
Otolemur garnettii,46,8,4,2,"ALU,ERV,HAT,L1,LTR,SINE,TC1MARINER,TRNA","LINE,LTR,SINE,TIR","CLASSI,CLASSII",99,5513,838.1739130434783,493,48.30870989716178,47.42268041237113,GCF_000181295.1,OtoGar3,41.0,27100,refseq,animal,1426,1167
Equus caballus,46,7,4,2,"ALU,HAT,HELITRON,L1,SINE,TC1MARINER,TRNA","HELITRON,LINE,SINE,TIR","CLASSI,CLASSII",167,3947,1330.3478260869565,1061,41.88058756193522,40.61538461538461,GCF_041296265.1,TB-T2T,43.0,99223387,refseq,animal,898,735
Pteropus vampyrus,46,7,4,2,"ALU,HAT,HELITRON,L1,SINE,TC1MARINER,TRNA","HELITRON,LINE,SINE,TIR","CLASSI,CLASSII",167,3947,1330.3478260869565,1061,41.88058756193522,40.61538461538461,GCF_902729225.1,Ma_sr-lr_union100,40.0,255763,refseq,animal,898,735
Selaginella moellendorffii,46,7,4,2,"COPIA,GYPSY,HELITRON,LTR,MERLIN,PIFHARBINGER,PLE","HELITRON,LTR,PLE,TIR","CLASSI,CLASSII",325,12568,5670.304347826087,5237,47.757303934614754,49.821315955434095,GCF_000143415.4,v1.0,45.0,119796,refseq,planta,210,172
Scaptodrosophila lebanonensis,46,1,1,1,GYPSY,LTR,CLASSI,4482,11214,6963.478260869565,5865,41.44172402014391,40.46215290985165,GCF_003285725.1,SlebRS2,38.5,7854782,refseq,animal,171,140
Mustela putorius,46,7,4,2,"ALU,HAT,HELITRON,L1,SINE,TC1MARINER,TRNA","HELITRON,LINE,SINE,TIR","CLASSI,CLASSII",167,3947,1330.3478260869565,1061,41.88058756193522,40.61538461538461,GCF_011764305.1,ASM1176430v1.1,42.0,23598655,refseq,animal,898,735
Panthera tigris,46,7,4,2,"ALU,HAT,HELITRON,L1,SINE,TC1MARINER,TRNA","HELITRON,LINE,SINE,TIR","CLASSI,CLASSII",167,3947,1330.3478260869565,1061,41.88058756193522,40.61538461538461,GCF_018350195.1,P.tigris_Pti1_mat1.1,41.5,74391967,refseq,animal,898,735
Eptesicus fuscus,46,7,4,2,"ALU,HAT,HELITRON,L1,SINE,TC1MARINER,TRNA","HELITRON,LINE,SINE,TIR","CLASSI,CLASSII",167,3947,1330.3478260869565,1061,41.88058756193522,40.61538461538461,GCF_027574615.1,DD_ASM_mEF_20220401,43.5,49033427,refseq,animal,898,735
Miniopterus natalensis,46,7,4,2,"ALU,HAT,HELITRON,L1,SINE,TC1MARINER,TRNA","HELITRON,LINE,SINE,TIR","CLASSI,CLASSII",167,3947,1330.3478260869565,1061,41.88058756193522,40.61538461538461,GCF_001595765.1,Mnat.v1,42.0,29777,refseq,animal,898,735
Micronycteris hirsuta,46,7,4,2,"ALU,HAT,HELITRON,L1,SINE,TC1MARINER,TRNA","HELITRON,LINE,SINE,TIR","CLASSI,CLASSII",167,3947,1330.3478260869565,1061,41.88058756193522,40.61538461538461,GCA_004026765.1,MicHir_v1_BIUU,42.5,62961,refseq,animal,898,735
Trichechus manatus,46,7,4,2,"ALU,HAT,HELITRON,L1,SINE,TC1MARINER,TRNA","HELITRON,LINE,SINE,TIR","CLASSI,CLASSII",167,3947,1330.3478260869565,1061,41.88058756193522,40.61538461538461,GCF_000243295.1,TriManLat1.0,40.5,37750,refseq,animal,898,735
Trematomus loennbergii,46,4,2,1,"BELPAO,DIRS,ERV,GYPSY","DIRS,LTR",CLASSI,4314,13299,6560.869565217391,5687,49.99185216781588,50.47272727272727,GCA_012861695.1,KUTl01,41.0,968532,refseq,animal,182,149
Myotis lucifugus,46,7,4,2,"ALU,HAT,HELITRON,L1,SINE,TC1MARINER,TRNA","HELITRON,LINE,SINE,TIR","CLASSI,CLASSII",167,3947,1330.3478260869565,1061,41.88058756193522,40.61538461538461,GCF_000147115.1,Myoluc2.0,42.5,64330,refseq,animal,898,735
Dicerorhinus sumatrensis,46,7,4,2,"ALU,HAT,HELITRON,L1,SINE,TC1MARINER,TRNA","HELITRON,LINE,SINE,TIR","CLASSI,CLASSII",167,3947,1330.3478260869565,1061,41.88058756193522,40.61538461538461,GCA_014189135.1,NRM_Dsumatrensis_v1.fasta,41.0,70892,refseq,animal,898,735
Spirodela polyrhiza,46,4,2,2,"COPIA,GYPSY,HAT,LARD","LTR,TIR","CLASSI,CLASSII",113,10747,5685.413043478261,5499,40.42137158773828,38.13380281690141,GCA_024713555.1,Salk_sp9512.v2,42.5,4463637,refseq,planta,210,172
Solenodon paradoxus,46,7,4,2,"ALU,HAT,HELITRON,L1,SINE,TC1MARINER,TRNA","HELITRON,LINE,SINE,TIR","CLASSI,CLASSII",167,3947,1330.3478260869565,1061,41.88058756193522,40.61538461538461,GCA_004363575.1,SolPar_v1_BIUU,40.0,236847,refseq,animal,898,735
Matsumurasca onukii,46,2,1,1,"BELPAO,GYPSY",LTR,CLASSI,3008,11094,5120.652173913043,4500,38.467966815101306,37.72455089820359,GCA_018831715.1,ASM1883171v1,36.0,2169089,refseq,animal,233,191
Rangifer tarandus,46,7,4,2,"ALU,HAT,HELITRON,L1,SINE,TC1MARINER,TRNA","HELITRON,LINE,SINE,TIR","CLASSI,CLASSII",167,3947,1330.3478260869565,1061,41.88058756193522,40.61538461538461,GCA_949782905.1,mRanTar1.h1.1,42.5,22482685,refseq,animal,898,735
Batrachochytrium salamandrivorans,46,6,3,2,"COPIA,GYPSY,HAT,L1,LARD,LTR","LINE,LTR,TIR","CLASSI,CLASSII",1017,19169,6899.260869565217,6221,45.124785143963706,43.94935876356462,GCA_002006685.2,Batr_sala_V2,43.0,915035,refseq,hongo,173,141
Angiostrongylus vasorum,46,4,3,2,"BELPAO,LINE,RTE,TC1MARINER","LINE,LTR,TIR","CLASSI,CLASSII",1262,10052,3363.478260869565,3235,45.05101458073121,44.84467944481163,GCA_018806985.1,UZH_Avas_1.0,41.5,1361381,refseq,animal,355,290
Anseranas semipalmata,46,7,4,2,"CR1,ERV,HAT,KOLOBOK,SINE,TC1MARINER,TIR","LINE,LTR,SINE,TIR","CLASSI,CLASSII",110,3395,1609.0,1522,50.77176850660153,51.92504258943782,GCA_013399115.1,ASM1339911v1,41.5,53214,refseq,animal,743,607
Drosophila pseudoobscura,46,8,3,2,"BELPAO,CACTA,COPIA,GYPSY,HAT,LINE,R1,TC1MARINER","LINE,LTR,TIR","CLASSI,CLASSII",400,14124,6259.04347826087,6505,42.9406112785794,41.87092223593722,GCF_009870125.1,UCI_Dpse_MV25,45.0,30706867,refseq,animal,191,156
Felis catus,46,7,4,2,"ALU,HAT,HELITRON,L1,SINE,TC1MARINER,TRNA","HELITRON,LINE,SINE,TIR","CLASSI,CLASSII",167,3947,1330.3478260869565,1061,41.88058756193522,40.61538461538461,GCF_018350175.1,F.catus_Fca126_mat1.0,42.0,90731473,refseq,animal,898,735
Mastacembelus armatus,45,3,2,1,"DIRS,ERV,GYPSY","DIRS,LTR",CLASSI,4539,10442,6678.777777777777,6079,49.8327175419215,47.75481111903065,GCF_900324485.2,fMasArm1.2,40.5,8014513,refseq,animal,183,149
Hipposideros galeritus,45,6,4,2,"ERV,HAT,L1,PIGGYBAC,TC1MARINER,TRNA","LINE,LTR,SINE,TIR","CLASSI,CLASSII",140,3947,815.6,456,45.91351160621486,44.71299093655589,GCA_004027415.1,HipGal_v1_BIUU,41.5,33704,best_n50,animal,1498,1226
Bison bison,45,6,4,2,"ERV,HAT,L1,RTE,TC1MARINER,TRNA","LINE,LTR,SINE,TIR","CLASSI,CLASSII",115,5311,1780.4,1240,47.993415727256604,46.43387815750371,GCF_000754665.1,Bison_UMD1.0,42.0,19971,refseq,animal,686,561
Anarrhichthys ocellatus,44,8,4,2,"CR1,GYPSY,I,L1,LINE,RTE,SINE,TC1MARINER","LINE,LTR,SINE,TIR","CLASSI,CLASSII",315,5619,2537.818181818182,2265,47.412501535740745,49.65543644716692,GCF_004355925.1,GSC_Weel_1.0,42.0,41757,refseq,animal,492,402
Hipposideros armiger,44,6,4,2,"ERV,HAT,L1,PIGGYBAC,TC1MARINER,TRNA","LINE,LTR,SINE,TIR","CLASSI,CLASSII",156,4287,996.8409090909091,527,45.9361570867068,46.20486366985999,GCF_001890085.2,ASM189008v1,41.0,39869,refseq,animal,1253,1025
Larimichthys crocea,44,3,2,1,"DIRS,ERV,GYPSY","DIRS,LTR",CLASSI,4515,11614,6850.795454545455,6060,47.920018685932995,46.441296602068306,GCF_000972845.2,L_crocea_2.0,41.5,277487,refseq,animal,182,149
Peromyscus maniculatus,44,7,4,2,"ALU,HAT,HELITRON,L1,SINE,TC1MARINER,TRNA","HELITRON,LINE,SINE,TIR","CLASSI,CLASSII",167,3947,1392.2954545454545,1062,41.84091657461796,40.52953156822811,GCF_049852395.1,HU_Pman_BW_mat_3.1,42.5,32642229,refseq,animal,897,734
Linum usitatissimum,44,8,3,2,"CACTA,COPIA,GYPSY,HAT,L1,LTR,MULE,TIR","LINE,LTR,TIR","CLASSI,CLASSII",547,8693,4855.863636363636,4925,43.576336402271906,43.3811362382791,GCA_051167515.1,ASM5116751v1,37.0,32867627,refseq,planta,257,210
Ictidomys tridecemlineatus,44,7,4,2,"ALU,HAT,HELITRON,L1,SINE,TC1MARINER,TRNA","HELITRON,LINE,SINE,TIR","CLASSI,CLASSII",167,3947,1392.2954545454545,1062,41.84091657461796,40.52953156822811,GCF_016881025.1,HiC_Itri_2,40.0,44127,refseq,animal,897,734
Desoria tigrina,44,8,4,2,"BELPAO,CR1,GYPSY,HELITRON,LINE,MULE,R1,RTE","HELITRON,LINE,LTR,TIR","CLASSI,CLASSII",785,12878,5133.136363636364,5371,41.163191837813294,42.19653179190752,GCA_906901685.1,SCDETI_UL_ASM1,37.5,5628779,refseq,animal,243,199
Pseudocercospora ulei,44,2,1,1,"GYPSY,LARD",LTR,CLASSI,5877,6900,6204.181818181818,6025,50.1232554290687,51.68389463154385,GCA_016165855.1,IBUN_P_ulei_V1,50.5,2352044,refseq,hongo,201,164
Dipodomys ordii,44,7,4,2,"ALU,HAT,HELITRON,L1,SINE,TC1MARINER,TRNA","HELITRON,LINE,SINE,TIR","CLASSI,CLASSII",167,3947,1392.2954545454545,1062,41.84091657461796,40.52953156822811,GCF_000151885.1,Dord_2.0,42.0,48087,refseq,animal,897,734
Piromyces finnis,43,2,1,1,"COPIA,GYPSY",LTR,CLASSI,5140,10557,6708.0,6580,28.073464105748567,28.197848176927675,GCA_002104945.1,Piromyces sp. finnis v3.0,21.0,749539,refseq,hongo,190,156
Octodon degus,43,7,4,2,"ALU,ERV,L1,LTR,SINE,TC1MARINER,TRNA","LINE,LTR,SINE,TIR","CLASSI,CLASSII",89,5590,853.7674418604652,460,50.07040625581855,51.50784077201448,GCF_000260255.1,OctDeg1.0,41.5,19847,refseq,animal,1498,1225
Cuniculus paca,43,8,4,2,"ALU,ERV,HAT,L1,LTR,PIGGYBAC,SINE,TC1MARINER","LINE,LTR,SINE,TIR","CLASSI,CLASSII",125,5852,1558.2558139534883,927,45.45183455399456,44.707207207207205,GCA_004365215.1,CunPac_v1_BIUU,41.0,3890,refseq,animal,820,671
Cyclina sinensis,43,5,2,2,"CR1,HAT,KOLOBOK,L1,TC1MARINER","LINE,TIR","CLASSI,CLASSII",1327,5979,3033.0,2654,39.087115593101004,39.457601222307105,GCA_012932295.1,ASM1293229v1,34.0,2587078,refseq,animal,421,345
Tupaia chinensis,43,4,4,2,"ERV,L1,TC1MARINER,TRNA","LINE,LTR,SINE,TIR","CLASSI,CLASSII",123,2446,1142.2790697674418,1049,44.834412923916545,44.092664092664094,GCF_000334495.1,TupChi_1.0,41.5,25938,refseq,animal,1119,916
Crassostrea virginica,43,7,2,2,"CR1,KOLOBOK,L1,PIFHARBINGER,PIGGYBAC,RTE,TC1MARINER","LINE,TIR","CLASSI,CLASSII",1353,6463,3894.139534883721,4238,36.58313194156677,35.70767807585569,GCF_002022765.2,C_virginica-3.0,35.0,1971208,refseq,animal,328,268
Drosophila serrata,42,11,4,2,"BELPAO,CACTA,CR1,GYPSY,HELITRON,I,LINE,P,R1,RTE,TC1MARINER","HELITRON,LINE,LTR,TIR","CLASSI,CLASSII",845,10342,5267.0952380952385,5425,43.513955480707025,43.124368048533874,GCF_002093755.2,Dser1.1,39.0,954588,refseq,animal,248,203
Meloidogyne luci,42,9,5,2,"BELPAO,CR1,DIRS,GYPSY,HAT,HELITRON,LARD,LTR,MULE","DIRS,HELITRON,LINE,LTR,TIR","CLASSI,CLASSII",855,15868,5044.714285714285,4013,33.27215497853326,33.1890722207195,GCA_902706615.1,V13,30.0,1711905,refseq,animal,259,212
Metridium senile,42,3,2,1,"BELPAO,DIRS,GYPSY","DIRS,LTR",CLASSI,4283,8732,5469.666666666667,4807,42.7241916069872,42.790063617085735,GCA_949775045.1,jaMetSeni4.1,35.5,1819000,refseq,animal,239,195
Drosophila grimshawi,42,10,4,2,"BELPAO,CACTA,COPIA,CR1,GYPSY,HAT,HELITRON,PIFHARBINGER,R1,TC1MARINER","HELITRON,LINE,LTR,TIR","CLASSI,CLASSII",207,9416,3393.2619047619046,1648,38.446064431351886,39.26227356261486,GCF_018153295.1,ASM1815329v1,36.5,23286615,refseq,animal,385,315
Volvox carteri,42,7,5,2,"COPIA,DIRS,GYPSY,HAT,HELITRON,L1,RTE","DIRS,HELITRON,LINE,LTR,TIR","CLASSI,CLASSII",177,11414,5130.238095238095,5366,54.31119582009343,53.672316384180796,GCF_000143455.1,v1.0,56.0,43981,refseq,planta,255,208
Molossus molossus,41,7,4,2,"ERV,HAT,L1,LTR,RTE,TC1MARINER,TRNA","LINE,LTR,SINE,TIR","CLASSI,CLASSII",103,7758,1732.219512195122,684,47.98495758226525,48.333333333333336,GCF_014108415.1,mMolMol1.p,42.5,22174888,refseq,animal,774,633
Oplegnathus fasciatus,41,6,3,2,"CR1,HAT,LINE,RTE,SINE,TC1MARINER","LINE,SINE,TIR","CLASSI,CLASSII",320,3244,1751.9268292682927,1753,45.123130159444706,44.3609022556391,GCA_003416845.1,ASM341684v1,41.0,29992,refseq,animal,765,626
Tegillarca granosa,41,9,4,2,"HAT,I,KOLOBOK,MULE,PIFHARBINGER,PLE,RTE,TC1MARINER,TRNA","LINE,PLE,SINE,TIR","CLASSI,CLASSII",135,5791,2733.5853658536585,2838,37.96306361988133,36.728060671722645,GCA_029721355.1,KUTeg,31.5,463414,refseq,animal,490,401
Caenorhabditis inopinata,41,7,4,2,"BELPAO,CR1,DIRS,GYPSY,PIFHARBINGER,RTE,TC1MARINER","DIRS,LINE,LTR,TIR","CLASSI,CLASSII",553,16400,5856.634146341464,4787,43.7546411909697,43.53647276084949,GCA_003052745.1,Sp34_v7,38.5,9051690,refseq,animal,229,187
Sorex araneus,41,6,3,1,"ERV,L1,LTR,RTE,SINE,TRNA","LINE,LTR,SINE",CLASSI,176,5710,1581.341463414634,759,49.64589144125734,48.80952380952381,GCF_027595985.1,mSorAra2.pri,43.0,4024507,refseq,animal,848,694
Labrus bergylta,41,9,5,2,"CR1,DIRS,ERV,L1,LINE,P,RTE,SINE,TC1MARINER","DIRS,LINE,LTR,SINE,TIR","CLASSI,CLASSII",326,14470,2763.390243902439,2150,43.444048098214544,42.0672268907563,GCF_963930695.1,fLabBer1.1,40.5,2715806,refseq,animal,485,397
Atta cephalotes,41,5,2,2,"GYPSY,KOLOBOK,LTR,TC1MARINER,TIR","LTR,TIR","CLASSI,CLASSII",114,13963,2313.5365853658536,1266,40.20105450829484,40.683712388755474,GCF_000143395.1,Attacep1.0,32.5,14798,refseq,animal,579,474
Dasyornis broadbenti,41,5,4,2,"CR1,CRYPTON,ERV,HAT,TIR","CRYPTON,LINE,LTR,TIR","CLASSI,CLASSII",247,3938,1264.9512195121952,871,50.48154848732023,50.479846449136275,GCA_013397935.1,ASM1339793v1,42.0,67799,refseq,animal,1060,867
Charadrius vociferus,41,6,4,2,"CR1,ERV,LTR,SINE,TIR,TRNA","LINE,LTR,SINE,TIR","CLASSI,CLASSII",116,4132,2024.0975609756097,2153,50.77986855694785,50.67340067340067,GCF_000708025.1,ASM70802v2,42.0,39278,refseq,animal,662,542
Mormoops blainvillei,40,5,4,2,"ERV,HAT,L1,TC1MARINER,TRNA","LINE,LTR,SINE,TIR","CLASSI,CLASSII",130,5744,991.025,503,48.04198991665943,49.00369003690037,GCA_004026545.1,MorMeg_v1_BIUU,41.5,142682,refseq,animal,1387,1135
Aplodontia rufa,40,5,3,1,"ERV,L1,LTR,SINE,TRNA","LINE,LTR,SINE",CLASSI,177,6334,1341.025,696,49.10950206863479,49.48453608247423,GCA_004027875.1,AplRuf_v1_BIUU,40.5,33245,refseq,animal,1025,838
Triticum monococcum,40,8,2,2,"CACTA,COPIA,GYPSY,LTR,MULE,PIFHARBINGER,TC1MARINER,TIR","LTR,TIR","CLASSI,CLASSII",103,14733,6939.5,8533,45.83148851243267,44.957983193277315,GCA_034509565.1,PI306540_Tmono,46.5,131199207,refseq,planta,198,162
Rhizophagus clarus,40,9,4,2,"GYPSY,HAT,HELITRON,I,LINE,MULE,PIFHARBINGER,TC1MARINER,TIR","HELITRON,LINE,LTR,TIR","CLASSI,CLASSII",1323,9809,4312.225,3354,31.799927942586073,32.08238973363529,GCA_015698045.1,RCL21,28.0,1306809,refseq,hongo,318,260
Laccaria bicolor,40,5,2,2,"ACADEM-1,COPIA,GYPSY,HAT,TC1MARINER","LTR,TIR","CLASSI,CLASSII",3349,19488,8286.875,7531,47.958067493905666,48.29953198127925,GCF_000143565.1,V1.0,47.0,71011,refseq,hongo,165,135
Desmodus rotundus,40,6,4,2,"ERV,HAT,L1,LTR,TC1MARINER,TRNA","LINE,LTR,SINE,TIR","CLASSI,CLASSII",130,5876,1009.975,571,47.487149142363776,48.95833333333333,GCF_022682495.2,HLdesRot8A.1,43.0,6739964,refseq,animal,1361,1113
Galendromus occidentalis,40,11,5,2,"BELPAO,CR1,DIRS,HAT,HELITRON,I,LINE,MULE,R1,RTE,TC1MARINER","DIRS,HELITRON,LINE,LTR,TIR","CLASSI,CLASSII",502,7407,2526.0,2547,50.24759047800772,49.40092165898618,GCF_000255335.2,Mocc_1.1,51.5,201424,refseq,animal,544,445
Cathartes aura,40,6,4,2,"CR1,ERV,PIFHARBINGER,SINE,TIR,TRNA","LINE,LTR,SINE,TIR","CLASSI,CLASSII",124,4232,1414.5,915,49.5325673776306,50.98841172460804,GCA_000699945.1,ASM69994v1,41.0,15248,refseq,animal,972,795
Infundibulicybe gibba,39,5,4,2,"COPIA,DIRS,GYPSY,HELITRON,TC1MARINER","DIRS,HELITRON,LTR,TIR","CLASSI,CLASSII",481,13887,5656.5641025641025,6144,49.314773781536815,47.720618987871184,GCA_015501065.1,Cligib1,50.0,176101,refseq,hongo,249,203
Tuber melanosporum,39,6,3,2,"COPIA,GYPSY,HELITRON,MULE,PIFHARBINGER,TC1MARINER","HELITRON,LTR,TIR","CLASSI,CLASSII",1177,10598,4339.51282051282,3727,44.44855435021394,44.09032963030413,GCF_000151645.1,ASM15164v1,45.0,63046,refseq,hongo,324,265
Ellobius talpinus,39,5,2,1,"ALU,ERV,LTR,SINE,TRNA","LTR,SINE",CLASSI,148,1399,439.3333333333333,373,50.17392609662755,48.90965732087228,GCA_001685095.1,ETalpinus_0.1,41.5,8259,refseq,animal,3209,2626
Steatornis caripensis,39,7,4,2,"CR1,ERV,LARD,RTE,SINE,TIR,TRNA","LINE,LTR,SINE,TIR","CLASSI,CLASSII",130,4409,2420.1794871794873,3054,50.747126433020725,52.83536585365853,GCA_013398225.1,ASM1339822v1,42.5,38015,refseq,animal,582,476
Okapia johnstoni,39,6,4,2,"ERV,HAT,L1,RTE,TC1MARINER,TRNA","LINE,LTR,SINE,TIR","CLASSI,CLASSII",127,5131,1293.2307692307693,655,46.84123423292778,45.08816120906801,GCA_024291935.2,TBG_Okapi_asm_v1,42.0,61700678,refseq,animal,1090,892
Aspergillus latus,39,7,3,2,"COPIA,GYPSY,HAT,I,LTR,TC1MARINER,TIR","LINE,LTR,TIR","CLASSI,CLASSII",125,5816,3340.948717948718,4013,46.284891367194035,45.24524524524524,GCA_041684185.1,ASM4168418v1,50.0,3609195,refseq,hongo,422,345
Parambassis ranga,39,7,4,2,"CR1,DIRS,ERV,GYPSY,L1,RTE,TC1MARINER","DIRS,LINE,LTR,TIR","CLASSI,CLASSII",1634,11087,6184.974358974359,5918,48.3699653694576,47.35808931784721,GCF_900634625.1,fParRan2.1,42.5,5080925,refseq,animal,228,186
Citrus sinensis,39,2,2,2,"HAT,TRNA","SINE,TIR","CLASSI,CLASSII",141,3863,600.3076923076923,437,38.689143558425386,37.30261454827854,GCF_022201045.2,DVS_A1.0,34.0,32942340,refseq,planta,2349,1922
Graphiurus murinus,39,4,3,1,"ERV,L1,LTR,SINE","LINE,LTR,SINE",CLASSI,201,7008,962.8974358974359,495,51.315844171987564,50.83932853717026,GCA_004027655.1,GraMur_v1_BIUU,41.5,22138,refseq,animal,1464,1198
Septoria linicola,38,6,3,2,"COPIA,GYPSY,HAT,HELITRON,TC1MARINER,TIR","HELITRON,LTR,TIR","CLASSI,CLASSII",397,13287,4397.868421052632,3570,37.50650264675936,36.472448057813914,GCA_024114885.1,ASM2411488v1,48.0,2857637,refseq,hongo,329,269
Physcomitrium patens,38,6,3,2,"COPIA,GYPSY,HELITRON,MULE,TC1MARINER,TIR","HELITRON,LTR,TIR","CLASSI,CLASSII",172,10548,3791.815789473684,4763,37.43170735931387,37.97697368421053,GCF_000002425.5,Phypa V5,33.5,590131,refseq,planta,381,312
Elephantulus edwardii,38,5,3,1,"ERV,L1,LTR,RTE,TRNA","LINE,LTR,SINE",CLASSI,162,5336,1446.4473684210527,1141,44.798236580278115,44.418192557590075,GCF_000299155.1,EleEdw1.0,40.5,24219,refseq,animal,1000,818
Giraffa tippelskirchi,38,6,4,2,"ERV,HAT,L1,RTE,TC1MARINER,TRNA","LINE,LTR,SINE,TIR","CLASSI,CLASSII",114,7894,1555.0263157894738,545,48.36439451766083,46.554662770878984,GCA_013496395.1,ASM1349639v1,41.5,25031,refseq,animal,930,761
Diaphorina citri,38,8,4,2,"CR1,GYPSY,HELITRON,I,LINE,R1,RTE,SINE","HELITRON,LINE,LTR,SINE","CLASSI,CLASSII",257,3845,1745.2894736842106,1836,39.322642634695676,40.25974025974026,GCF_000475195.1,Diaci psyllid genome assembly version 1.1,38.0,34407,refseq,animal,829,678
Bos mutus,38,6,4,2,"ERV,HAT,L1,PIGGYBAC,RTE,TRNA","LINE,LTR,SINE,TIR","CLASSI,CLASSII",105,6776,1148.6842105263158,511,49.055883882141245,48.29178208679593,GCF_027580195.1,NWIPB_WYAK_1.1,42.0,38284421,refseq,animal,1260,1030
Modiolus philippinarum,38,11,3,2,"ACADEM-1,CR1,HAT,I,KOLOBOK,L1,MERLIN,MULE,PIGGYBAC,PLE,TC1MARINER","LINE,PLE,TIR","CLASSI,CLASSII",1365,6346,3742.842105263158,4041,35.09373228763974,35.313131313131315,GCA_002080025.1,Mph_v1.0,34.0,18389,refseq,animal,386,316
Microcebus murinus,38,6,4,2,"ALU,ERV,HAT,L1,PIGGYBAC,TC1MARINER","LINE,LTR,SINE,TIR","CLASSI,CLASSII",191,6359,1799.2631578947369,599,47.391156557667394,49.45717732207479,GCF_040939455.1,M.murinus_Inina_mat1.0,41.5,102817952,refseq,animal,804,658
Choloepus didactylus,38,3,3,2,"ERV,L1,TC1MARINER","LINE,LTR,TIR","CLASSI,CLASSII",356,5432,1199.1842105263158,639,45.67280210868259,47.01492537313433,GCF_015220235.1,mChoDid1.pri,40.0,20994632,refseq,animal,1206,987
Mesobuthus martensii,38,9,3,2,"BELPAO,COPIA,GYPSY,HAT,I,PIFHARBINGER,RTE,TC1MARINER,TIR","LINE,LTR,TIR","CLASSI,CLASSII",675,9122,3451.2894736842104,3176,39.61676667607626,38.664323374340945,GCA_000484575.1,M_martensii_Version_1,29.5,45228,refseq,animal,419,343
Puccinia horiana,37,3,2,2,"ACADEM-1,ERV,LTR","LTR,TIR","CLASSI,CLASSII",279,6029,902.5945945945946,727,45.61611857477437,44.96124031007752,GCA_001624995.1,ASM162499v1,43.0,2551593,refseq,hongo,1646,1347
Amphiprion percula,37,3,1,1,"COPIA,ERV,GYPSY",LTR,CLASSI,4349,12765,6234.27027027027,6081,46.52756210649566,46.11123421227565,GCA_003047355.2,Nemo_v1.1,39.5,3123421,refseq,animal,238,195
Muscardinus avellanarius,37,5,3,1,"ALU,ERV,L1,LTR,SINE","LINE,LTR,SINE",CLASSI,185,7357,1242.6756756756756,499,50.47184491883918,51.73913043478261,GCA_963383645.1,mMusAve1.1,41.5,2432660,refseq,animal,1196,978
Acomys cahirinus,37,5,4,2,"ALU,ERV,L1,SINE,TC1MARINER","LINE,LTR,SINE,TIR","CLASSI,CLASSII",156,7736,1156.4594594594594,532,48.11445270219657,46.85714285714286,GCA_029890205.1,ASM2989020v1,43.0,55022522,refseq,animal,1285,1051
Macroglossus sobrinus,37,6,4,2,"ERV,L1,PIGGYBAC,SINE,TC1MARINER,TRNA","LINE,LTR,SINE,TIR","CLASSI,CLASSII",143,3467,762.8918918918919,441,45.803869239122854,46.63974617825209,GCA_004027375.1,MacSob_v1_BIUU,39.5,338389,refseq,animal,1948,1594
Capromys pilorides,37,7,3,2,"ALU,ERV,LTR,PIGGYBAC,SINE,TC1MARINER,TRNA","LTR,SINE,TIR","CLASSI,CLASSII",136,2390,480.0,358,51.685134467325376,50.55555555555556,GCA_004027915.1,CapPil_v1_BIUU,42.0,4080,refseq,animal,3096,2533
Hemitragus hylocrius,37,7,4,2,"ERV,HAT,L1,PIGGYBAC,RTE,TC1MARINER,TRNA","LINE,LTR,SINE,TIR","CLASSI,CLASSII",120,7885,2035.7837837837837,678,47.2661033207289,46.16822429906542,GCA_004026825.1,HemHyl_v1_BIUU,42.5,66552,refseq,animal,730,597
Anoura caudifer,37,5,4,2,"ERV,HAT,L1,TC1MARINER,TRNA","LINE,LTR,SINE,TIR","CLASSI,CLASSII",177,5762,1246.6486486486488,526,47.10708036497835,48.40637450199203,GCA_004027475.1,AnoCau_v1_BIUU,42.0,143417,refseq,animal,1192,975
Capsicum chinense,37,5,2,2,"HAT,MULE,PIFHARBINGER,TC1MARINER,TRNA","SINE,TIR","CLASSI,CLASSII",115,448,226.02702702702703,216,46.127344033111626,51.30434782608696,GCA_026120095.1,Arnaucho_INIA,35.0,17810,refseq,planta,6576,5380
Laccaria trichodermophora,37,9,5,2,"COPIA,DIRS,GYPSY,HAT,HELITRON,LARD,LINE,RTE,TC1MARINER","DIRS,HELITRON,LINE,LTR,TIR","CLASSI,CLASSII",581,13857,4893.027027027027,5043,45.06911231774836,43.64268637252771,GCA_018417955.1,ASM1841795v1,47.0,1360153,refseq,hongo,303,248
Silurus meridionalis,37,2,2,1,"DIRS,GYPSY","DIRS,LTR",CLASSI,4346,9595,6531.783783783784,6480,48.1120637437683,45.779716466739366,GCF_014805685.1,ASM1480568v1,39.0,13195069,refseq,animal,227,186
Ciona intestinalis,36,10,4,2,"CR1,GYPSY,L1,MERLIN,MULE,P,PIFHARBINGER,PIGGYBAC,SINE,TIR","LINE,LTR,SINE,TIR","CLASSI,CLASSII",164,2969,662.1944444444445,580,38.743589631878635,38.83677298311445,GCF_000224145.3,KH,35.5,37096,refseq,animal,2307,1887
Myocastor coypus,36,7,4,2,"ALU,ERV,HAT,L1,LTR,SINE,TRNA","LINE,LTR,SINE,TIR","CLASSI,CLASSII",124,8122,738.8611111111111,373,51.83832958176525,53.2608695652174,GCA_004027025.1,MyoCoy_v1_BIUU,41.5,28446,refseq,animal,2067,1691
Nothocercus julius,36,3,2,2,"CR1,LINE,TIR","LINE,TIR","CLASSI,CLASSII",128,4464,2663.277777777778,2658,53.56050665621106,53.23551542513167,GCA_013398735.1,ASM1339873v1,41.5,37646,refseq,animal,573,469
Rhizophagus irregularis,36,8,4,2,"GYPSY,HAT,HELITRON,I,L1,MULE,PIFHARBINGER,TC1MARINER","HELITRON,LINE,LTR,TIR","CLASSI,CLASSII",1290,9446,2878.5,2500,32.51628061439173,32.86034353995519,GCF_026210795.1,ASM2621079v1,28.0,3900757,refseq,hongo,530,434
Orius insidiosus,36,2,2,2,"GYPSY,KOLOBOK","LTR,TIR","CLASSI,CLASSII",4550,10631,5861.361111111111,5779,40.410876859450724,40.28812717337307,GCA_014119065.1,ASM1411906v1,36.5,102366,refseq,animal,260,213
Hyaloscypha finlandica,35,4,2,2,"COPIA,GYPSY,LARD,TC1MARINER","LTR,TIR","CLASSI,CLASSII",1193,10644,6585.257142857143,6504,37.26130908904405,33.638917640100544,GCA_021399475.1,Hyafin1,45.0,359327,refseq,hongo,238,195
Pipistrellus kuhlii,35,6,5,2,"ERV,HAT,HELITRON,L1,TC1MARINER,TRNA","HELITRON,LINE,LTR,SINE,TIR","CLASSI,CLASSII",152,5090,994.0,553,52.70539246588096,51.41242937853108,GCF_014108245.1,mPipKuh1.p,42.5,10591995,refseq,animal,1580,1293
Trichogramma pretiosum,35,11,5,2,"COPIA,CR1,DIRS,GYPSY,HELITRON,I,LINE,LTR,P,R1,TIR","DIRS,HELITRON,LINE,LTR,TIR","CLASSI,CLASSII",868,9153,3906.2285714285713,4072,46.758670958841385,46.73684210526316,GCF_000599845.2,Tpre_2.0,40.0,573774,refseq,animal,402,329
Eubalaena japonica,35,6,4,2,"ERV,HAT,L1,SINE,TC1MARINER,TRNA","LINE,LTR,SINE,TIR","CLASSI,CLASSII",169,5721,922.0571428571428,505,46.516857670075986,45.73170731707317,GCA_004363455.1,EubJap_v1_BIUU,41.0,34866,refseq,animal,1704,1394
Coprinopsis cinerea,35,11,6,2,"CACTA,COPIA,DIRS,GYPSY,HAT,HELITRON,LINE,LTR,PLE,RTE,TC1MARINER","DIRS,HELITRON,LINE,LTR,PLE,TIR","CLASSI,CLASSII",269,17740,6048.657142857143,6133,52.48918728295026,51.88811188811189,GCF_000182895.1,CC3,51.5,3468139,refseq,hongo,259,212
Mus pahari,35,4,3,1,"ALU,ERV,L1,SINE","LINE,LTR,SINE",CLASSI,188,6535,1446.5714285714287,637,49.57419046727198,49.7196261682243,GCF_900095145.1,PAHARI_EIJ_v1.1,42.0,29465,refseq,animal,1086,888
Xerus inauris,35,4,3,1,"ERV,L1,LTR,SINE","LINE,LTR,SINE",CLASSI,126,6839,1680.2,496,48.123122192982045,49.014084507042256,GCA_004024805.1,XerIna_v1_BIUU,40.0,64054,refseq,animal,935,765
Myrmecophaga tridactyla,35,6,4,2,"ERV,L1,LTR,SINE,TC1MARINER,TRNA","LINE,LTR,SINE,TIR","CLASSI,CLASSII",95,8204,1483.7428571428572,598,47.36599277775675,46.56191661481021,GCA_004026745.1,MyrTri_v1_BIUU,39.5,36434,refseq,animal,1059,866
Nycticebus coucang,35,7,4,2,"ALU,ERV,HAT,L1,SINE,TC1MARINER,TRNA","LINE,LTR,SINE,TIR","CLASSI,CLASSII",98,1306,465.54285714285714,277,49.03088330338581,46.8421052631579,GCF_027406575.1,mNycCou1.pri,41.0,41197715,refseq,animal,3375,2761
Mirza coquereli,35,7,4,2,"ALU,ERV,HAT,L1,LTR,PIGGYBAC,TC1MARINER","LINE,LTR,SINE,TIR","CLASSI,CLASSII",191,2480,509.6857142857143,401,50.275416196112396,50.49261083743842,GCA_004024645.1,MizCoq_v1_BIUU,41.0,60596,refseq,animal,3083,2522
Aethina tumida,35,6,3,2,"CR1,GYPSY,I,LINE,R1,TC1MARINER","LINE,LTR,TIR","CLASSI,CLASSII",302,6180,1927.4571428571428,1518,38.10744159292384,37.87396562698918,GCF_024364675.1,icAetTumi1.1,28.0,11742490,refseq,animal,815,667
Dendrobium officinale,35,7,3,2,"CACTA,GYPSY,HAT,LTR,MULE,PIFHARBINGER,RTE","LINE,LTR,TIR","CLASSI,CLASSII",222,8454,1151.3142857142857,636,43.096732747318065,38.655462184873954,GCA_019514585.1,ASM1951458v1,35.5,1457108,refseq,planta,1364,1116
Cheirogaleus medius,35,6,4,2,"ALU,ERV,HAT,L1,PIGGYBAC,TC1MARINER","LINE,LTR,SINE,TIR","CLASSI,CLASSII",129,5407,924.6571428571428,449,48.45168930431543,48.30097087378641,GCA_008086735.1,ASM808673v1,40.0,34905,refseq,animal,1699,1390
Mesitornis unicolor,35,6,4,2,"CR1,ERV,LARD,TC1MARINER,TIR,TRNA","LINE,LTR,SINE,TIR","CLASSI,CLASSII",157,4190,1608.6571428571428,1250,50.636468412188655,51.967849223946786,GCF_000695765.1,ASM69576v1,41.5,22740,refseq,animal,976,799
Carcina quercana,34,1,1,1,BELPAO,LTR,CLASSI,2837,7786,6123.941176470588,6278,43.65663880313096,43.2793136320305,GCA_910589575.2,ilCarQuer1.2,37.5,13030025,refseq,animal,264,216
Falco peregrinus,34,5,3,2,"CR1,ERV,GYPSY,LARD,TIR","LINE,LTR,TIR","CLASSI,CLASSII",121,6474,2368.0588235294117,2579,49.48869722154826,51.26964933494559,GCF_023634155.1,bFalPer1.pri,42.5,15744644,refseq,animal,683,558
Anopheles merus,34,1,1,1,GYPSY,LTR,CLASSI,4390,7224,5551.970588235294,5204,41.92109661981482,42.63597474027297,GCF_017562075.2,AmerM5.1,44.0,2729089,refseq,animal,291,238
Elaphurus davidianus,34,6,4,2,"ERV,HAT,L1,RTE,TC1MARINER,TRNA","LINE,LTR,SINE,TIR","CLASSI,CLASSII",121,5491,1457.5294117647059,657,47.02404301757878,46.37362637362637,GCA_021018665.1,miluL,41.5,32707,refseq,animal,1109,908
Thaleichthys pacificus,34,11,5,2,"CR1,DIRS,ERV,GYPSY,HELITRON,L1,LARD,LINE,PIFHARBINGER,RTE,TC1MARINER","DIRS,HELITRON,LINE,LTR,TIR","CLASSI,CLASSII",421,10071,3562.735294117647,3310,44.978068675292654,44.29741650913673,GCA_023658055.1,Tpac_2.0,46.0,928839,refseq,animal,454,371
Pantholops hodgsonii,34,6,4,2,"ERV,HAT,L1,RTE,TC1MARINER,TRNA","LINE,LTR,SINE,TIR","CLASSI,CLASSII",120,5660,938.9117647058823,454,50.21063615222016,49.85865724381625,GCA_040182635.1,NWIPB_Pahodg_1.0,44.5,84561976,refseq,animal,1722,1409
Chironomus riparius,34,9,3,2,"BELPAO,COPIA,CR1,GYPSY,HAT,I,R1,RTE,TC1MARINER","LINE,LTR,TIR","CLASSI,CLASSII",895,9207,3619.970588235294,4046,34.937363378107314,33.53028064992615,GCA_917627325.4,PGI_CHIRRI_v4,30.5,19590381,refseq,animal,446,365
Hirundo rustica,34,1,1,1,ERV,LTR,CLASSI,6094,10698,8916.029411764706,9242,47.00777696746845,47.183537726044484,GCF_015227805.2,bHirRus1.pri.v3,42.5,2794774,refseq,animal,181,148
Tragulus javanicus,34,5,3,1,"ERV,L1,LTR,RTE,TRNA","LINE,LTR,SINE",CLASSI,121,4508,1028.9705882352941,544,49.09449586483022,48.96551724137931,GCA_004024965.2,ASM402496v2,42.5,80230,refseq,animal,1572,1286
Nothoprocta ornata,33,8,4,2,"CR1,CRYPTON,HAT,LINE,RTE,SINE,TC1MARINER,TIR","CRYPTON,LINE,SINE,TIR","CLASSI,CLASSII",108,4147,1585.2424242424242,1307,48.5110023305701,51.433121019108285,GCA_013398335.1,ASM1339833v1,42.0,47308,refseq,animal,1051,860
Dinomys branickii,33,7,4,2,"ALU,ERV,L1,LTR,PIGGYBAC,SINE,TC1MARINER","LINE,LTR,SINE,TIR","CLASSI,CLASSII",87,6201,1387.060606060606,609,47.35144027731938,49.35123042505593,GCA_004027595.1,DinBra_v1_BIUU,42.0,64805,refseq,animal,1201,983
Edaphochlamys debaryana,33,6,3,1,"GYPSY,L1,LARD,LINE,PLE,RTE","LINE,LTR,PLE",CLASSI,293,13717,2754.2727272727275,1070,65.80600663084726,66.16822429906543,GCA_016858145.1,ASM1685814v1,67.0,726162,refseq,planta,605,495
Ctenomys sociabilis,33,7,4,2,"ALU,ERV,L1,LTR,SINE,TC1MARINER,TRNA","LINE,LTR,SINE,TIR","CLASSI,CLASSII",88,5271,1034.6666666666667,492,48.075341273473995,47.86206896551724,GCA_004027165.1,CteSoc_v1_BIUU,40.5,37562,refseq,animal,1610,1317
Columba livia,33,4,3,2,"CR1,ERV,LTR,TC1MARINER","LINE,LTR,TIR","CLASSI,CLASSII",537,9537,2886.939393939394,2114,51.055593832504876,51.46153846153846,GCF_036013475.1,bColLiv1.pat.W.v2,42.0,14042120,refseq,animal,577,472
Ochotona princeps,33,5,3,1,"ERV,L1,LINE,LTR,TRNA","LINE,LTR,SINE",CLASSI,155,5703,1413.2121212121212,716,49.163491661313074,50.46210720887245,GCF_030435755.1,mOchPri1.hap1,44.0,12191025,refseq,animal,1179,964
Uropsilus gracilis,33,5,3,1,"ALU,ERV,L1,LINE,LTR","LINE,LTR,SINE",CLASSI,257,5809,1298.1818181818182,740,50.64632930650137,51.50375939849624,GCA_004024945.1,UroGra_v1_BIUU,41.0,43618,refseq,animal,1283,1050
Mizuhopecten yessoensis,33,9,3,2,"ACADEM-1,CR1,I,KOLOBOK,L1,LINE,RTE,TC1MARINER,TRNA","LINE,SINE,TIR","CLASSI,CLASSII",136,6361,4144.333333333333,4563,38.22215616380717,35.9504132231405,GCF_002113885.1,ASM211388v2,36.5,65014,refseq,animal,402,329
Dolichotis patagonum,33,6,4,2,"ALU,ERV,HAT,L1,PIGGYBAC,SINE","LINE,LTR,SINE,TIR","CLASSI,CLASSII",86,7497,1713.030303030303,870,45.81474448402975,45.97701149425287,GCA_004027295.1,DolPat_v1_BIUU,40.0,27983,refseq,animal,972,796
Gallus gallus,33,4,3,2,"CR1,ERV,LTR,TC1MARINER","LINE,LTR,TIR","CLASSI,CLASSII",220,8268,3322.4545454545455,2754,48.9781063099669,49.159120310478656,GCF_016699485.2,bGalGal1.mat.broiler.GRCg7b,42.0,18834961,refseq,animal,501,410
Nothoprocta pentlandii,32,5,4,2,"CR1,CRYPTON,ERV,TC1MARINER,TIR","CRYPTON,LINE,LTR,TIR","CLASSI,CLASSII",112,3827,1992.1875,2212,49.66316138213639,53.79095163806552,GCA_013398315.1,ASM1339831v1,41.5,45203,refseq,animal,862,705
Clonorchis sinensis,32,4,3,1,"BELPAO,GYPSY,LINE,PLE","LINE,LTR,PLE",CLASSI,1984,7020,4598.28125,4748,47.23870172292015,46.79313459801265,GCA_003604175.2,CSKR.v2,44.0,838796,refseq,animal,373,305
Fusarium poae,32,5,2,2,"COPIA,GYPSY,HAT,MULE,TC1MARINER","LTR,TIR","CLASSI,CLASSII",1852,6557,2945.375,2838,48.89730089880437,48.79448909299656,GCF_019609905.1,ASM1960990v1,46.5,9989830,refseq,hongo,583,477
Scophthalmus maximus,32,7,3,2,"CR1,HAT,I,L1,RTE,SINE,TC1MARINER","LINE,SINE,TIR","CLASSI,CLASSII",375,5159,1989.6875,1578,46.95247072602131,47.37163814180929,GCF_022379125.1,ASM2237912v1,43.5,25762658,refseq,animal,863,706
Talaromyces stipitatus,32,4,2,2,"COPIA,GYPSY,PIFHARBINGER,TC1MARINER","LTR,TIR","CLASSI,CLASSII",218,7161,3787.3125,5533,44.42849502885839,44.74036850921273,GCF_000003125.1,JCVI-TSTA1-3.0,46.0,897397,refseq,hongo,453,371
Eschrichtius robustus,32,5,4,2,"ERV,HAT,L1,TC1MARINER,TRNA","LINE,LTR,SINE,TIR","CLASSI,CLASSII",122,2865,831.46875,616,47.12237166009129,46.48526077097506,GCF_028021215.1,mEscRob2.pri,41.5,39209000,refseq,animal,2067,1691
Jaculus jaculus,32,4,2,1,"ALU,ERV,LTR,TRNA","LTR,SINE",CLASSI,156,1913,538.0625,447,50.94217276312826,50.83798882681564,GCF_020740685.1,mJacJac1.mat.Y.cur,42.0,22104564,refseq,animal,3194,2613
Lepus americanus,32,5,4,2,"ERV,HAT,L1,LTR,TRNA","LINE,LTR,SINE,TIR","CLASSI,CLASSII",191,5998,683.4375,442,53.57605618737165,55.55555555555556,GCA_004026855.1,LepAme_v1_BIUU,44.0,15057,refseq,animal,2514,2057
Tonatia saurophila,32,5,4,2,"ERV,HAT,L1,TC1MARINER,TRNA","LINE,LTR,SINE,TIR","CLASSI,CLASSII",127,5356,953.9375,597,47.41565719993154,48.85644768856447,N/A,N/A,,,failed,animal,1801,1474
Turnix velox,32,3,3,2,"CR1,ERV,TIR","LINE,LTR,TIR","CLASSI,CLASSII",104,3448,1472.625,1499,50.345717569140284,50.5369551484523,GCA_013400935.1,ASM1340093v1,41.0,44031,refseq,animal,1167,954
Aspergillus nidulans,32,7,3,2,"COPIA,GYPSY,HAT,HELITRON,LTR,MULE,TC1MARINER","HELITRON,LTR,TIR","CLASSI,CLASSII",176,6809,2306.90625,1860,45.57132292110629,46.24505928853755,GCF_000011425.1,ASM1142v1,50.5,679860,refseq,hongo,745,609
Amanita rubescens,32,7,4,2,"COPIA,GYPSY,HAT,HELITRON,I,TC1MARINER,TIR","HELITRON,LINE,LTR,TIR","CLASSI,CLASSII",1609,16114,5914.09375,6286,46.84347835822964,46.372892141266306,GCA_965266955.1,gfAmaRube1.hap1.1,47.5,1583420,refseq,hongo,290,237
Diversispora versiformis,32,5,1,1,"HAT,KOLOBOK,MULE,PIFHARBINGER,TC1MARINER",TIR,CLASSII,2609,5500,3630.625,3505,29.65333567358359,29.78560490045942,N/A,N/A,,,failed,hongo,473,387
Mus caroli,31,4,4,2,"ERV,HAT,L1,SINE","LINE,LTR,SINE,TIR","CLASSI,CLASSII",191,6000,1397.1612903225807,611,48.1184145920041,47.94303797468354,GCF_900094665.2,CAROLI_EIJ_v1.1,41.5,30921,refseq,animal,1269,1038
Manis pentadactyla,31,4,3,2,"ERV,L1,LTR,TC1MARINER","LINE,LTR,TIR","CLASSI,CLASSII",249,8430,2549.7419354838707,2091,49.585627873611976,50.879120879120876,GCF_030020395.1,mManPen7.hap1,41.0,25547713,refseq,animal,695,569
Propithecus coquereli,31,7,4,2,"ALU,ERV,HAT,L1,LTR,PIGGYBAC,TC1MARINER","LINE,LTR,SINE,TIR","CLASSI,CLASSII",131,6533,1268.032258064516,514,48.50767667080663,49.56896551724138,GCF_000956105.1,Pcoq_1.0,41.0,28129,refseq,animal,1399,1144
Noctilio leporinus,31,7,4,2,"ERV,HAT,L1,LTR,PIGGYBAC,TC1MARINER,TRNA","LINE,LTR,SINE,TIR","CLASSI,CLASSII",123,5854,980.7741935483871,501,45.625429357201526,46.760070052539405,GCA_004026585.1,NocLep_v1_BIUU,41.0,135651,refseq,animal,1808,1480
Mellivora capensis,31,3,3,2,"ERV,TC1MARINER,TRNA","LTR,SINE,TIR","CLASSI,CLASSII",106,7381,652.6129032258065,377,52.270184629636056,53.559322033898304,GCA_004024625.1,MelCap_v1_BIUU,42.0,50213,refseq,animal,2718,2224
Tursiops truncatus,31,4,4,2,"ERV,L1,TC1MARINER,TRNA","LINE,LTR,SINE,TIR","CLASSI,CLASSII",121,5915,1183.483870967742,573,45.94988692005369,44.52054794520548,GCF_011762595.2,mTurTru1.mat.Y,41.5,9729386,refseq,animal,1499,1226
Sitobion miscanthi,31,5,3,2,"BELPAO,COPIA,GYPSY,HELITRON,TC1MARINER","HELITRON,LTR,TIR","CLASSI,CLASSII",398,12101,5162.387096774193,5023,37.986030328447974,39.36985919420047,GCA_008086715.1,ASM808671v1,30.0,1613763,refseq,animal,343,281
Lateolabrax maculatus,31,7,4,2,"CR1,GYPSY,HAT,RTE,SINE,TC1MARINER,TRNA","LINE,LTR,SINE,TIR","CLASSI,CLASSII",314,14911,2973.451612903226,2578,48.67157042219053,50.26881720430107,GCA_031216445.1,YSFRI_Lmacu_1.1,41.0,27954791,refseq,animal,596,488
Hydrochoerus hydrochaeris,31,3,3,1,"ALU,ERV,L1","LINE,LTR,SINE",CLASSI,116,7994,2525.935483870968,1232,45.50966642308478,44.4517256443862,GCA_004027455.1,HydHyd_v1_BIUU,40.0,148451,refseq,animal,702,574
Manis javanica,30,3,2,1,"ERV,L1,LTR","LINE,LTR",CLASSI,249,4711,754.5666666666667,461,50.40179976921188,50.70821529745042,GCF_040802235.1,MJ_LKY,41.0,61244301,refseq,animal,2429,1987
Phyllostomus discolor,30,3,2,2,"ERV,LTR,TC1MARINER","LTR,TIR","CLASSI,CLASSII",164,8533,1023.8666666666667,542,47.975881836345835,48.80829015544042,GCF_004126475.2,mPhyDis1.pri.v3,42.5,6892556,refseq,animal,1790,1465
Cariama cristata,30,3,3,2,"CR1,ERV,TIR","LINE,LTR,TIR","CLASSI,CLASSII",115,4584,2415.3,2944,51.5512671737709,51.32772020725389,GCF_000690535.1,ASM69053v1,41.0,24645,refseq,animal,759,621
Aptenodytes forsteri,30,4,3,2,"CR1,ERV,PIFHARBINGER,TIR","LINE,LTR,TIR","CLASSI,CLASSII",100,4580,1850.0333333333333,1323,51.34213673282785,51.28955065142249,GCF_000699145.1,ASM69914v1,41.5,31730,refseq,animal,990,810
Crocus sativus,30,5,3,1,"COPIA,GYPSY,RTE,SINE,TRNA","LINE,LTR,SINE",CLASSI,101,7357,892.3,130,53.2043896686695,56.14035087719298,GCA_029339355.1,CS_assembly_2,42.5,1759,best_n50,planta,2054,1681
Gavia stellata,30,6,5,2,"CR1,CRYPTON,ERV,SINE,TIR,TRNA","CRYPTON,LINE,LTR,SINE,TIR","CLASSI,CLASSII",103,4532,2428.133333333333,2893,51.14807873119595,52.297759210026584,GCF_030936135.1,bGavSte3.hap2,43.0,13765203,refseq,animal,755,617
Scalopus aquaticus,30,5,3,2,"CACTA,ERV,LTR,PIGGYBAC,TRNA","LTR,SINE,TIR","CLASSI,CLASSII",212,8275,958.3666666666667,520,48.30599757461966,48.924731182795696,GCA_004024925.1,ScaAqu_v1_BIUU,42.0,72421,refseq,animal,1912,1565
Mus spretus,29,4,3,2,"ALU,ERV,HAT,SINE","LTR,SINE,TIR","CLASSI,CLASSII",155,1971,582.7241379310345,472,50.36629266751842,51.27610208816705,GCA_921997135.2,SPRET_EiJ_v3,41.5,10023970,refseq,animal,3254,2662
Rhinolophus ferrumequinum,29,6,3,2,"ERV,HAT,LTR,PIGGYBAC,TC1MARINER,TRNA","LTR,SINE,TIR","CLASSI,CLASSII",212,5240,984.2413793103449,573,48.67072954365772,47.718773373223634,GCF_004115265.2,mRhiFer1_v1.p,40.5,31900497,refseq,animal,1926,1576
Harpagifer antarcticus,29,3,2,1,"DIRS,ERV,GYPSY","DIRS,LTR",CLASSI,4288,13185,6314.0344827586205,5345,50.553148456200674,50.22768670309654,GCA_902827135.1,fHarAnt1.1,42.0,1048452,refseq,animal,300,245
Fasciola gigantica,29,2,1,1,"BELPAO,GYPSY",LTR,CLASSI,4001,6961,5102.9655172413795,4859,48.38219348424745,49.08508691674291,GCA_018104335.1,GXU_FGig_PAC.1.0,44.5,4892498,refseq,animal,371,304
Inia geoffrensis,29,5,4,2,"ERV,HAT,L1,TC1MARINER,TRNA","LINE,LTR,SINE,TIR","CLASSI,CLASSII",121,2920,692.6551724137931,495,48.78237948843263,48.18652849740933,GCA_036417435.1,mIniGeo1.hap1,42.0,40892022,refseq,animal,2738,2240
Chinchilla lanigera,29,7,4,2,"ALU,ERV,L1,LTR,PIGGYBAC,SINE,TC1MARINER","LINE,LTR,SINE,TIR","CLASSI,CLASSII",99,3141,895.3448275862069,491,48.84019648606062,48.20359281437126,GCF_000276665.1,ChiLan1.0,41.0,61105,refseq,animal,2118,1733
Daubentonia madagascariensis,29,6,4,2,"ALU,ERV,HAT,L1,PIGGYBAC,TC1MARINER","LINE,LTR,SINE,TIR","CLASSI,CLASSII",199,5816,1049.0689655172414,569,46.48492511270935,46.96629213483146,GCA_044048945.1,DMad_hybrid,40.0,80435237,refseq,animal,1807,1479
Adineta vaga,29,4,3,2,"GYPSY,LINE,PIGGYBAC,TC1MARINER","LINE,LTR,TIR","CLASSI,CLASSII",1194,8967,6233.0344827586205,6827,36.023268028074725,36.26218724304005,GCA_021613535.1,ASM2161353v1,30.5,14694427,refseq,animal,304,248
Hystrix cristata,29,7,3,2,"ALU,ERV,HAT,LTR,PIGGYBAC,SINE,TC1MARINER","LTR,SINE,TIR","CLASSI,CLASSII",86,2749,517.7586206896551,382,47.208317012339606,48.40478564307079,GCA_004026905.1,HysCri_v1_BIUU,41.5,57102,refseq,animal,3663,2997
Opisthocomus hoazin,29,3,3,2,"CR1,ERV,TIR","LINE,LTR,TIR","CLASSI,CLASSII",225,4419,2167.137931034483,2094,52.80888136135948,54.374380983823045,GCF_030867145.1,bOpiHoa1.hap1,45.5,14274197,refseq,animal,875,716
Castor canadensis,29,3,3,1,"ERV,L1,SINE","LINE,LTR,SINE",CLASSI,196,8962,3265.2413793103447,3041,47.60309823764501,47.25347452018531,GCF_047511655.1,mCasCan1.hap1v2,39.5,59379167,refseq,animal,580,475
Colius striatus,29,5,4,2,"CR1,ERV,LARD,SINE,TIR","LINE,LTR,SINE,TIR","CLASSI,CLASSII",182,7666,2617.3793103448274,2412,50.487515726349386,51.84815184815184,GCF_028858725.1,bColStr4.1.hap1,42.5,21931325,refseq,animal,724,592
Rhizopus microsporus,29,6,5,2,"DIRS,GYPSY,HELITRON,RTE,TC1MARINER,TIR","DIRS,HELITRON,LINE,LTR,TIR","CLASSI,CLASSII",1600,7997,4078.689655172414,4228,39.93707071885757,39.59484346224678,GCF_002708625.1,Rhimi1_1,37.5,69381,refseq,hongo,464,380
Odocoileus virginianus,28,6,4,2,"ERV,HAT,L1,RTE,TC1MARINER,TRNA","LINE,LTR,SINE,TIR","CLASSI,CLASSII",121,5978,1301.2142857142858,599,48.08988618918283,48.13499111900533,GCF_023699985.2,Ovbor_1.2,41.5,21769372,refseq,animal,1509,1235
Tyto alba,28,5,4,2,"CR1,ERV,LARD,SINE,TIR","LINE,LTR,SINE,TIR","CLASSI,CLASSII",132,8963,2652.25,2846,50.40390150450332,49.64862965565706,GCF_018691265.1,T.alba_DEE_v4.0,41.5,17955177,refseq,animal,740,605
Camellia sinensis,28,6,3,2,"COPIA,HAT,LTR,PIFHARBINGER,TIR,TRNA","LTR,SINE,TIR","CLASSI,CLASSII",158,7594,1105.5357142857142,229,47.95188833051366,49.71098265895954,GCF_004153795.1,AHAU_CSS_1,38.0,67047,refseq,planta,1776,1453
Schistosoma mansoni,28,8,5,2,"BELPAO,CACTA,CR1,GYPSY,LINE,PLE,RTE,TRNA","LINE,LTR,PLE,SINE,TIR","CLASSI,CLASSII",335,6648,3711.714285714286,4300,42.89923501127604,43.309859154929576,GCA_000237925.5,SM_V9,35.5,4473015,refseq,animal,529,432
Psammomys obesus,28,5,4,2,"ALU,ERV,HAT,L1,SINE","LINE,LTR,SINE,TIR","CLASSI,CLASSII",88,5587,1708.75,608,47.14135787882427,45.83333333333333,GCF_907164565.1,mPsaObe1.curated_primary_1811,42.0,77214,refseq,animal,1149,940
Mus musculus,27,2,2,1,"ERV,L1","LINE,LTR",CLASSI,337,7601,2257.8518518518517,1314,47.34565227561094,45.51863041289023,GCF_000001635.27,GRCm39,42.0,59462871,refseq,animal,902,738
Fukomys damarensis,27,6,4,2,"ALU,ERV,L1,LTR,SINE,TC1MARINER","LINE,LTR,SINE,TIR","CLASSI,CLASSII",86,5947,1497.2962962962963,627,45.91312463994555,45.37444933920705,GCF_012274545.1,DMR_v1.0_HiC,40.5,44756,refseq,animal,1360,1113
Bradypus variegatus,27,2,2,1,"ERV,L1","LINE,LTR",CLASSI,197,3361,865.3333333333334,659,47.32672259521758,47.94188861985472,GCA_004027775.1,BraVar_v1_BIUU,43.0,1900,refseq,animal,2354,1926
Armillaria cepistipes,27,4,3,2,"COPIA,GYPSY,HELITRON,RTE","HELITRON,LINE,LTR","CLASSI,CLASSII",2272,13817,7692.259259259259,8320,51.061002082598016,52.0152817574021,GCA_900157415.1,version 2,47.5,2288895,refseq,hongo,264,216
Schizophyllum commune,27,2,1,1,"COPIA,GYPSY",LTR,CLASSI,4907,15862,10908.925925925925,11674,58.29895564999236,58.84359137055838,GCF_000143185.2,Schco3,57.5,1541578,refseq,hongo,186,152
Patiria miniata,27,5,4,2,"BELPAO,GYPSY,KOLOBOK,LINE,TRNA","LINE,LTR,SINE,TIR","CLASSI,CLASSII",289,8995,5983.62962962963,7255,46.6778999511344,45.81927259092613,GCF_015706575.1,Pmin_3.0,40.5,2102889,refseq,animal,340,278
Kogia breviceps,27,6,4,2,"ERV,HAT,L1,LTR,TC1MARINER,TRNA","LINE,LTR,SINE,TIR","CLASSI,CLASSII",120,3175,626.0370370370371,496,47.27256491173536,46.51898734177215,GCF_026419965.1,mKogBre1 haplotype 1,42.0,42780423,refseq,animal,3253,2662
Caenorhabditis remanei,27,7,4,2,"CACTA,CR1,DIRS,GYPSY,HAT,RTE,TC1MARINER","DIRS,LINE,LTR,TIR","CLASSI,CLASSII",452,4719,2528.222222222222,2523,42.308219026431296,42.88990825688073,GCF_010183535.1,CRPX506,38.0,4042385,refseq,animal,805,659
Pyronema domesticum,27,3,2,1,"COPIA,GYPSY,LINE","LINE,LTR",CLASSI,3959,9702,6664.518518518518,6299,50.63770447539679,48.73789490395301,GCA_024516145.1,Pyrdom1,48.0,1468729,refseq,hongo,305,250
Beatragus hunteri,27,6,4,2,"ERV,HAT,L1,RTE,TC1MARINER,TRNA","LINE,LTR,SINE,TIR","CLASSI,CLASSII",121,5805,1576.851851851852,604,48.69772621784725,49.57983193277311,GCA_004027495.1,BeaHun_v1_BIUU,42.5,57444,refseq,animal,1291,1056
Cuculus canorus,27,5,4,2,"CR1,ERV,SINE,TC1MARINER,TRNA","LINE,LTR,SINE,TIR","CLASSI,CLASSII",139,4587,2309.777777777778,1745,51.335384285823565,52.34421364985163,GCF_017976375.1,bCucCan1.pri,42.0,20797936,refseq,animal,881,721
Spilogale gracilis,26,3,3,2,"ERV,TC1MARINER,TRNA","LTR,SINE,TIR","CLASSI,CLASSII",132,2415,614.8846153846154,465,51.74547500186698,52.21052631578947,GCA_004023965.1,SpiGra_v1_BIUU,41.5,63054,refseq,animal,3440,2814
Hyaena hyaena,26,4,4,2,"ERV,L1,TC1MARINER,TRNA","LINE,LTR,SINE,TIR","CLASSI,CLASSII",219,2482,878.5769230769231,627,46.88592977493004,47.82823297137217,GCF_003009895.1,ASM300989v1,41.5,311202,refseq,animal,2407,1969
Colossoma macropomum,26,2,1,1,"BELPAO,GYPSY",LTR,CLASSI,4405,7103,5671.192307692308,5616,47.912680484139806,47.72767777579754,GCF_904425465.1,Colossoma_macropomum,39.5,5645235,refseq,animal,373,305
Boletus edulis,26,8,4,2,"COPIA,DIRS,GYPSY,HELITRON,LARD,PIFHARBINGER,TC1MARINER,TIR","DIRS,HELITRON,LTR,TIR","CLASSI,CLASSII",1631,10497,5533.846153846154,5529,50.05126599907452,50.98039215686274,GCA_015179015.1,Boled5,50.5,420549,refseq,hongo,382,312
Melampsora americana,26,1,1,1,COPIA,LTR,CLASSI,4744,6624,5661.615384615385,5634,39.33210042600202,38.88982056012075,GCA_022264835.1,Melame1,40.0,1070030,refseq,hongo,373,305
Actinia tenebrosa,26,7,4,2,"CR1,DIRS,GYPSY,LINE,P,RTE,TIR","DIRS,LINE,LTR,TIR","CLASSI,CLASSII",143,4945,1968.6538461538462,1452,38.41091288767259,39.83572895277207,GCF_009602425.1,ASM960242v1,37.0,13051,refseq,animal,1074,879
Rhizopus delemar,26,3,2,2,"GYPSY,TC1MARINER,TIR","LTR,TIR","CLASSI,CLASSII",1205,8002,5848.384615384615,6070,36.691168601074246,36.12677425627066,GCF_000149305.1,RO3,35.5,303659,refseq,hongo,361,295
Dromaius novaehollandiae,25,7,4,2,"CR1,ERV,LARD,SINE,TC1MARINER,TIR,TRNA","LINE,LTR,SINE,TIR","CLASSI,CLASSII",135,9555,3209.44,3766,50.659654390003304,53.21960595867371,GCF_036370855.1,bDroNov1.hap1,44.0,24239989,refseq,animal,685,560
Lates calcarifer,25,7,4,2,"CR1,GYPSY,HAT,L1,SINE,TC1MARINER,TRNA","LINE,LTR,SINE,TIR","CLASSI,CLASSII",220,6294,2599.6,1695,47.092900632924454,47.7280671094023,GCF_001640805.2,TLL_Latcal_v3,41.0,1379868,refseq,animal,846,692
Indri indri,25,6,3,2,"ALU,ERV,HAT,LTR,PIGGYBAC,TC1MARINER","LTR,SINE,TIR","CLASSI,CLASSII",189,2648,630.84,409,45.618430054777654,42.89940828402367,GCA_004363605.1,IndInd_v1_BIUU,41.5,26447,refseq,animal,3487,2853
Anadara broughtonii,25,10,3,2,"ACADEM-1,CR1,HAT,L1,LINE,PIFHARBINGER,RTE,SINE,TC1MARINER,TRNA","LINE,SINE,TIR","CLASSI,CLASSII",136,5953,3156.8,3381,39.22172226893144,37.073170731707314,N/A,N/A,,,failed,animal,696,570
Nothoprocta perdicaria,25,3,3,2,"CR1,SINE,TIR","LINE,SINE,TIR","CLASSI,CLASSII",161,4613,2058.88,1734,53.47384997834479,55.06807866868382,GCF_003342845.1,notPer1,42.0,95599,refseq,animal,1068,874
Sogatella furcifera,25,2,2,2,"GYPSY,TC1MARINER","LTR,TIR","CLASSI,CLASSII",4016,13065,7207.6,5368,37.07786437306947,35.99274705349048,GCA_017141385.1,ASM1714138v1,34.0,2204669,refseq,animal,305,249
Colias croceus,25,1,1,1,BELPAO,LTR,CLASSI,4798,7877,6390.88,6329,39.98901539041018,37.88211450768451,GCF_905220415.1,ilColCroc2.1,33.5,10749422,refseq,animal,344,281
Sminthurides aquaticus,24,7,2,1,"BELPAO,CR1,GYPSY,L1,LTR,R1,RTE","LINE,LTR",CLASSI,1640,12375,6213.583333333333,6905,43.808018498278734,45.7204923968139,GCA_906901655.1,SCSMAQ_UL_ASM1,40.0,8776828,refseq,animal,368,301
Serpula lacrymans,24,8,4,2,"ACADEM-1,COPIA,GYPSY,HAT,HELITRON,PIFHARBINGER,PLE,TC1MARINER","HELITRON,LTR,PLE,TIR","CLASSI,CLASSII",1479,8030,4191.625,3585,47.2441197762433,47.79630732578916,GCF_000218685.1,v1.0,45.5,227983,refseq,hongo,546,447
Wolfiporia cocos,24,6,4,2,"COPIA,DIRS,GYPSY,HELITRON,TC1MARINER,TIR","DIRS,HELITRON,LTR,TIR","CLASSI,CLASSII",1542,9997,7359.208333333333,8181,52.738566588434914,52.05667276051188,GCA_029448655.1,ASM2944865v1,52.0,3762476,refseq,hongo,311,254
Pteronotus parnellii,24,5,4,2,"ERV,HAT,L1,TC1MARINER,TRNA","LINE,LTR,SINE,TIR","CLASSI,CLASSII",124,5739,969.5833333333334,632,45.978633206610766,48.007590132827325,GCA_036768555.1,ASM3676855v1,40.5,3693,refseq,animal,2363,1933
Moschus moschiferus,24,6,4,2,"ERV,HAT,L1,RTE,TC1MARINER,TRNA","LINE,LTR,SINE,TIR","CLASSI,CLASSII",121,6248,1158.9166666666667,466,50.0246080391586,49.63188220230474,GCA_004024705.2,MosMos_v2_BIUU_UCD,42.5,34785,refseq,animal,1977,1617
Crypturellus undulatus,24,5,4,2,"CR1,ERV,RTE,TIR,TRNA","LINE,LTR,SINE,TIR","CLASSI,CLASSII",146,4130,2352.7916666666665,2183,53.59560352579506,54.54952935903182,GCA_013389825.1,ASM1338982v1,42.0,99502,refseq,animal,974,796
Equus przewalskii,24,4,4,2,"ERV,L1,TC1MARINER,TRNA","LINE,LTR,SINE,TIR","CLASSI,CLASSII",187,5714,749.0,471,49.5807464086887,50.0,GCF_037783145.1,EquPr2,42.0,25995503,refseq,animal,3059,2503
Rhinopithecus roxellana,24,4,4,2,"ALU,ERV,L1,TC1MARINER","LINE,LTR,SINE,TIR","CLASSI,CLASSII",282,9489,3229.0,3422,50.25145950056301,49.63275511798719,GCF_007565055.1,ASM756505v1,41.0,5723610,refseq,animal,709,580
Chenopodium quinoa,24,2,2,2,"HAT,TRNA","SINE,TIR","CLASSI,CLASSII",117,8218,3402.7083333333335,4349,40.42826254583279,37.45641025641026,GCF_001683475.1,ASM168347v1,37.0,1787824,refseq,planta,673,551
Salix purpurea,24,1,1,1,TRNA,SINE,CLASSI,176,253,213.33333333333334,220,56.14846778569831,56.21621621621622,GCA_027405865.1,94003 Monoecious Salix purpurea Haplotype 2 assembly,36.0,13529463,refseq,planta,10742,8789
Mucor racemosus,23,4,3,2,"GYPSY,HAT,L1,TC1MARINER","LINE,LTR,TIR","CLASSI,CLASSII",1351,6838,5285.782608695652,5862,35.74887552721423,36.092424685580575,GCA_027405735.1,ASM2740573v1,32.5,2431780,refseq,hongo,452,370
Eulemur fulvus,23,4,3,2,"ALU,ERV,HAT,TC1MARINER","LTR,SINE,TIR","CLASSI,CLASSII",121,2418,608.8260869565217,477,48.2974091666583,48.77764842840512,GCA_963575015.1,PGDP_EulCol,41.0,38956,refseq,animal,3927,3213
Corymbia citriodora,23,1,1,1,TRNA,SINE,CLASSI,183,278,225.43478260869566,231,57.324575428329034,58.00865800865801,GCA_014858505.1,Ccitriodora_v2_1,39.5,185814,refseq,planta,10607,8678
Megathymus violae,23,3,2,1,"COPIA,DIRS,GYPSY","DIRS,LTR",CLASSI,3816,5895,4736.521739130435,4678,40.12932639998898,40.89354424967935,GCA_003671415.1,mvi_v1,35.0,92816,refseq,animal,504,413
Azumapecten farreri,23,4,2,2,"CR1,I,KOLOBOK,TC1MARINER","LINE,TIR","CLASSI,CLASSII",1338,5842,2415.7391304347825,1626,41.74953885306878,42.33576642335766,N/A,N/A,,,failed,animal,989,809
Vulpes lagopus,23,4,4,2,"ERV,L1,TC1MARINER,TRNA","LINE,LTR,SINE,TIR","CLASSI,CLASSII",108,5030,503.04347826086956,198,51.9346316815786,54.50000000000001,GCF_018345385.1,ASM1834538v1,41.5,33460300,refseq,animal,4753,3889
Lipotes vexillifer,23,5,4,2,"ERV,HAT,L1,TC1MARINER,TRNA","LINE,LTR,SINE,TIR","CLASSI,CLASSII",113,2412,556.1739130434783,383,51.821707264337576,53.91705069124424,GCF_000442215.2,Lipotes_vexillifer_v1.1,41.0,32029,refseq,animal,4299,3517
Saiga tatarica,23,4,3,2,"ERV,HAT,TC1MARINER,TRNA","LTR,SINE,TIR","CLASSI,CLASSII",119,1703,445.5217391304348,417,51.02457514387266,50.86848635235732,GCA_004024985.1,SaiTat_v1_BIUU,42.5,6406,refseq,animal,5367,4391
Rousettus aegyptiacus,23,3,3,2,"ERV,MULE,SINE","LTR,SINE,TIR","CLASSI,CLASSII",224,4196,796.8695652173913,456,47.606911760644756,47.10982658959538,GCF_014176215.1,mRouAeg1.p,40.0,21999313,refseq,animal,3000,2455
Phellopilus nigrolimitatus,23,3,1,1,"COPIA,GYPSY,LARD",LTR,CLASSI,1508,7613,5490.04347826087,5742,53.9846322815118,53.96270396270396,GCA_021029095.1,Pheni1,51.5,344575,refseq,hongo,435,356
Actinia equina,23,2,2,1,"DIRS,GYPSY","DIRS,LTR",CLASSI,4020,7653,4804.260869565217,4602,43.93492611828696,44.1820987654321,GCA_011057435.1,equina_smartden.arrow4.noredun,37.5,492607,refseq,animal,497,407
Geosiphon pyriformis,23,3,3,2,"GYPSY,LINE,TC1MARINER","LINE,LTR,TIR","CLASSI,CLASSII",1297,18638,8011.0,10127,37.407171655300544,38.508222396241194,GCA_016748015.1,ASM1674801v1,29.0,106416,refseq,hongo,298,244
Ailuropoda melanoleuca,23,4,4,2,"ERV,L1,TC1MARINER,TRNA","LINE,LTR,SINE,TIR","CLASSI,CLASSII",190,5657,2091.6521739130435,532,47.7069155600087,47.40853658536585,GCF_002007445.2,ASM200744v3,41.5,127687,refseq,animal,1143,935
Globodera pallida,23,6,4,2,"BELPAO,CR1,GYPSY,HAT,HELITRON,TC1MARINER","HELITRON,LINE,LTR,TIR","CLASSI,CLASSII",1647,11960,5915.260869565217,5388,44.92152849987413,44.888507718696395,GCA_965641665.1,Globodera pallida Rookmaker v1.0,38.0,1463002,refseq,animal,404,330
Deilephila porcellus,22,2,2,1,"BELPAO,TRNA","LTR,SINE",CLASSI,260,8878,6440.772727272727,6615,42.263869633323786,41.21060266385336,GCA_905220455.2,ilDeiPorc1.2,36.5,14884985,refseq,animal,388,317
Tauraco erythrolophus,22,4,3,1,"CR1,ERV,LARD,TRNA","LINE,LTR,SINE",CLASSI,297,4376,1852.8636363636363,1432,52.94723414033618,52.74223034734917,GCF_000709365.1,ASM70936v1,41.5,22885,refseq,animal,1349,1103
Ammotragus lervia,22,6,4,2,"ERV,HAT,L1,RTE,TC1MARINER,TRNA","LINE,LTR,SINE,TIR","CLASSI,CLASSII",121,7114,1306.2272727272727,513,48.968245144113666,50.53415799831319,GCA_002201775.1,ALER1.0,42.0,52017,best_n50,animal,1913,1565
Solanum demissum,22,8,4,2,"GYPSY,HAT,MULE,PIFHARBINGER,RTE,SINE,TC1MARINER,TIR","LINE,LTR,SINE,TIR","CLASSI,CLASSII",200,18321,3004.0454545454545,630,33.81308906748762,32.698412698412696,N/A,N/A,,,failed,planta,832,680
Megalops cyprinoides,22,1,1,1,GYPSY,LTR,CLASSI,4362,9098,6611.727272727273,6634,50.08213370365088,49.97760191130357,GCF_013368585.1,fMegCyp1.pri,43.0,26850664,refseq,animal,378,309
Pterostichus madidus,22,3,2,2,"BELPAO,GYPSY,KOLOBOK","LTR,TIR","CLASSI,CLASSII",4039,8638,5895.954545454545,6004,36.3001680953117,36.29247168554297,GCA_911728475.2,icPteMadi1.2,32.0,15821749,refseq,animal,424,346
Senna tora,22,1,1,1,MULE,TIR,CLASSII,358,9423,5038.0,5774,38.280867292150184,36.99430199430199,GCA_014851425.1,ASM1485142v1,35.5,3966958,refseq,planta,496,406
Condylura cristata,22,4,3,1,"ERV,L1,LTR,TRNA","LINE,LTR,SINE",CLASSI,264,1608,556.5,469,51.62459695103275,53.20088300220751,GCF_000260355.1,ConCri1.0,41.5,46163,refseq,animal,4492,3675
Photinus pyralis,22,2,2,2,"DIRS,KOLOBOK","DIRS,TIR","CLASSI,CLASSII",3027,6598,4943.727272727273,4971,39.91007631130512,39.97220015885624,GCF_008802855.1,Ppyr1.3,36.5,170308,refseq,animal,505,413
Calypte anna,22,3,2,1,"ERV,LINE,RTE","LINE,LTR",CLASSI,290,10147,5822.136363636364,6214,46.32517101281685,46.33181491249101,GCF_003957555.1,bCalAnn1_v1.p,41.5,14522327,refseq,animal,429,351
Lindgomyces ingoldianus,22,1,1,1,LARD,LTR,CLASSI,5522,8680,6965.045454545455,6786,31.226023574480223,31.536819637139807,GCF_010093535.1,Linin1,42.0,120007,refseq,hongo,358,293
Casuarius casuarius,22,6,4,2,"CR1,ERV,SINE,TC1MARINER,TIR,TRNA","LINE,LTR,SINE,TIR","CLASSI,CLASSII",121,4427,2215.5454545454545,3617,48.2420602845603,51.96506550218341,GCA_003342895.1,casCas1,42.0,165721,refseq,animal,1128,923
Rattus norvegicus,22,2,2,1,"ERV,SINE","LTR,SINE",CLASSI,88,2560,638.9090909090909,506,49.838541015742976,49.91212653778559,GCF_036323735.1,GRCr8,42.0,64250101,refseq,animal,3912,3201
Camelus ferus,22,4,4,2,"ERV,L1,TC1MARINER,TRNA","LINE,LTR,SINE,TIR","CLASSI,CLASSII",128,5274,1016.8181818181819,575,44.21348190723066,46.25984251968504,GCF_009834535.1,BCGSAC_Cfer_1.0,41.5,5365398,refseq,animal,2458,2011
Caenorhabditis japonica,22,3,1,1,"CR1,LINE,RTE",LINE,CLASSI,1874,4183,2974.818181818182,2984,42.10741699210581,41.06870229007634,GCA_963572235.1,nxCaeJapo1.1,39.5,6223073,refseq,animal,840,687
Helogale parvula,22,4,4,2,"ERV,L1,TC1MARINER,TRNA","LINE,LTR,SINE,TIR","CLASSI,CLASSII",215,2414,764.0,589,47.517833028006635,45.949535192563076,GCA_004023845.1,HelPar_v1_BIUU,42.0,113567,refseq,animal,3272,2677
Catagonus wagneri,22,4,4,2,"ERV,L1,TC1MARINER,TRNA","LINE,LTR,SINE,TIR","CLASSI,CLASSII",126,4676,803.5454545454545,276,54.37818614087044,57.009345794392516,GCA_004024745.2,CatWag_v2_BIUU_UCD,42.5,65965,refseq,animal,3111,2545
Phoenix dactylifera,22,7,4,2,"COPIA,GYPSY,L1,MULE,RTE,TIR,TRNA","LINE,LTR,SINE,TIR","CLASSI,CLASSII",166,6721,3640.6363636363635,3780,45.94738131559862,44.074074074074076,GCF_009389715.1,palm_55x_up_171113_PBpolish2nd_filt_p,40.5,897195,refseq,planta,686,561
Phaethon lepturus,22,5,4,2,"CR1,ERV,LARD,TIR,TRNA","LINE,LTR,SINE,TIR","CLASSI,CLASSII",251,4479,2054.0454545454545,2675,51.36843421982681,52.1351179094965,GCF_000687285.1,ASM68728v1,41.5,22941,refseq,animal,1217,995
Eurypyga helias,21,3,3,1,"CR1,ERV,SINE","LINE,LTR,SINE",CLASSI,211,4265,1796.2380952380952,1522,51.877669193996745,51.53256704980843,GCF_000690775.1,ASM69077v1,42.5,24402,refseq,animal,1458,1192
Puma concolor,21,4,3,2,"ERV,LTR,TC1MARINER,TRNA","LTR,SINE,TIR","CLASSI,CLASSII",213,1254,475.57142857142856,384,48.992182241475035,47.91666666666667,GCF_003327715.1,PumCon1.0,41.5,27187,refseq,animal,5507,4505
Drosophila hydei,21,6,4,2,"BELPAO,COPIA,GYPSY,HELITRON,R1,TC1MARINER","HELITRON,LINE,LTR,TIR","CLASSI,CLASSII",1119,7859,5456.523809523809,5928,40.492807533647245,41.0822108685555,GCF_003285905.1,DhydRS2,39.5,3367158,refseq,animal,479,392
Panthera onca,21,4,4,2,"ERV,L1,TC1MARINER,TRNA","LINE,LTR,SINE,TIR","CLASSI,CLASSII",116,6651,1228.142857142857,376,49.375946440942094,48.435374149659864,GCF_028533385.1,Panthera_onca_HiC,41.5,53866,refseq,animal,2132,1744
Cavia aperea,21,4,3,1,"ALU,ERV,L1,SINE","LINE,LTR,SINE",CLASSI,90,3638,1029.8095238095239,524,48.58450750077933,48.57142857142857,GCA_000688575.1,CavAp1.0,40.0,1039,refseq,animal,2543,2080
Botryosphaeria dothidea,21,3,1,1,"COPIA,GYPSY,LARD",LTR,CLASSI,5346,8027,6792.285714285715,6380,48.03898227263649,51.234364713627386,GCA_011503125.2,ASM1150312v2,53.0,4039455,refseq,hongo,385,315
Lycaon pictus,21,3,3,1,"ERV,L1,TRNA","LINE,LTR,SINE",CLASSI,106,5886,964.6190476190476,200,52.34264087725627,54.40414507772021,GCA_040955705.1,LycPic1.final.hap2,41.5,39426608,refseq,animal,2715,2221
Pteropus alecto,21,6,4,2,"ERV,HAT,L1,SINE,TC1MARINER,TRNA","LINE,LTR,SINE,TIR","CLASSI,CLASSII",178,2493,695.9047619047619,457,47.079226291799785,44.63414634146341,GCF_000325575.1,ASM32557v1,39.5,31842,refseq,animal,3763,3079
Neophocaena asiaeorientalis,21,3,3,2,"ERV,TC1MARINER,TRNA","LTR,SINE,TIR","CLASSI,CLASSII",120,988,508.8095238095238,497,50.40045754233669,48.94259818731118,GCF_003031525.2,Neophocaena_asiaeorientalis_V1.1,41.5,86003,refseq,animal,5147,4211
Mytilus coruscus,21,8,3,2,"ACADEM-1,KOLOBOK,MERLIN,MULE,PIFHARBINGER,PLE,TC1MARINER,TRNA","PLE,SINE,TIR","CLASSI,CLASSII",136,6408,2891.714285714286,3236,39.884377059003064,36.48679160081282,GCA_017311375.1,Mcoruscus_HiC,32.5,1481111,refseq,animal,905,741
Zymoseptoria tritici,21,3,2,2,"COPIA,GYPSY,HAT","LTR,TIR","CLASSI,CLASSII",3972,13826,7396.190476190476,6919,48.41934192703608,47.96759728048604,GCF_000219625.1,MYCGR v2.0,52.0,2665280,refseq,hongo,354,289
Delphinapterus leucas,20,5,4,2,"ERV,HAT,L1,TC1MARINER,TRNA","LINE,LTR,SINE,TIR","CLASSI,CLASSII",209,5874,898.6,577,49.38699871333934,51.465798045602604,GCF_002288925.2,ASM228892v3,41.0,196689,refseq,animal,3060,2503
Epithele typhae,20,6,4,2,"COPIA,DIRS,GYPSY,HELITRON,TC1MARINER,TIR","DIRS,HELITRON,LTR,TIR","CLASSI,CLASSII",1605,8743,5747.75,6256,55.57883362980332,55.616786774056806,GCF_022376455.1,Epityp1,59.0,310934,refseq,hongo,478,391
Pyricularia grisea,20,3,2,2,"COPIA,GYPSY,TC1MARINER","LTR,TIR","CLASSI,CLASSII",253,8039,5047.5,5899,47.536766432875005,50.144608180691364,GCF_004355905.1,PgNI,48.0,298533,refseq,hongo,544,445
Pachypanchax playfairii,20,4,2,1,"BELPAO,DIRS,ERV,GYPSY","DIRS,LTR",CLASSI,4367,11009,6152.2,5961,50.89396506605405,54.03109472671902,GCA_006937955.1,MPIBA_Ppla_1.0,40.0,76641,refseq,animal,446,365
Coffea arabica,20,4,3,2,"GYPSY,LTR,PIFHARBINGER,TRNA","LTR,SINE,TIR","CLASSI,CLASSII",91,10708,1111.0,304,46.009152017285224,50.23474178403756,GCF_036785885.1,Coffea Arabica ET-39 HiFi,37.5,30060613,refseq,planta,2475,2025
Suricata suricatta,20,3,3,2,"ERV,TC1MARINER,TRNA","LTR,SINE,TIR","CLASSI,CLASSII",132,5908,895.0,576,49.252461310883696,51.49501661129568,GCF_006229205.1,meerkat_22Aug2017_6uvM2_HiC,41.5,75409,refseq,animal,3072,2513
Athelia rolfsii,20,4,3,2,"COPIA,GYPSY,R1,TC1MARINER","LINE,LTR,TIR","CLASSI,CLASSII",1321,9078,6113.5,7136,44.593749563826215,44.58743376230129,GCA_018343915.1,ASM1834391v1,46.5,4408868,refseq,hongo,449,368
Eulemur flavifrons,20,5,4,2,"ALU,ERV,HAT,L1,TC1MARINER","LINE,LTR,SINE,TIR","CLASSI,CLASSII",292,3232,823.3,596,48.7467232690146,49.34354485776805,GCA_001262665.1,Eflavifronsk33QCA,41.0,27331,refseq,animal,3340,2732
Adineta ricciae,20,8,4,2,"CR1,GYPSY,HELITRON,I,LINE,MULE,RTE,TC1MARINER","HELITRON,LINE,LTR,TIR","CLASSI,CLASSII",487,4576,2096.85,2362,38.96229148713269,39.51807228915663,GCA_905250025.1,Ar_ARIC003_reference_genomic_v1,35.5,178075,refseq,animal,1311,1073
Mesoplodon bidens,20,4,3,2,"ERV,HAT,TC1MARINER,TRNA","LTR,SINE,TIR","CLASSI,CLASSII",121,2418,684.9,510,50.35667485339924,51.257861635220124,GCA_964148845.1,mMesBid2.hap2.1,42.0,3262972,refseq,animal,4015,3285
Tenthredo notha,20,3,2,2,"BELPAO,GYPSY,KOLOBOK","LTR,TIR","CLASSI,CLASSII",4160,8376,6317.5,6608,43.137780235801635,41.272683858643745,GCA_914767705.2,iyTenNoth1.2,37.0,7016856,refseq,animal,435,356
Amylostereum areolatum,20,5,3,2,"COPIA,GYPSY,HELITRON,LINE,LTR","HELITRON,LINE,LTR","CLASSI,CLASSII",5548,10257,7255.3,7092,55.49064457341789,55.61195713479977,GCA_012932865.1,ASM1293286v1,54.5,518329,refseq,hongo,379,310
Thuidium tamariscinum,20,5,3,2,"COPIA,GYPSY,HAT,L1,PIFHARBINGER","LINE,LTR,TIR","CLASSI,CLASSII",2264,9903,5797.9,5731,44.982521089393806,46.17994100294985,GCA_947034885.2,cbThuTama2.2,37.0,18047883,refseq,planta,474,388
Cercospora sojina,20,3,2,2,"COPIA,GYPSY,HAT","LTR,TIR","CLASSI,CLASSII",2082,8710,5672.15,6252,53.070771804672255,53.52999668544912,GCA_024499215.1,ASM2449921v1,53.5,4909984,refseq,hongo,484,396
Pipistrellus pipistrellus,20,6,4,2,"ERV,HAT,HELITRON,L1,PIGGYBAC,TC1MARINER","HELITRON,LINE,LTR,TIR","CLASSI,CLASSII",194,4603,1425.8,1088,47.94456267587606,47.17314487632509,GCA_965203405.2,mPipPip2.hap1.2,43.0,18707992,refseq,animal,1928,1578
Platanista minor,20,4,4,2,"ERV,L1,TC1MARINER,TRNA","LINE,LTR,SINE,TIR","CLASSI,CLASSII",204,6691,1581.65,662,47.68589703316665,45.95062797747943,GCA_004363435.1,PlaMin_v1_BIUU,41.5,20879,refseq,animal,1738,1422
Aspergillus fumigatus,19,3,2,2,"COPIA,GYPSY,TC1MARINER","LTR,TIR","CLASSI,CLASSII",1825,7980,4382.210526315789,4331,38.24549961942361,36.925079548741685,GCF_000002655.1,ASM265v1,50.0,2460113,refseq,hongo,660,540
Felis nigripes,19,4,4,2,"ERV,L1,TC1MARINER,TRNA","LINE,LTR,SINE,TIR","CLASSI,CLASSII",132,3074,547.9473684210526,241,50.159199373119876,50.85470085470085,GCA_032458615.1,SNNU_BFC_1,41.5,31308424,refseq,animal,5282,4322
Anthopleura sola,19,3,2,1,"BELPAO,DIRS,GYPSY","DIRS,LTR",CLASSI,3498,6944,5027.105263157895,4599,45.43556880132761,45.18111964873765,GCA_023349425.1,jaAntSola1.0.p,37.5,2720395,refseq,animal,575,471
Potamilus streckersoni,19,6,2,2,"HAT,I,L1,MULE,PIGGYBAC,TC1MARINER","LINE,TIR","CLASSI,CLASSII",2099,5690,3262.842105263158,2757,39.29696527463109,39.309533150255,GCA_016746295.1,UT_Pstr_1.0,34.0,2032685,refseq,animal,887,725
Zalophus californianus,19,4,4,2,"ERV,L1,TC1MARINER,TRNA","LINE,LTR,SINE,TIR","CLASSI,CLASSII",116,8558,1114.2631578947369,213,51.63053060059777,54.2997542997543,GCF_009762305.2,mZalCal1.pri.v2,41.5,32626160,refseq,animal,2597,2125
Candida albicans,19,5,3,2,"COPIA,GYPSY,L1,LTR,TC1MARINER","LINE,LTR,TIR","CLASSI,CLASSII",277,6896,2810.7368421052633,1804,34.235320580538826,34.65160075329567,GCF_000182965.3,ASM18296v3,33.5,334280,refseq,hongo,1029,842
Cavia tschudii,19,4,4,2,"ALU,ERV,HAT,L1","LINE,LTR,SINE,TIR","CLASSI,CLASSII",132,7543,2540.9473684210525,2180,47.56597118268048,49.675195545538905,GCA_004027695.1,CavTsc_v1_BIUU,40.0,64807,refseq,animal,1139,932
Lytechinus variegatus,19,4,3,2,"BELPAO,GYPSY,HAT,LINE","LINE,LTR,TIR","CLASSI,CLASSII",4030,10201,8041.578947368421,8636,41.3549436587853,40.376685612392734,GCF_018143015.1,Lvar_3.0,36.5,5852084,refseq,animal,359,294
Panthera pardus,19,4,4,2,"ERV,L1,TC1MARINER,TRNA","LINE,LTR,SINE,TIR","CLASSI,CLASSII",206,5937,1011.0,322,49.332488419069506,51.5527950310559,GCF_024362965.1,ASM2436296v1,42.0,22236240,refseq,animal,2863,2342
Paradoxurus hermaphroditus,19,3,3,2,"ERV,TC1MARINER,TRNA","LTR,SINE,TIR","CLASSI,CLASSII",115,1251,561.578947368421,390,49.49192750751446,48.888888888888886,GCA_004024585.1,ParHer_v1_BIUU,42.5,62870,refseq,animal,5154,4217
Lacerta agilis,19,3,2,1,"COPIA,DIRS,GYPSY","DIRS,LTR",CLASSI,4690,7387,5542.789473684211,5406,50.824709691519054,51.926263463131725,GCF_009819535.1,rLacAgi1.pri,43.5,6613248,refseq,animal,522,427
Contarinia nasturtii,19,3,1,1,"CACTA,HAT,TIR",TIR,CLASSII,3464,5763,4234.105263157895,4074,37.52088115661795,37.36791546589818,GCF_009176525.2,AAFC_CNas_1.1,34.0,95005,refseq,animal,683,559
Apteryx owenii,19,5,3,2,"CR1,KOLOBOK,SINE,TC1MARINER,TIR","LINE,SINE,TIR","CLASSI,CLASSII",119,4571,1723.3157894736842,2346,48.407837125910135,48.75,GCA_003342965.1,aptOwe1,41.5,138403,refseq,animal,1679,1374
Kalaharituber pfeilii,19,3,2,1,"COPIA,DIRS,GYPSY","DIRS,LTR",CLASSI,3920,7835,6103.0,6095,49.29947370921398,49.330227140361096,GCA_015179045.1,Kalpfe1,46.0,629446,refseq,hongo,474,388
Stevia rebaudiana,19,1,1,1,TRNA,SINE,CLASSI,125,394,233.68421052631578,246,49.35729831741205,51.50602409638554,GCA_009936405.2,ASM993640v2,34.0,7100,refseq,planta,12387,10135
Bubalus bubalis,19,3,3,2,"ERV,TC1MARINER,TRNA","LTR,SINE,TIR","CLASSI,CLASSII",121,1321,383.1578947368421,315,50.79393242338814,52.702702702702695,GCF_019923935.1,NDDB_SH_1,41.5,9586610,refseq,animal,7554,6181
Tapirus terrestris,18,5,4,2,"ERV,MULE,RTE,TC1MARINER,TRNA","LINE,LTR,SINE,TIR","CLASSI,CLASSII",130,3200,544.6111111111111,426,51.24621503750995,50.51698670605613,GCA_004025025.1,TapTer_v1_BIUU,41.0,164193,refseq,animal,5610,4590
Macrobrachium nipponense,18,5,1,1,"CR1,I,L1,LINE,RTE",LINE,CLASSI,3032,5804,4161.166666666667,4366,37.48712195921698,36.34225227874155,GCF_015104395.2,ASM1510439v2,37.0,255022,refseq,animal,734,600
Acrocalymma vagum,18,3,3,2,"HAT,I,LARD","LINE,LTR,TIR","CLASSI,CLASSII",1095,8205,7233.5,8128,37.1329601721051,36.30379129586736,GCA_028476805.1,ASM2847680v1,48.0,108046,refseq,hongo,422,345
Lemur catta,18,5,4,2,"ALU,ERV,HAT,L1,TC1MARINER","LINE,LTR,SINE,TIR","CLASSI,CLASSII",189,2473,775.2222222222222,432,50.150358390889515,50.46296296296296,GCF_020740605.2,mLemCat1.pri,41.5,32529614,refseq,animal,3941,3224
Oscheius tipulae,18,6,5,2,"BELPAO,CR1,DIRS,HELITRON,RTE,TC1MARINER","DIRS,HELITRON,LINE,LTR,TIR","CLASSI,CLASSII",1239,11056,3300.5,2963,46.63354865735338,46.843335931410756,GCA_037178975.1,ASM3717897v1,44.5,10019907,refseq,animal,925,757
Apocrypta bakeri,18,8,3,2,"BELPAO,COPIA,CR1,GYPSY,LINE,R1,TC1MARINER,TIR","LINE,LTR,TIR","CLASSI,CLASSII",502,10048,4360.777777777777,5296,46.440413311964015,45.648854961832065,GCA_018906985.1,ASM1890698v1,37.5,14251151,refseq,animal,700,573
Anaeromyces robustus,18,5,2,1,"COPIA,GYPSY,L1,LINE,RTE","LINE,LTR",CLASSI,2429,7080,5463.777777777777,5598,28.19753689445972,28.310574785646235,GCA_002104895.1,Anaeromyces sp. S4 v1.0,16.5,141798,refseq,hongo,559,457
Suillus discolor,18,8,5,2,"COPIA,DIRS,GYPSY,HAT,HELITRON,PIFHARBINGER,R1,TIR","DIRS,HELITRON,LINE,LTR,TIR","CLASSI,CLASSII",3225,8846,5708.611111111111,5359,50.27649033951058,50.93237474724781,GCF_016758755.1,Suidis1,47.0,364311,refseq,hongo,535,437
Acinonyx jubatus,18,3,3,2,"ERV,TC1MARINER,TRNA","LTR,SINE,TIR","CLASSI,CLASSII",108,5953,651.3333333333334,302,51.750556809101525,54.26008968609865,GCF_027475565.1,VMU_Ajub_asm_v1.0,41.5,96827784,refseq,animal,4691,3838
Perca flavescens,18,3,2,1,"COPIA,DIRS,GYPSY","DIRS,LTR",CLASSI,4598,9638,6213.166666666667,5747,49.48610307144396,48.428686543110395,GCF_004354835.1,PFLA_1.0,41.0,4268950,refseq,animal,491,402
Orcinus orca,18,5,4,2,"ERV,HAT,L1,TC1MARINER,TRNA","LINE,LTR,SINE,TIR","CLASSI,CLASSII",121,5354,945.0555555555555,609,47.64479917432341,50.38402457757296,GCF_937001465.1,mOrcOrc1.1,42.0,45583382,refseq,animal,3233,2645
Heterohyrax brucei,18,5,4,2,"ERV,LTR,RTE,TC1MARINER,TRNA","LINE,LTR,SINE,TIR","CLASSI,CLASSII",164,7208,1681.0555555555557,1002,48.56914964770408,48.66937302661254,GCA_028571685.1,mHetBru1.pri,41.0,78495281,refseq,animal,1817,1487
Nomascus leucogenys,18,4,4,2,"ALU,ERV,L1,TC1MARINER","LINE,LTR,SINE,TIR","CLASSI,CLASSII",293,6261,1977.8333333333333,1073,49.78865543686848,49.17355371900827,GCF_006542625.1,Asia_NLE_v1,41.0,12782853,refseq,animal,1544,1264
Stylophora pistillata,18,3,1,1,"ACADEM-1,CACTA,KOLOBOK",TIR,CLASSII,1339,7108,3872.3333333333335,4060,40.22896326076307,40.16393442622951,GCF_002571385.2,Stylophora pistillata v1.1,38.5,20684,refseq,animal,789,645
Ailurus fulgens,18,3,3,2,"ERV,TC1MARINER,TRNA","LTR,SINE,TIR","CLASSI,CLASSII",114,2414,420.1666666666667,216,51.32169814845381,53.36538461538461,N/A,N/A,,,failed,animal,7272,5950
Papilio xuthus,18,8,5,2,"CR1,GYPSY,HAT,HELITRON,LINE,R1,RTE,TRNA","HELITRON,LINE,LTR,SINE,TIR","CLASSI,CLASSII",160,5981,1971.6666666666667,640,47.00913299665453,48.05194805194805,GCF_000836235.2,Pxut_1.1,34.0,138779,refseq,animal,1549,1267
Mungos mungo,18,2,2,1,"ERV,TRNA","LTR,SINE",CLASSI,193,754,407.5,421,52.92327796540937,55.29953917050692,GCA_004023785.1,MunMun_v1_BIUU,42.0,180702,refseq,animal,7498,6134
Coniophora puteana,17,2,1,1,"COPIA,GYPSY",LTR,CLASSI,4814,9661,6439.058823529412,6181,53.61687730499268,54.69273743016759,GCF_000271625.1,Conpu1,52.5,216344,refseq,hongo,502,411
Mirounga angustirostris,17,4,4,2,"ERV,L1,TC1MARINER,TRNA","LINE,LTR,SINE,TIR","CLASSI,CLASSII",117,8471,1421.5882352941176,394,49.92763294511954,51.275510204081634,GCF_029215605.1,mMirAng1.0.hap1,42.0,58074836,refseq,animal,2275,1862
Ctenodactylus gundi,17,6,4,2,"ALU,ERV,L1,LTR,SINE,TC1MARINER","LINE,LTR,SINE,TIR","CLASSI,CLASSII",209,5827,1337.0,570,48.75024005816982,48.13895781637717,GCA_048771875.1,mCteGun2.hap1,42.5,38834406,refseq,animal,2419,1979
Papio anubis,17,3,3,1,"ALU,ERV,L1","LINE,LTR,SINE",CLASSI,298,8387,2164.235294117647,1297,52.34534116029632,51.17565698478561,GCA_008728515.2,Panubis1.1,41.0,1465768,refseq,animal,1494,1223
Brotula barbata,17,6,3,2,"CR1,L1,LINE,RTE,SINE,TC1MARINER","LINE,SINE,TIR","CLASSI,CLASSII",350,3459,1488.8823529411766,1532,47.751145308165285,48.821548821548824,GCA_900303265.1,ASM90030326v1,42.5,17578,refseq,animal,2172,1777
Eidolon helvum,17,6,4,2,"ERV,HAT,PIGGYBAC,RTE,SINE,TC1MARINER","LINE,LTR,SINE,TIR","CLASSI,CLASSII",175,2563,559.1176470588235,416,46.409882218817536,46.21212121212121,GCA_000465285.1,ASM46528v1,39.0,12668,refseq,animal,5786,4734
Pontoporia blainvillei,17,4,4,2,"ERV,L1,TC1MARINER,TRNA","LINE,LTR,SINE,TIR","CLASSI,CLASSII",117,1011,463.6470588235294,387,52.099441071423,53.91705069124424,GCA_011754075.1,ASM1175407v1,41.0,5888,refseq,animal,6977,5709
Balaenoptera bonaerensis,17,4,3,2,"ERV,HAT,TC1MARINER,TRNA","LTR,SINE,TIR","CLASSI,CLASSII",195,2419,566.4117647058823,495,48.243263190742894,47.302158273381295,GCA_000978805.1,ASM97880v1,40.5,8410,refseq,animal,5711,4673
Tremella mesenterica,17,3,2,2,"COPIA,GYPSY,PIFHARBINGER","LTR,TIR","CLASSI,CLASSII",3280,9354,6212.35294117647,5798,46.345759532482425,46.1588683351469,GCF_000271645.1,Treme1,46.5,123767,refseq,hongo,520,426
Meriones unguiculatus,17,3,2,1,"ALU,ERV,SINE","LTR,SINE",CLASSI,150,884,486.2352941176471,485,47.110624696186065,46.16613418530351,GCF_030254825.1,Bangor_MerUng_6.1,42.0,50173090,refseq,animal,6653,5443
Marthasterias glacialis,17,2,2,1,"DIRS,GYPSY","DIRS,LTR",CLASSI,3806,9462,6302.882352941177,6119,45.34719575216761,43.38697318007662,GCA_911728455.2,eaMarGlac1.2,39.5,1872146,refseq,animal,513,419
Tamandua tetradactyla,17,4,2,1,"ERV,LTR,SINE,TRNA","LTR,SINE",CLASSI,96,2838,559.1176470588235,474,49.801267083926334,47.39336492890995,GCF_023851605.1,mTamTet1.pri,39.5,9869167,refseq,animal,5786,4734
Ophiosphaerella korrae,17,2,2,2,"LARD,TC1MARINER","LTR,TIR","CLASSI,CLASSII",1298,10988,7218.235294117647,7364,27.364274309390773,26.82600950118765,GCA_028456385.1,ASM2845638v1,39.0,132248,refseq,hongo,448,366
Platanista gangetica,17,4,4,2,"ERV,L1,TC1MARINER,TRNA","LINE,LTR,SINE,TIR","CLASSI,CLASSII",204,6691,1798.2941176470588,782,48.07413089089171,45.95062797747943,GCA_017311385.1,HRRL_Platanista_gangetica_1.0,42.0,3092,refseq,animal,1799,1471
Ceratitis capitata,17,1,1,1,GYPSY,LTR,CLASSI,316,11439,6451.64705882353,5933,38.62725784497546,37.0166725789287,GCF_000347755.3,Ccap_2.1,35.0,845931,refseq,animal,501,410
Tirmania nivea,16,2,1,1,"COPIA,GYPSY",LTR,CLASSI,5445,9633,6700.5625,6479,47.54476346357133,47.983374384236456,GCA_015179035.1,Tirniv1,43.0,634062,refseq,hongo,513,419
Verticillium longisporum,16,3,1,1,"COPIA,GYPSY,LARD",LTR,CLASSI,3921,12640,7723.75,7111,36.016155937750156,26.614629233287175,GCA_019188255.1,ASM1918825v1,53.5,5294462,refseq,hongo,445,364
Trichophaea hybrida,16,2,1,1,"COPIA,GYPSY",LTR,CLASSI,5647,9500,7026.75,6295,49.49358884294298,51.54788777813608,GCA_015178995.1,Trihyb1,45.0,152142,refseq,hongo,489,400
Piliocolobus tephrosceles,16,3,3,2,"ALU,ERV,TC1MARINER","LTR,SINE,TIR","CLASSI,CLASSII",294,6277,1410.875,771,54.543101933924945,55.44373284537969,GCF_002776525.5,ASM277652v5,41.0,100421,refseq,animal,2436,1993
Rhinopithecus bieti,16,4,4,2,"ALU,ERV,L1,TC1MARINER","LINE,LTR,SINE,TIR","CLASSI,CLASSII",305,6474,1204.4375,748,50.175287307956545,48.61878453038674,GCF_001698545.2,ASM169854v2,41.0,36437,refseq,animal,2854,2335
Cronartium ribicola,16,2,1,1,"ERV,LTR",LTR,CLASSI,184,587,508.6875,552,46.354035097286186,46.18320610687023,GCA_000500245.1,Cro_ribi_1.0,41.5,3099,refseq,hongo,6757,5528
Hyaloscypha bicolor,16,5,3,2,"COPIA,GYPSY,HAT,HELITRON,PIGGYBAC","HELITRON,LTR,TIR","CLASSI,CLASSII",2057,10881,5803.75,6127,32.75002654449378,31.255100375387627,GCF_002865645.1,Melbi2,38.5,1166752,refseq,hongo,592,484
Juglans regia,16,1,1,1,L1,LINE,CLASSI,5441,5966,5703.125,5755,43.19836597282912,44.36928702010969,GCF_001411555.2,Walnut 2.0,36.0,1072962,refseq,planta,602,493
Punctularia strigosozonata,16,2,1,1,"COPIA,GYPSY",LTR,CLASSI,5153,11828,7575.1875,8253,56.15460201369927,55.960264900662246,GCF_000264995.1,Punctularia strigosozonata v1.0,55.0,125337,refseq,hongo,453,371
Xiphophorus maculatus,16,8,4,2,"CR1,ERV,HELITRON,LINE,LTR,RTE,TC1MARINER,TIR","HELITRON,LINE,LTR,TIR","CLASSI,CLASSII",264,8451,3844.875,3560,45.820579536580794,43.99808703969393,GCF_002775205.1,X_maculatus-5.0-male,39.0,9181372,refseq,animal,894,731
Thryonomys swinderianus,16,5,3,2,"ALU,ERV,LTR,SINE,TC1MARINER","LTR,SINE,TIR","CLASSI,CLASSII",149,4428,1034.3125,586,51.733467963540996,56.375838926174495,GCA_041154305.1,ThrSwi_NIG_v1,42.5,27788,refseq,animal,3323,2719
Melopsittacus undulatus,16,6,3,2,"CR1,ERV,LINE,LTR,RTE,TIR","LINE,LTR,TIR","CLASSI,CLASSII",564,8948,2880.3125,2469,48.675275719023695,50.1810282404055,GCF_012275295.1,bMelUnd1.mat.Z,42.0,16636420,refseq,animal,1193,976
Pteronura brasiliensis,16,3,3,1,"ERV,L1,TRNA","LINE,LTR,SINE",CLASSI,114,2986,570.3125,472,50.70247335849823,52.526799387442566,GCA_004024605.1,PteBra_v1_BIUU,41.5,90879,refseq,animal,6027,4931
Capra aegagrus,16,4,3,1,"ERV,L1,RTE,TRNA","LINE,LTR,SINE",CLASSI,184,4230,1201.1875,702,46.51743025397572,46.19385342789598,GCA_000978405.1,CapAeg_1.0,42.0,19347,refseq,animal,2861,2341
Vaccinium corymbosum,16,3,1,1,"PIFHARBINGER,TC1MARINER,TIR",TIR,CLASSII,127,1064,289.5625,236,34.102817789005556,35.034013605442176,GCA_014504835.1,ASM1450483v1,38.0,3558,refseq,planta,11871,9712
Pygathrix nemaeus,15,4,4,2,"ALU,ERV,L1,TC1MARINER","LINE,LTR,SINE,TIR","CLASSI,CLASSII",293,5828,1751.8666666666666,1101,50.39692244747133,49.46808510638298,GCA_004024825.1,PygNem_v1_BIUU,41.0,51434,refseq,animal,2093,1712
Ascochyta lentis,15,2,1,1,"COPIA,GYPSY",LTR,CLASSI,215,8592,6720.2,6959,37.7584166125859,35.6208670095518,GCA_016097375.2,AlKewell,48.5,1824960,refseq,hongo,545,446
Cryptoprocta ferox,15,4,4,2,"ERV,L1,TC1MARINER,TRNA","LINE,LTR,SINE,TIR","CLASSI,CLASSII",198,5105,1021.0,259,48.2427427349781,51.737451737451735,GCA_028646485.1,Cryptoprocta_ferox_HiC,41.5,124286,refseq,animal,3591,2938
Pinus taeda,15,3,1,1,"COPIA,GYPSY,LTR",LTR,CLASSI,948,15631,8684.6,5904,42.64654187601003,42.74661508704062,GCA_000404065.3,Ptaeda2.0,37.5,28106,refseq,planta,422,345
Apteryx rowi,15,5,3,2,"CR1,SINE,TC1MARINER,TIR,TRNA","LINE,SINE,TIR","CLASSI,CLASSII",137,4536,2038.6,2259,49.59692980346938,52.94117647058824,GCF_003343035.1,aptRow1,41.5,129376,refseq,animal,1798,1471
Aotus nancymaae,15,4,4,2,"ALU,ERV,L1,TC1MARINER","LINE,LTR,SINE,TIR","CLASSI,CLASSII",294,5948,1384.6666666666667,823,47.092950597422124,46.103896103896105,GCF_030222135.1,86718_ANA_hifiasm-v0.15.2.pri,41.0,55915596,refseq,animal,2648,2166
Clohesyomyces aquaticus,15,3,2,2,"COPIA,GYPSY,HAT","LTR,TIR","CLASSI,CLASSII",801,7131,5204.4,5827,42.0409796988655,41.90835764544362,GCA_002105025.1,Cloaq1,49.5,169037,refseq,hongo,704,576
Tapirus indicus,15,4,4,2,"ERV,RTE,TC1MARINER,TRNA","LINE,LTR,SINE,TIR","CLASSI,CLASSII",194,3203,600.8666666666667,500,49.723946337824465,47.03087885985748,GCA_031878705.1,mTapInd1.hap2,41.0,56553937,refseq,animal,6102,4992
Strigops habroptila,15,1,1,1,ERV,LTR,CLASSI,5582,9573,7549.6,7491,45.2341570697775,45.13653136531365,GCF_004027225.2,bStrHab1.2.pri,42.0,9454087,refseq,animal,485,397
Phocoena phocoena,15,5,4,2,"ERV,HAT,L1,TC1MARINER,TRNA","LINE,LTR,SINE,TIR","CLASSI,CLASSII",231,2418,847.1333333333333,614,47.538629702408485,45.98698481561822,GCF_963924675.1,mPhoPho1.1,41.5,3726689,refseq,animal,4328,3541
Branchiostoma japonicum,15,1,1,1,KOLOBOK,TIR,CLASSII,452,4912,2197.3333333333335,1965,44.83999905806248,44.747899159663866,N/A,N/A,,,failed,animal,1668,1365
Cryptococcus neoformans,14,4,2,2,"COPIA,GYPSY,LTR,PIFHARBINGER","LTR,TIR","CLASSI,CLASSII",146,7420,3317.785714285714,3408,48.63401808224607,48.663895486935864,GCF_000149245.1,CNA3,48.0,1422463,refseq,hongo,1184,968
Aspergillus oryzae,14,3,2,2,"GYPSY,LTR,TC1MARINER","LTR,TIR","CLASSI,CLASSII",469,9143,3111.3571428571427,1888,35.16707012204841,43.64406779661017,GCF_000184455.2,ASM18445v3,48.5,2324132,refseq,hongo,1262,1033
Mandrillus leucophaeus,14,4,4,2,"ALU,ERV,L1,TC1MARINER","LINE,LTR,SINE,TIR","CLASSI,CLASSII",293,7480,1985.142857142857,872,50.000812273545186,49.677868709733595,GCF_000951045.1,Mleu.le_1.0,40.5,31346,refseq,animal,1978,1619
Terana coerulea,14,4,2,1,"BELPAO,COPIA,DIRS,GYPSY","DIRS,LTR",CLASSI,751,7728,6130.285714285715,6559,52.16876768088447,52.21828490432318,GCA_024811115.1,FSU_Tcaeru_v2,53.5,162201,refseq,hongo,640,524
Sclerotinia sclerotiorum,14,1,1,1,TC1MARINER,TIR,CLASSII,1852,2187,1880.7857142857142,1858,38.862366684517,38.63514239656099,GCF_000146945.2,ASM14694v2,42.0,122550,refseq,hongo,2088,1709
Psilocybe cubensis,14,4,3,2,"COPIA,GYPSY,PLE,TC1MARINER","LTR,PLE,TIR","CLASSI,CLASSII",1605,11482,5967.071428571428,5691,47.68323919161578,47.76674937965261,GCF_017499595.1,MGC_Penvy_1,46.0,2796114,refseq,hongo,658,538
Argopecten purpuratus,14,5,2,2,"ACADEM-1,CR1,L1,LINE,TC1MARINER","LINE,TIR","CLASSI,CLASSII",1370,7190,4234.642857142857,4192,34.712569552851,36.60367589955993,N/A,N/A,,,failed,animal,927,759
Drosophila erecta,14,4,3,2,"BELPAO,GYPSY,R1,TC1MARINER","LINE,LTR,TIR","CLASSI,CLASSII",957,8152,5013.142857142857,5381,42.5029819585635,43.17198764160659,GCF_003286155.1,DereRS2,42.5,22146549,refseq,animal,783,641
Plecturocebus donacophilus,14,4,4,2,"ALU,ERV,L1,TC1MARINER","LINE,LTR,SINE,TIR","CLASSI,CLASSII",300,4623,1451.2857142857142,679,48.03088325227536,48.73646209386281,GCA_004027715.1,CalDon_v1_BIUU,41.0,41149,refseq,animal,2706,2214
Aspergillus fischeri,14,2,2,2,"COPIA,TC1MARINER","LTR,TIR","CLASSI,CLASSII",1842,4918,2081.5714285714284,1858,45.50425710536205,44.98922413793103,GCF_000149645.3,ASM14964v4,49.5,1240190,refseq,hongo,1887,1544
Drosophila melanogaster,14,5,2,2,"CACTA,COPIA,GYPSY,HAT,P","LTR,TIR","CLASSI,CLASSII",514,7543,4779.714285714285,5106,39.968159605497476,41.501103752759384,GCF_000001215.4,Release 6 plus ISO1 MT,42.0,21485538,refseq,animal,821,672
Apteryx haastii,14,5,3,2,"CR1,SINE,TC1MARINER,TIR,TRNA","LINE,SINE,TIR","CLASSI,CLASSII",158,4500,2158.1428571428573,2651,51.06037749186152,52.88570350811015,GCA_003342985.1,aptHaa1,41.5,120127,refseq,animal,1820,1489
Microbotryum saponariae,14,7,5,2,"ACADEM-1,COPIA,DIRS,GYPSY,HELITRON,L1,TIR","DIRS,HELITRON,LINE,LTR,TIR","CLASSI,CLASSII",2231,9565,4888.928571428572,5145,57.355816517512835,58.86123680241327,GCA_900102585.1,MvSof1,56.5,1443984,refseq,hongo,803,657
Telenomus remus,14,4,3,2,"CR1,GYPSY,HELITRON,RTE","HELITRON,LINE,LTR","CLASSI,CLASSII",1964,13510,5593.142857142857,4677,41.59722872897724,40.60295060936498,GCA_020615435.1,ZJU_Trem_1.0,36.5,2371703,refseq,animal,702,574
Cebus albifrons,14,2,2,2,"ERV,TC1MARINER","LTR,TIR","CLASSI,CLASSII",243,2095,773.9285714285714,655,47.93109240677932,48.754448398576514,GCA_023783575.1,ASM2378357v1,41.0,18502463,refseq,animal,5076,4153
Numida meleagris,14,1,1,1,ERV,LTR,CLASSI,233,7004,1567.7857142857142,546,48.811552401703,48.61507709880068,GCF_002078875.1,NumMel1.0,41.5,234926,refseq,animal,2505,2050
Eudromia elegans,14,3,3,2,"CR1,MERLIN,TRNA","LINE,SINE,TIR","CLASSI,CLASSII",139,4448,2055.3571428571427,1444,53.207143999097404,55.36537195523371,GCA_047922985.1,bEudEle1_v1.hap1,44.5,11629215,refseq,animal,1911,1563
Crassostrea ariakensis,14,5,2,2,"CR1,HAT,KOLOBOK,PIGGYBAC,TC1MARINER","LINE,TIR","CLASSI,CLASSII",1355,5842,3194.3571428571427,3871,38.01648942006359,40.02921840759679,GCA_020458035.1,ASM2045803v1,33.5,5932265,refseq,animal,1229,1006
Cebus capucinus,14,4,4,2,"ALU,ERV,L1,TC1MARINER","LINE,LTR,SINE,TIR","CLASSI,CLASSII",258,4657,1067.0714285714287,618,48.68688281928821,50.0515995872033,N/A,N/A,,,failed,animal,3681,3012
Camelus dromedarius,13,4,4,2,"ERV,L1,TC1MARINER,TRNA","LINE,LTR,SINE,TIR","CLASSI,CLASSII",130,3058,870.6153846153846,558,46.49455381045005,48.2078853046595,GCF_036321535.1,mCamDro1.pat,41.5,31216184,refseq,animal,4859,3975
Amphimedon queenslandica,13,4,2,2,"ACADEM-1,KOLOBOK,PLE,TC1MARINER","PLE,TIR","CLASSI,CLASSII",1087,5280,3717.923076923077,3778,37.31204853444139,36.41660597232338,GCF_000090795.2,v1.1,35.5,12197,refseq,animal,1137,931
Oreochromis niloticus,13,2,2,2,"TC1MARINER,TRNA","SINE,TIR","CLASSI,CLASSII",189,1557,386.46153846153845,305,51.618272026024066,53.43915343915344,GCF_001858045.2,O_niloticus_UMD_NMBU,40.5,2923640,refseq,animal,10947,8957
Dreissena polymorpha,13,2,1,1,"KOLOBOK,TIR",TIR,CLASSII,1660,5247,3987.153846153846,4274,38.82451119094987,38.82141250562303,GCF_020536995.1,UMN_Dpol_1.0,35.0,1111654,refseq,animal,1061,868
Ateles geoffroyi,13,3,3,2,"ERV,HAT,L1","LINE,LTR,TIR","CLASSI,CLASSII",473,5966,1313.8461538461538,576,48.88150791526759,49.487554904831626,GCA_023783555.1,ASM2378355v1,41.0,29212752,refseq,animal,3220,2634
Chrysoperla carnea,13,1,1,1,BELPAO,LTR,CLASSI,1173,8302,6833.384615384615,7156,34.223496778193216,34.50050021437759,GCF_905475395.1,inChrCarn1.1,29.0,67795596,refseq,animal,619,506
Hortaea werneckii,13,2,1,1,"GYPSY,LARD",LTR,CLASSI,6784,10934,7402.923076923077,6817,46.144092926773396,48.46706762505501,GCA_037044905.1,ASM3704490v1,53.0,651266,refseq,hongo,571,467
Chelonia mydas,13,6,4,2,"DIRS,HAT,LINE,PIFHARBINGER,PLE,TC1MARINER","DIRS,LINE,PLE,TIR","CLASSI,CLASSII",2255,6332,4838.2307692307695,5031,53.321295910545686,54.23970648185895,GCF_015237465.2,rCheMyd1.pri.v2,44.0,39415510,refseq,animal,874,715
Neomonachus schauinslandi,13,4,4,2,"ERV,L1,TC1MARINER,TRNA","LINE,LTR,SINE,TIR","CLASSI,CLASSII",167,8555,1252.8461538461538,213,48.410287210831,51.93370165745856,GCF_002201575.2,ASM220157v2,41.5,181061,refseq,animal,3376,2762
Leptonychotes weddellii,13,4,4,2,"ERV,L1,TC1MARINER,TRNA","LINE,LTR,SINE,TIR","CLASSI,CLASSII",209,5951,2129.4615384615386,657,44.87489638837357,43.79930577469233,GCF_000349705.1,LepWed1.0,41.5,23664,refseq,animal,1986,1625
Erythrocebus patas,13,2,2,1,"ERV,L1","LINE,LTR",CLASSI,452,7045,1847.076923076923,1213,49.80072067768681,48.39181286549707,GCA_023783455.1,ASM2378345v1,41.0,18747272,refseq,animal,2290,1874
Hericium coralloides,13,3,2,2,"COPIA,GYPSY,HELITRON","HELITRON,LTR","CLASSI,CLASSII",1359,8912,6508.384615384615,7082,50.794590720461514,53.172588832487314,GCA_964264465.1,gfHerCora1.1,54.0,470893,refseq,hongo,650,531
Cladochytrium replicatum,13,4,3,2,"COPIA,GYPSY,HAT,I","LINE,LTR,TIR","CLASSI,CLASSII",1228,9353,6037.076923076923,5977,45.68531789342019,45.36952136438658,GCA_025526935.1,Clarep1_1,48.0,394289,refseq,hongo,700,573
Osmia lignaria,13,2,2,2,"GYPSY,KOLOBOK","LTR,TIR","CLASSI,CLASSII",4874,14032,7903.2307692307695,7677,43.59475687371196,42.69547325102881,GCF_051020975.1,iyOsmLign1,39.0,14210529,refseq,animal,535,437
Denticeps clupeoides,13,1,1,1,GYPSY,LTR,CLASSI,4623,8298,6867.076923076923,6631,47.24299397570302,45.49599507085644,GCF_900700375.1,fDenClu1.1,43.5,3059612,refseq,animal,616,504
Sarcoptes scabiei,13,3,2,1,"COPIA,GYPSY,R1","LINE,LTR",CLASSI,3862,16481,5835.846153846154,5311,34.4292293164474,34.07852714634604,GCA_020844145.1,ASM2084414v1,33.0,5924017,refseq,animal,724,593
Vicugna pacos,13,3,3,2,"ERV,TC1MARINER,TRNA","LTR,SINE,TIR","CLASSI,CLASSII",125,2416,641.0,589,48.042783884280624,48.38709677419355,GCF_048564905.1,VicPac4,42.0,40278543,refseq,animal,6600,5400
Floccularia luteovirens,12,3,2,2,"COPIA,GYPSY,HELITRON","HELITRON,LTR","CLASSI,CLASSII",4778,10250,6511.166666666667,6398,44.683667218204356,44.625,GCA_052855235.1,ASM5285523v1,43.5,2344500,refseq,hongo,703,575
Dipodomys stephensi,12,3,3,1,"ERV,L1,SINE","LINE,LTR,SINE",CLASSI,195,2746,705.5833333333334,505,50.234419645995,53.26732673267327,GCA_004024685.1,DipSte_v1_BIUU,42.0,30710,refseq,animal,6495,5314
Colletotrichum gloeosporioides,12,3,2,2,"COPIA,GYPSY,HAT","LTR,TIR","CLASSI,CLASSII",5185,7948,7210.833333333333,7657,26.07086862974488,23.63773965691221,GCF_011800055.1,NFU_CgLc1_1.0,51.0,429093,refseq,hongo,635,520
Peziza echinospora,12,2,1,1,"COPIA,GYPSY",LTR,CLASSI,5861,9267,7458.083333333333,7443,49.42413343946032,50.421784815746626,GCA_024516245.1,Pezech1,47.5,1192069,refseq,hongo,614,502
Basidiobolus meristosporus,12,5,2,1,"COPIA,CR1,GYPSY,I,LINE","LINE,LTR",CLASSI,3962,7499,5571.083333333333,5902,43.05044040350163,43.89020482095583,GCA_002104905.1,Basme2finSC,43.0,106019,refseq,hongo,822,673
Strongyloides papillosus,12,5,4,2,"GYPSY,HELITRON,LARD,RTE,TC1MARINER","HELITRON,LINE,LTR,TIR","CLASSI,CLASSII",1277,9204,4854.416666666667,5228,32.52713818269038,32.7007299270073,GCA_005656395.1,S_papillosus_v1,26.0,1445102,refseq,animal,944,772
Sphaerosporella brunnea,12,2,1,1,"COPIA,GYPSY",LTR,CLASSI,5529,8816,6656.916666666667,6145,52.51713193260047,53.78775097013666,GCA_008704415.1,Sphbr2,52.5,119241,refseq,hongo,688,563
Pangasianodon hypophthalmus,12,3,2,1,"BELPAO,DIRS,GYPSY","DIRS,LTR",CLASSI,4626,8834,6515.416666666667,6433,49.01716015946107,47.87333489132975,GCF_027358585.1,fPanHyp1.pri,39.0,13007371,refseq,animal,703,575
Caenorhabditis brenneri,12,3,1,1,"CR1,LINE,RTE",LINE,CLASSI,779,5804,3156.0,3425,41.32731636986849,39.970802919708035,GCA_964036135.1,CAEBRE_CFB2252,38.5,20836669,refseq,animal,1452,1188
Botrytis squamosa,12,4,2,2,"COPIA,GYPSY,LARD,TC1MARINER","LTR,TIR","CLASSI,CLASSII",1327,10769,6232.333333333333,6491,39.88680190766959,42.329329481526536,GCA_014898485.2,BOTSQU_2,37.5,3203072,refseq,hongo,735,601
Linnemannia elongata,12,4,4,2,"DIRS,HELITRON,L1,TC1MARINER","DIRS,HELITRON,LINE,TIR","CLASSI,CLASSII",722,5085,3088.3333333333335,3502,47.60182514214063,48.13032210292484,GCA_036320915.1,MoeNVP64_1,48.0,2739884,refseq,hongo,1484,1214
Nicotiana tabacum,12,6,3,2,"COPIA,ERV,GYPSY,HAT,SINE,TRNA","LTR,SINE,TIR","CLASSI,CLASSII",136,7981,3386.0,4100,40.130212557646075,41.338582677165356,GCF_000715075.1,ASM71507v2,39.0,11819318,refseq,planta,1353,1107
Tupaia tana,12,3,3,2,"ERV,TC1MARINER,TRNA","LTR,SINE,TIR","CLASSI,CLASSII",129,1134,590.75,621,50.20282736540846,51.73913043478261,GCA_026018925.1,mTupTan1,42.0,7301848,refseq,animal,7758,6347
Saguinus imperator,12,3,3,1,"ALU,ERV,L1","LINE,LTR,SINE",CLASSI,117,2745,1159.75,665,46.99616496952826,48.451730418943534,GCA_004024885.1,SagImp_v1_BIUU,41.0,53787,refseq,animal,3952,3233
Trichaptum fuscoviolaceum,12,4,2,2,"BELPAO,COPIA,GYPSY,TC1MARINER","LTR,TIR","CLASSI,CLASSII",1382,10970,6820.083333333333,6590,50.89429324176471,50.27678924476078,GCA_910574455.1,TF100210M3,49.0,2702940,refseq,hongo,672,549
Monodon monoceros,12,4,3,2,"ERV,HAT,TC1MARINER,TRNA","LTR,SINE,TIR","CLASSI,CLASSII",121,2419,615.4166666666666,491,54.07047184770996,56.70103092783505,GCA_005190385.3,NGI_Narwhal_2,41.5,22031227,refseq,animal,7447,6093
Trichostrongylus colubriformis,12,2,2,2,"BELPAO,TC1MARINER","LTR,TIR","CLASSI,CLASSII",893,13048,8875.416666666666,8932,47.11300048667702,46.88665385919313,GCA_963978905.1,nxTriColu2.1,44.0,1511274,refseq,animal,516,422
Thunnus orientalis,12,1,1,1,GYPSY,LTR,CLASSI,5458,9065,6919.166666666667,7350,49.399510383473874,46.60584505953301,GCA_021601225.2,Tori_3.1,39.5,5152937,refseq,animal,662,541
Histoplasma capsulatum,11,3,2,2,"GYPSY,PIGGYBAC,TC1MARINER","LTR,TIR","CLASSI,CLASSII",1475,7522,2496.818181818182,1975,44.96567834320753,44.303797468354425,GCF_000150115.1,ASM15011v1,44.5,191715,refseq,hongo,2002,1638
Cyclopterus lumpus,11,1,1,1,GYPSY,LTR,CLASSI,5237,8502,6199.727272727273,5549,53.17446871069716,54.15314111132328,GCF_009769545.1,fCycLum1.pri,43.0,4950682,refseq,animal,806,659
Ursus maritimus,11,4,4,2,"ERV,L1,TC1MARINER,TRNA","LINE,LTR,SINE,TIR","CLASSI,CLASSII",198,3824,876.1818181818181,468,48.4268534429259,49.49832775919732,GCF_017311325.1,ASM1731132v1,42.0,206653,refseq,animal,5706,4669
Sitodiplosis mosellana,11,3,1,1,"CACTA,HAT,TIR",TIR,CLASSII,2062,4514,3540.2727272727275,3867,41.44241030218533,40.93883357041252,GCF_009176505.1,AAFC_SMos_1.0,36.5,62752,refseq,animal,1412,1155
Semnopithecus entellus,11,1,1,1,ERV,LTR,CLASSI,454,7862,2029.6363636363637,780,52.29607227904318,52.307692307692314,GCA_047655295.1,SemEnt,41.0,20050106,refseq,animal,2463,2015
Neoantrodia serialis,11,4,3,2,"COPIA,GYPSY,HELITRON,RTE","HELITRON,LINE,LTR","CLASSI,CLASSII",2161,12122,7098.909090909091,5900,56.663688286372185,54.93292579385295,GCF_022376445.1,Antser1,56.0,192221,refseq,hongo,704,576
Camelus bactrianus,11,3,3,1,"ERV,L1,TRNA","LINE,LTR,SINE",CLASSI,128,2740,722.5454545454545,584,46.38644951272682,48.11643835616438,GCF_048773025.1,ASM4877302v1,42.0,54723239,refseq,animal,6919,5661
Acanthopagrus latus,11,3,2,1,"BELPAO,DIRS,GYPSY","DIRS,LTR",CLASSI,5270,9336,6830.0,6550,48.52464030437007,48.06106870229008,GCF_904848185.1,fAcaLat1.1,42.0,14880455,refseq,animal,732,598
Tinamus guttatus,11,3,2,1,"CR1,RTE,SINE","LINE,SINE",CLASSI,208,4065,2293.4545454545455,2878,51.26984123200377,52.32472324723248,GCF_000705375.1,ASM70537v2,41.5,29773,refseq,animal,2180,1783
Penicillium solitum,11,3,2,2,"COPIA,GYPSY,HAT","LTR,TIR","CLASSI,CLASSII",3963,8563,6253.0,6008,34.78583078464621,35.868841544607186,GCF_028829755.1,ASM2882975v1,48.0,4764641,refseq,hongo,799,654
Ophiognomonia clavigignentijuglandacearum,11,3,1,1,"COPIA,GYPSY,LARD",LTR,CLASSI,7081,12766,7923.181818181818,7513,34.38958549271226,35.14197357323587,N/A,N/A,,,failed,desconocido,631,516
Petromus typicus,11,5,4,2,"ERV,L1,LTR,SINE,TC1MARINER","LINE,LTR,SINE,TIR","CLASSI,CLASSII",195,953,427.6363636363636,365,49.10179945564325,49.39172749391727,GCA_004026965.1,PetTyp_v1_BIUU,42.0,29916,refseq,animal,11692,9566
Manihot esculenta,11,2,2,1,"L1,TRNA","LINE,SINE",CLASSI,94,5957,2509.181818181818,1949,42.492198292454994,43.61702127659575,GCF_001659605.2,M.esculenta_v8,37.5,3258867,refseq,planta,1992,1630
Alternaria brassicicola,11,3,2,2,"COPIA,GYPSY,TC1MARINER","LTR,TIR","CLASSI,CLASSII",2098,13790,6977.545454545455,6656,38.597757839007436,35.60711793440335,GCA_002796735.1,ASM279673v1,51.0,2101997,refseq,hongo,716,586
Tetranychus urticae,11,5,3,2,"COPIA,GYPSY,LINE,PIFHARBINGER,R1","LINE,LTR,TIR","CLASSI,CLASSII",3357,11023,6373.181818181818,5601,37.11311742169519,34.605714285714285,GCF_000239435.1,ASM23943v1,32.5,212780,refseq,animal,784,641
Pomacea canaliculata,11,1,1,1,GYPSY,LTR,CLASSI,1629,8053,5986.727272727273,6372,47.722584156898755,46.74160141449861,GCF_003073045.1,ASM307304v1,40.5,1072857,refseq,animal,835,683
Morchella crassipes,10,3,2,2,"CACTA,COPIA,GYPSY","LTR,TIR","CLASSI,CLASSII",5231,9360,6510.0,6102,48.877010858008816,49.8603537704482,GCA_009192285.1,ASM919228v1,47.5,1330510,refseq,hongo,844,691
Pinctada fucata,10,3,2,2,"CR1,L1,TC1MARINER","LINE,TIR","CLASSI,CLASSII",1380,5291,3644.9,4200,33.80451236272697,36.88598467778279,GCA_028142955.1,Pfu_4.1A,35.5,2496427,refseq,animal,1508,1234
Halicephalobus mephisto,10,3,3,2,"HELITRON,RTE,TC1MARINER","HELITRON,LINE,TIR","CLASSI,CLASSII",1282,2476,1654.1,1587,39.019435419108966,40.804953560371516,GCA_009193035.1,mephisto_omega,32.0,300874,refseq,animal,3325,2720
Phanerodontia chrysosporium,10,4,3,2,"COPIA,GYPSY,PLE,TIR","LTR,PLE,TIR","CLASSI,CLASSII",2657,15606,7012.3,5058,56.942757216104155,57.49456915278783,GCA_001910725.1,ASM191072v1,56.5,966363,refseq,hongo,784,641
Tetraodon nigroviridis,10,4,3,2,"L1,LINE,PLE,TC1MARINER","LINE,PLE,TIR","CLASSI,CLASSII",1225,5778,3723.4,3711,51.37221885631605,51.073265921589496,GCA_051020865.1,TetNigT2Thap1,46.0,16043130,refseq,animal,1477,1208
Rhea americana,10,3,3,2,"CR1,TIR,TRNA","LINE,SINE,TIR","CLASSI,CLASSII",141,4506,2234.4,3010,50.18044566057855,53.33969465648855,GCA_003343005.1,rheAme1,41.0,88762,refseq,animal,2461,2013
Megachile rotundata,10,2,2,2,"LINE,TC1MARINER","LINE,TIR","CLASSI,CLASSII",2030,3726,3101.4,3522,48.417036251930455,52.12677231025855,GCF_050947335.1,iyMegRotu1,34.0,5375825,refseq,animal,1773,1450
Nasalis larvatus,10,4,4,2,"ALU,ERV,L1,TC1MARINER","LINE,LTR,SINE,TIR","CLASSI,CLASSII",293,4497,1456.3,823,48.63544021483382,50.911300121506684,GCA_047834645.1,ASM4783464v1,41.0,4333480,refseq,animal,3776,3090
Limnoperna fortunei,10,3,1,1,"HAT,MULE,TC1MARINER",TIR,CLASSII,1351,4796,2044.5,1619,39.485514742267384,40.0437636761488,GCA_944474755.1,xbLimFort5.1,33.5,1498882,refseq,animal,2690,2201
Earliella scabrosa,10,3,2,2,"COPIA,GYPSY,HELITRON","HELITRON,LTR","CLASSI,CLASSII",5000,13253,7088.8,6389,48.81470359859715,53.535353535353536,GCA_022605405.1,Earsca1,57.0,1970191,refseq,hongo,775,634
Acanthopleura granulata,10,3,1,1,"BELPAO,COPIA,GYPSY",LTR,CLASSI,4605,8781,6445.6,7749,43.973367556088405,44.130067567567565,GCA_016165875.1,ASM1616587v1,40.0,1098986,refseq,animal,853,698
Elsinoe ampelina,10,2,1,1,"COPIA,GYPSY",LTR,CLASSI,5321,7921,6624.8,6996,32.192731232759925,32.12257100149477,GCA_005959805.1,ASM595980v1,49.5,2703794,refseq,hongo,830,679
Bipolaris maydis,10,2,1,1,"COPIA,GYPSY",LTR,CLASSI,6088,7519,7094.3,7411,46.07024309884875,50.50600458777493,GCF_028858645.1,CocheC4_6,48.5,1879010,refseq,hongo,775,634
Tyrophagus putrescentiae,10,5,1,1,"BELPAO,COPIA,GYPSY,LARD,LTR",LTR,CLASSI,4329,10002,6279.7,6024,50.68182512205744,52.71503040834057,GCA_024499935.1,ASM2449993v1,45.0,851625,refseq,animal,875,716
Homo sapiens,9,1,1,1,ALU,SINE,CLASSI,299,318,311.1111111111111,311,56.28817755940614,56.59163987138264,GCF_000001405.40,GRCh38.p14,41.0,57879411,refseq,animal,19642,16071
Saccharomyces cerevisiae,9,2,1,1,"COPIA,GYPSY",LTR,CLASSI,114,6536,3371.0,5510,33.35073267603835,33.0622009569378,GCF_000146045.2,R64,38.5,924431,refseq,hongo,1812,1483
Mengenilla moldrzyki,9,1,1,1,TC1MARINER,TIR,CLASSII,1266,1569,1317.111111111111,1281,41.422316555399874,39.968404423380726,GCA_000281935.1,Memo_1.0,28.5,4038,refseq,animal,4639,3796
Ocypus olens,9,1,1,1,KOLOBOK,TIR,CLASSII,4705,9269,6471.0,6712,32.41729393905612,32.34074074074074,GCA_910593695.2,icOcyOlen1.2,32.5,4567902,refseq,animal,944,772
Aphelenchoides fujianensis,9,4,3,2,"BELPAO,GYPSY,RTE,TC1MARINER","LINE,LTR,TIR","CLASSI,CLASSII",1518,10357,5516.333333333333,5103,59.52651578584531,60.872395833333336,GCA_024699865.1,Afujianensis.fasta,58.0,553027,refseq,animal,1107,906
Necator americanus,9,4,4,2,"BELPAO,RTE,TC1MARINER,TRNA","LINE,LTR,SINE,TIR","CLASSI,CLASSII",288,9663,2620.4444444444443,1288,50.46574553114531,51.43548945001729,GCF_031761385.1,Nec_am_Ar_1.0,40.0,4928238,refseq,animal,2332,1908
Allomyces macrogynus,9,5,3,2,"COPIA,DIRS,GYPSY,P,PIFHARBINGER","DIRS,LTR,TIR","CLASSI,CLASSII",3715,9220,5703.888888888889,5686,60.0046225914113,58.86574479257833,GCA_000151295.1,A_macrogynus_V3,61.5,35497,refseq,hongo,1071,876
Postia placenta,9,2,1,1,"COPIA,GYPSY",LTR,CLASSI,4950,10615,7205.0,7414,54.65981122467983,54.96969696969697,GCF_002117355.1,PosplRSB12_1,54.0,142602,refseq,hongo,848,693
Lactarius deliciosus,9,3,2,1,"COPIA,GYPSY,PLE","LTR,PLE",CLASSI,3777,7934,6866.0,6928,51.634805702857875,52.539155196962504,GCA_021525775.1,Lacdel1,52.0,318552,refseq,hongo,890,728
Porodaedalea pini,9,4,2,2,"COPIA,GYPSY,TC1MARINER,TIR","LTR,TIR","CLASSI,CLASSII",4237,10762,7429.0,6297,50.60444025014987,50.08734317929172,GCA_002794775.1,PPIT.v3,49.5,569242,refseq,hongo,822,673
Davidsoniella eucalypti,9,3,2,2,"COPIA,GYPSY,TC1MARINER","LTR,TIR","CLASSI,CLASSII",1550,6471,5577.888888888889,6308,50.74306421115259,52.60278255432234,GCA_004009845.1,ASM400984v1,46.0,225304,refseq,hongo,1095,896
Blumeriella jaapii,9,2,1,1,"COPIA,GYPSY",LTR,CLASSI,5655,7357,6473.777777777777,6407,34.25800461143954,31.29973474801061,GCA_009599575.1,MSU_Bj_1.1,43.5,1484584,refseq,hongo,943,772
Cercocebus atys,9,3,3,1,"ALU,ERV,L1","LINE,LTR,SINE",CLASSI,293,5988,1406.888888888889,642,52.79522825537054,51.09034267912772,GCF_000955945.1,Caty_1.0,41.0,112942,refseq,animal,4343,3553
Bipolaris sorokiniana,9,2,1,1,"COPIA,GYPSY",LTR,CLASSI,5476,7493,6386.777777777777,6310,49.39515020296832,50.220205525156814,GCF_000338995.1,Cocsa1,50.0,243393,refseq,hongo,956,782
Botrytis cinerea,8,3,2,2,"COPIA,GYPSY,TC1MARINER","LTR,TIR","CLASSI,CLASSII",1224,10969,4565.375,6385,44.87801493026876,45.1797385620915,GCF_000143535.2,ASM14353v4,42.0,2617329,refseq,hongo,1505,1232
Ustilaginoidea virens,8,2,1,1,"COPIA,GYPSY",LTR,CLASSI,5642,7622,6772.625,7351,40.762827315132306,41.970932293512945,GCF_000687475.1,ASM68747v2,50.0,6429791,refseq,hongo,1015,830
Monilinia fructigena,8,2,1,1,"COPIA,GYPSY",LTR,CLASSI,5447,7480,6274.375,6420,45.97230868750055,45.64491654021244,GCA_003260565.1,ASM326056v1,42.0,767732,refseq,hongo,1095,896
Rhagonycha fulva,8,1,1,1,KOLOBOK,TIR,CLASSII,3563,6713,5063.75,4751,32.09226489693372,32.1731369924141,GCA_905340355.1,icRhaFulv1.1,30.5,21086067,refseq,animal,1357,1110
Pezicula radicicola,8,3,2,2,"COPIA,LARD,TC1MARINER","LTR,TIR","CLASSI,CLASSII",1244,6985,4192.625,6095,34.99814159391308,33.895394223263075,GCA_003008705.1,ASM300870v1,43.5,377543,refseq,hongo,1639,1341
Verticillium dahliae,8,2,1,1,"COPIA,GYPSY",LTR,CLASSI,5140,9820,7007.625,6971,34.57530861491066,31.572692460055464,GCF_000150675.1,ASM15067v2,56.0,43309,refseq,hongo,981,802
Aspergillus novofumigatus,8,3,2,2,"COPIA,GYPSY,HAT","LTR,TIR","CLASSI,CLASSII",5442,8085,6913.25,7244,35.5321453431682,34.39911797133407,GCF_002847465.1,Aspnov1,49.0,3768347,refseq,hongo,994,813
Rhea pennata,8,2,2,1,"CR1,TRNA","LINE,SINE",CLASSI,229,3206,2363.0,2985,54.35701626494146,53.950413223140494,GCF_028389875.1,bPtePen1.pri,42.5,19335416,refseq,animal,2909,2380
Latimeria menadoensis,8,5,3,1,"CR1,DIRS,L1,LINE,TRNA","DIRS,LINE,SINE",CLASSI,328,3703,2406.375,2981,47.39509614583515,45.621980676328505,N/A,N/A,,,failed,animal,2856,2337
Apophysomyces variabilis,8,3,2,1,"HELITRON,TC1MARINER,TIR","HELITRON,TIR",CLASSII,3996,7866,5649.875,5439,41.46874124283039,41.60233674108074,GCA_002749535.1,ASM274953v1,41.5,147966,refseq,hongo,1216,995
Paxillus involutus,8,3,2,2,"COPIA,GYPSY,TC1MARINER","LTR,TIR","CLASSI,CLASSII",446,10136,5008.125,6072,49.663276435644015,49.72002635046113,GCA_000827475.1,Paxillus involutus ATCC 200175 v1.0,50.0,10094,refseq,hongo,1372,1123
Marchantia polymorpha,8,4,2,1,"COPIA,CR1,L1,RTE","LINE,LTR",CLASSI,1932,5339,3959.5,4448,40.13821679975976,40.56987788331072,GCA_037833965.1,MpTak2_v7.1,43.5,30125287,refseq,planta,1736,1420
Hyposmocoma kahamanoa,8,1,1,1,BELPAO,LTR,CLASSI,1548,8399,6171.5,6613,45.41846043333199,43.07915758896151,GCF_003589595.1,ASM358959v1,36.5,58944,refseq,animal,1113,911
Alouatta palliata,8,2,2,1,"ERV,L1","LINE,LTR",CLASSI,472,5888,1461.625,583,47.73332101843693,49.11032028469751,GCA_004027835.1,AloPal_v1_BIUU,41.0,51304,refseq,animal,4703,3848
Bursaphelenchus xylophilus,8,2,1,1,"BELPAO,GYPSY",LTR,CLASSI,3456,11271,6766.125,7483,45.69252151903494,45.6778460085026,GCA_904066235.2,BXYJv5,40.5,5904492,refseq,animal,1016,831
Puccinia novopanici,8,1,1,1,LTR,LTR,CLASSI,129,682,369.625,337,48.34624963989714,50.3875968992248,GCA_004348175.1,PNOVO_Noble_KM,44.0,13091,refseq,hongo,18599,15218
Odobenus rosmarus,8,3,3,2,"L1,TC1MARINER,TRNA","LINE,SINE,TIR","CLASSI,CLASSII",102,604,258.0,211,50.60293914403177,54.71698113207547,GCF_000321225.1,Oros_1.0,41.5,89951,refseq,animal,26647,21802
Chara braunii,8,1,1,1,PLE,PLE,CLASSI,4208,7432,6319.375,6863,51.24275403205035,51.041818446743406,GCA_003427395.1,Cbr_1.0,48.5,11762,refseq,planta,1087,890
Ameiurus melas,8,3,2,1,"DIRS,ERV,GYPSY","DIRS,LTR",CLASSI,4854,14736,7770.5,8833,50.054112012408474,50.33367266146364,GCA_012411365.1,AMELA_1.0,40.0,7408031,refseq,animal,884,723
Curvularia papendorfii,8,2,1,1,"COPIA,GYPSY",LTR,CLASSI,5411,8012,6976.875,7388,42.79315106853858,46.276104232119756,GCA_000817285.1,ASM81728v1,50.5,146099,refseq,hongo,985,806
Metschnikowia fructicola,8,4,3,2,"COPIA,GYPSY,HAT,L1","LINE,LTR,TIR","CLASSI,CLASSII",1253,5829,4072.25,4873,44.574481210765825,44.704215373715904,GCA_009746055.1,ASM974605v1,46.0,2551992,refseq,hongo,1688,1381
Phellinus lamaoensis,7,2,1,1,"COPIA,GYPSY",LTR,CLASSI,4028,7004,6064.857142857143,6258,45.1180348165995,44.86610558530987,GCA_002794735.1,PLAO.v2,42.5,1544635,refseq,hongo,1295,1059
Culex pipiens,7,3,3,2,"I,TIR,TRNA","LINE,SINE,TIR","CLASSI,CLASSII",222,4843,2796.285714285714,4307,44.90072010916397,46.21102622341524,GCF_016801865.2,TS_CPP_V2,37.0,794805,refseq,animal,2809,2298
Syngnathus acus,7,2,1,1,"COPIA,GYPSY",LTR,CLASSI,4392,7128,5114.285714285715,4636,52.26417774630473,51.306620209059226,GCF_901709675.1,fSynAcu1.2,43.5,11959915,refseq,animal,1536,1256
Patella pellucida,7,1,1,1,KOLOBOK,TIR,CLASSII,461,4597,3037.1428571428573,2897,36.6439516755651,38.109552438209754,GCA_917208275.1,xgPatPell1.1,36.5,3173890,refseq,animal,2587,2116
Ladona fulva,7,2,2,2,"LINE,TC1MARINER","LINE,TIR","CLASSI,CLASSII",2004,3122,2565.1428571428573,2617,48.69391116233046,49.327354260089685,GCA_000376725.2,Lful_2.0,36.5,67260,refseq,animal,3063,2506
Raffaelea albimanens,7,2,1,1,"COPIA,GYPSY",LTR,CLASSI,5489,8493,6339.571428571428,5669,33.712733546823166,30.319086306369954,GCA_002778245.1,ASM277824v1,53.5,5266749,refseq,hongo,1239,1014
Cottoperca gobio,7,2,1,1,"ERV,GYPSY",LTR,CLASSI,5027,12697,8034.285714285715,5418,50.56018038569238,52.538120054043624,GCF_900634415.1,fCotGob3.1,41.0,6330900,refseq,animal,977,800
Blattella germanica,7,3,2,2,"CR1,LINE,TC1MARINER","LINE,TIR","CLASSI,CLASSII",1345,3669,3160.1428571428573,3426,37.94957712828761,38.003502626970224,GCA_000762945.2,Bger_2.0,34.5,71964,best_n50,animal,2486,2034
Trichinella nelsoni,7,3,2,2,"BELPAO,GYPSY,TIR","LTR,TIR","CLASSI,CLASSII",1441,5147,3738.714285714286,4474,47.86214423832753,49.76485677640017,GCA_001447455.1,T7_ISS37_r1.0,33.5,141065,refseq,animal,2101,1719
Cercopithecus neglectus,7,2,2,1,"ALU,ERV","LTR,SINE",CLASSI,295,1473,877.4285714285714,611,56.1407821637683,60.67796610169491,GCA_963574685.1,PGDP_CerNeg,41.0,44010,refseq,animal,8954,7326
Trichoplax adhaerens,7,1,1,1,TIR,TIR,CLASSII,130,435,284.42857142857144,279,34.93262442353616,35.38461538461539,GCF_000150275.1,v1.0,32.5,204191,refseq,animal,27624,22601
Secale cereale,7,5,3,2,"COPIA,GYPSY,L1,LTR,MULE","LINE,LTR,TIR","CLASSI,CLASSII",209,8677,2849.4285714285716,787,48.16869261666479,46.3855421686747,GCA_965641915.1,lpSecCere.Lo7.IPK.v3,46.0,127998177,refseq,planta,2757,2256
Gigantopelta aegis,7,1,1,1,KOLOBOK,TIR,CLASSII,4174,4944,4532.142857142857,4535,39.28947269131455,39.25990803590979,GCF_016097555.1,Gae_host_genome,37.0,461769,refseq,animal,1733,1418
Echeneis naucrates,7,3,2,1,"COPIA,DIRS,GYPSY","DIRS,LTR",CLASSI,4675,8486,6241.142857142857,5810,50.152813658073704,50.65212236186862,GCF_900963305.1,fEcheNa1.1,41.5,12371513,refseq,animal,1258,1030
Nycticeius humeralis,7,2,2,1,"HAT,HELITRON","HELITRON,TIR",CLASSII,192,1183,391.14285714285717,246,45.274789894513056,42.70833333333333,GCA_007922795.1,NycHum_v1_BIUU,43.5,14267,refseq,animal,20087,16435
Pithecia pithecia,7,3,2,1,"ERV,L1,LTR","LINE,LTR",CLASSI,452,2896,917.5714285714286,582,50.70577609400243,49.122807017543856,GCA_023779675.1,ASM2377967v1,40.5,10867430,refseq,animal,8562,7006
Phyllosticta citriasiana,7,2,1,1,"COPIA,GYPSY",LTR,CLASSI,5573,8168,7006.285714285715,6705,31.76481174767929,32.08863858961802,GCF_038021145.1,Pcitr2,52.0,2145012,refseq,hongo,1121,917
Calidris pugnax,7,1,1,1,ERV,LTR,CLASSI,543,6790,2310.4285714285716,928,48.0355353119337,46.77480916030534,GCF_001431845.1,ASM143184v1,42.5,109237,refseq,animal,3400,2782
Neostethus bicornis,7,1,1,1,GYPSY,LTR,CLASSI,4883,7285,5759.142857142857,5887,48.43035743166676,49.02970297029703,GCA_902685375.1,fNeoBic2.1,40.5,23089617,refseq,animal,1364,1116
Rhodotorula toruloides,7,2,1,1,"COPIA,GYPSY",LTR,CLASSI,4873,8755,6310.571428571428,5365,61.66839122529383,61.247016706443915,GCF_000320785.1,RHOziaDV1.0,62.0,163970,refseq,hongo,1245,1018
Margaritispora aquatica,7,2,1,1,"COPIA,GYPSY",LTR,CLASSI,5526,13266,7560.857142857143,6897,32.87245719114011,30.481727574750835,GCA_007644065.1,ASM764406v1,46.0,1275688,refseq,hongo,1039,850
Lodderomyces elongisporus,7,2,1,1,"COPIA,GYPSY",LTR,CLASSI,3065,9958,6107.428571428572,5741,41.00124220940064,41.911262798634816,GCF_030384665.1,ASM3038466v1,37.0,2328861,refseq,hongo,1286,1052
Tolypocladium inflatum,7,2,2,2,"GYPSY,HAT","LTR,TIR","CLASSI,CLASSII",2594,7968,4493.428571428572,4097,46.391911729273446,52.062484744935325,GCA_003945565.1,ASM394556v1,58.0,5285281,refseq,hongo,1748,1430
Drosophila buzzatii,6,5,3,2,"GYPSY,HAT,HELITRON,P,TC1MARINER","HELITRON,LTR,TIR","CLASSI,CLASSII",889,9045,3606.3333333333335,2775,39.33105830569644,37.465103294249026,GCA_035045845.1,ASM3504584v1,38.0,3125169,refseq,animal,2541,2079
Didymella segeticola,6,2,1,1,"COPIA,GYPSY",LTR,CLASSI,6897,7699,7327.166666666667,7483,27.285333163611302,29.48453608247423,GCA_004522025.1,ASM452202v1,52.0,2254797,refseq,hongo,1251,1023
Hirudinaria manillensis,6,1,1,1,GYPSY,LTR,CLASSI,4243,5541,4585.5,4489,45.769775459135566,45.590643274853804,GCA_034509925.1,ASM3450992v1,35.5,9584917,refseq,animal,1999,1635
Chlamydomonas incerta,6,1,1,1,PLE,PLE,CLASSI,2973,7293,4612.5,4787,66.78701862244725,67.54120417087117,GCA_016834605.1,ASM1683460v1,66.0,1576468,refseq,planta,1987,1626
Meloidogyne hapla,6,3,2,2,"BELPAO,GYPSY,MULE","LTR,TIR","CLASSI,CLASSII",2095,11185,6653.333333333333,7614,36.77766966775497,37.16837404780667,GCA_051171035.1,Mhapla_VW9,27.0,2926825,refseq,animal,1377,1127
Pyrenophora teres,6,2,2,2,"GYPSY,HAT","LTR,TIR","CLASSI,CLASSII",3104,7853,5726.166666666667,6624,53.145681829315826,55.01879437560908,GCA_014334815.1,ASM1433481v1,46.0,3807039,refseq,hongo,1600,1309
Limnephilus lunatus,6,1,1,1,KOLOBOK,TIR,CLASSII,5574,8743,6920.833333333333,7204,34.534578741845074,34.42518480754524,GCA_917563855.2,iiLimLuna2.2,35.0,18993099,refseq,animal,1324,1083
Branchiostoma belcheri,6,3,1,1,"ACADEM-1,CACTA,KOLOBOK",TIR,CLASSII,3904,9769,6482.0,7630,45.15970967465835,46.01356090717793,GCF_001625305.1,Haploidv18h27,41.5,47280,refseq,animal,1414,1157
Diaporthe caulivora,6,1,1,1,TC1MARINER,TIR,CLASSII,2142,2197,2163.1666666666665,2162,48.970426662810574,49.09260120986506,GCA_023703485.1,ASM2370348v1,53.0,8708519,refseq,hongo,4237,3467
Mrakia blollopis,6,3,2,1,"COPIA,GYPSY,L1","LINE,LTR",CLASSI,3623,6038,5035.0,5098,54.944538077847774,54.51048951048951,GCA_000950635.1,ASM95063v1,53.5,1718111,refseq,hongo,1820,1489
Kazachstania exigua,6,2,1,1,"COPIA,GYPSY",LTR,CLASSI,370,6489,4079.0,5691,35.23326884099666,38.2259767687434,GCA_031021025.1,ASM3102102v1,32.5,1119557,refseq,hongo,2247,1838
Trifolium repens,6,2,1,1,"COPIA,GYPSY",LTR,CLASSI,108,8213,3697.6666666666665,4311,36.288029860107805,38.3816425120773,GCA_030408175.1,UTM_Trep_v1.0,33.5,18335659,refseq,planta,2479,2028
Apis mellifera,6,2,2,2,"LINE,TC1MARINER","LINE,TIR","CLASSI,CLASSII",897,5002,1779.8333333333333,1284,39.69453316033073,39.54022988505747,GCF_003254395.2,Amel_HAv3.1,32.5,5382476,refseq,animal,5150,4213
Bombus terrestris,6,4,3,2,"GYPSY,LINE,TC1MARINER,TIR","LINE,LTR,TIR","CLASSI,CLASSII",702,6520,3116.8333333333335,3818,41.47740100234159,44.95398773006135,GCF_910591885.1,iyBomTerr1.2,38.5,6780370,refseq,animal,2941,2406
Alternaria alternata,6,2,2,2,"GYPSY,HAT","LTR,TIR","CLASSI,CLASSII",3692,8124,6449.0,7115,41.68627474534848,40.520028109627546,GCF_001642055.1,Altal1,51.5,1097884,refseq,hongo,1421,1162
Lotus corniculatus,6,3,2,2,"COPIA,GYPSY,HAT","LTR,TIR","CLASSI,CLASSII",255,12848,6779.0,9253,40.52888095873218,41.61695447409733,N/A,N/A,,,failed,planta,1352,1106
Pisum sativum,6,2,1,1,"COPIA,GYPSY",LTR,CLASSI,195,14554,4585.0,3924,41.0294192291604,42.56410256410256,GCF_024323335.1,CAAS_Psat_ZW6_1.0,38.0,8969346,refseq,planta,1999,1635
Brueelia nebulosa,6,4,3,2,"BELPAO,R1,RTE,TC1MARINER","LINE,LTR,TIR","CLASSI,CLASSII",525,6345,4321.5,5382,48.02784932207939,52.00614321366865,GCA_028293925.1,ASM2829392v1,38.0,265868,refseq,animal,2121,1735
Grosmannia penicillata,6,2,1,1,"COPIA,GYPSY",LTR,CLASSI,5330,6823,6130.5,6169,55.172858625875655,58.72783233181885,GCA_002778075.1,ASM277807v1,58.0,3492433,refseq,hongo,1495,1223
Letharia columbiana,6,2,1,1,"GYPSY,LARD",LTR,CLASSI,5358,14401,8517.5,7662,24.128930226283373,24.953340798805524,GCF_014066305.1,Lecol_v1.0,39.5,666803,refseq,hongo,1076,880
Venturia canescens,6,1,1,1,KOLOBOK,TIR,CLASSII,4212,5093,4675.333333333333,4801,36.317306535947246,37.12939328490085,GCF_019457755.1,ASM1945775v1,39.5,11235615,refseq,animal,1960,1604
Pongo abelii,6,1,1,1,ERV,LTR,CLASSI,379,5733,1544.6666666666667,588,50.74290973195129,49.67730682016396,GCF_028885655.2,NHGRI_mPonAbe1-v2.1_pri,41.0,146197178,refseq,animal,5934,4855
Uromyces transversalis,6,1,1,1,LTR,LTR,CLASSI,121,651,341.6666666666667,260,42.59646671746812,41.89723320158103,GCA_002994555.1,CA11,41.0,477,refseq,hongo,26829,21951
Flammula alnicola,6,3,3,2,"DIRS,GYPSY,HELITRON","DIRS,HELITRON,LTR","CLASSI,CLASSII",5031,11111,7223.666666666667,7387,48.8862054906218,49.13890230162563,GCA_015499995.1,Phoaln1,48.5,213982,refseq,hongo,1268,1038
Orbicella faveolata,6,1,1,1,ACADEM-1,TIR,CLASSII,984,1624,1204.0,1173,45.75363251659959,45.83333333333333,GCF_002042975.1,ofav_dov_v1,39.0,12466,refseq,animal,7613,6229
Parastagonospora nodorum,6,3,2,2,"COPIA,GYPSY,TC1MARINER","LTR,TIR","CLASSI,CLASSII",1862,8950,6680.833333333333,8036,32.08309907471702,29.836734693877553,GCF_000146915.1,ASM14691v2,50.5,178897,refseq,hongo,1372,1122
Penicillium oxalicum,6,2,1,1,"COPIA,GYPSY",LTR,CLASSI,6188,10854,7508.5,7442,38.31588703223917,39.55282426778243,GCF_001723175.1,ASM172317v3,50.5,3811184,refseq,hongo,1220,998
Heterorhabditis bacteriophora,5,2,2,2,"BELPAO,TC1MARINER","LTR,TIR","CLASSI,CLASSII",1283,7888,6065.2,7371,40.580797505745466,39.51675759937646,GCA_964036235.1,nxHetBact1.1,34.5,2927634,refseq,animal,1813,1483
Thrips palmi,5,5,3,2,"COPIA,CR1,GYPSY,HELITRON,L1","HELITRON,LINE,LTR","CLASSI,CLASSII",2511,11319,5283.6,3945,52.66206433171254,52.805018111140555,GCF_012932325.1,TpBJ-2018v1,54.0,567478,refseq,animal,2081,1703
Plutella xylostella,5,2,1,1,"SINE,TRNA",SINE,CLASSI,263,389,328.6,339,51.13344003399104,52.47148288973384,GCF_932276165.1,ilPluXylo3.1,38.5,10961940,refseq,animal,33475,27388
Geopyxis carbonaria,5,1,1,1,GYPSY,LTR,CLASSI,5936,8197,7095.4,7323,45.86158864590739,46.54141759180188,GCA_024516215.1,Geocar1,49.5,915359,refseq,hongo,1550,1268
Python molurus,5,3,2,2,"CR1,HAT,RTE","LINE,TIR","CLASSI,CLASSII",152,3288,1273.8,632,49.78672148137354,46.64536741214057,N/A,N/A,,,failed,animal,8635,7065
Dicentrarchus labrax,5,2,2,1,"CR1,TRNA","LINE,SINE",CLASSI,204,1515,843.6,818,44.793302688137715,42.677448337825695,GCF_905237075.1,dlabrax2021,40.5,12677075,refseq,animal,13039,10668
Paecilomyces variotii,5,1,1,1,GYPSY,LTR,CLASSI,5300,10240,7275.0,7410,25.91332713759989,25.937500000000004,GCF_004022145.1,Paevar1,46.5,1732371,refseq,hongo,1512,1237
Yarrowia lipolytica,5,2,2,2,"GYPSY,TC1MARINER","LTR,TIR","CLASSI,CLASSII",273,9453,3621.6,3001,47.11752946475982,49.55014995001666,GCF_001761485.1,ASM176148v1,49.0,3629463,refseq,hongo,3037,2485
Anoplophora glabripennis,5,2,1,1,"PIFHARBINGER,TC1MARINER",TIR,CLASSII,1304,2784,2073.2,2177,35.16967422293395,33.9633129516398,GCF_000390285.2,Agla_2.0,33.0,80490,refseq,animal,5305,4341
Fragosphaeria purpurea,5,2,1,1,"COPIA,GYPSY",LTR,CLASSI,5355,8371,6574.8,5727,39.066632376569935,38.104657435713,GCA_002778095.1,ASM277809v1,54.0,5109962,refseq,hongo,1673,1368
Madurella mycetomatis,5,2,1,1,"COPIA,GYPSY",LTR,CLASSI,5637,9184,6552.6,5938,46.61324952784373,47.30960976448341,GCA_022530565.1,Mmyc_Sud5_pacbio_assembly,55.0,9411943,refseq,hongo,1678,1373
Penicillium expansum,5,2,1,1,"COPIA,GYPSY",LTR,CLASSI,5491,7395,6060.0,5796,24.717117689008184,24.48944568388536,GCF_000769745.1,ASM76974v1,47.5,301353,refseq,hongo,1815,1485
Pseudogymnoascus destructans,5,2,1,1,"COPIA,GYPSY",LTR,CLASSI,5086,7973,6722.2,6668,53.530957764838604,53.809238152369524,GCF_001641265.1,ASM164126v1,49.0,1168637,refseq,hongo,1636,1338
Monascus purpureus,5,2,1,1,"COPIA,GYPSY",LTR,CLASSI,5165,7814,5831.6,5218,46.14568896318066,46.952855500191646,GCA_025999795.1,ASM2599979v1,49.0,3075987,refseq,hongo,1886,1543
Articulospora tetracladia,5,2,1,1,"COPIA,GYPSY",LTR,CLASSI,5633,7641,6651.8,6535,35.6175429656716,34.62897526501767,GCA_003415645.1,ASM341564v1,48.5,2261713,refseq,hongo,1653,1353
Puccinia polysora,5,1,1,1,LTR,LTR,CLASSI,368,624,547.6,584,45.640554217533854,46.63461538461539,GCA_025617555.3,ASM2561755v3,40.0,1964767,refseq,hongo,20087,16435
Hirudo medicinalis,5,2,1,1,"COPIA,GYPSY",LTR,CLASSI,4232,5569,4702.4,4519,42.93646611997241,43.054963783553475,GCA_011800805.1,ASM1180080v1,36.0,24951,refseq,animal,2339,1913
Exaiptasia diaphana,5,1,1,1,ACADEM-1,TIR,CLASSII,716,7805,3376.6,916,36.79751013460462,42.72844272844273,GCF_001417965.1,Aiptasia genome 1.1,36.5,14401,refseq,animal,3257,2665
Rhizoclosmatium globosum,5,4,3,2,"COPIA,LINE,PIFHARBINGER,TIR","LINE,LTR,TIR","CLASSI,CLASSII",3156,6853,5442.8,6061,46.39640623513655,44.328263624841576,GCA_002104985.1,Rhihy1,45.0,292246,refseq,hongo,2021,1653
Aquanectria penicillioides,5,1,1,1,LARD,LTR,CLASSI,2974,12830,7305.6,7165,23.46619612127212,23.463687150837988,GCA_003415625.1,ASM341562v1,48.0,4037603,refseq,hongo,1505,1231
Coprinellus micaceus,5,3,3,1,"COPIA,DIRS,LINE","DIRS,LINE,LTR",CLASSI,568,6207,4206.4,6073,53.33224621170427,53.69718309859155,GCA_951394405.1,gfCopMica1.1,53.5,1016946,refseq,hongo,2615,2139
Phymatotrichopsis omnivora,5,1,1,1,GYPSY,LTR,CLASSI,7347,8179,7807.2,7835,50.62869199625766,50.810465858328016,GCA_016880775.1,ASM1688077v1,43.5,9489,refseq,hongo,1408,1152
Gastracanthus pulcherrimus,4,1,1,1,LTR,LTR,CLASSI,186,689,440.75,677,54.09461107765619,54.502369668246445,GCA_949152435.1,iyGasPulc2.1,35.5,1890041,refseq,animal,31196,25524
Lingula anatina,4,2,2,1,"LTR,TRNA","LTR,SINE",CLASSI,229,323,297.0,322,57.80012454768213,59.133126934984524,GCF_001039355.2,LinAna2.0,36.5,56068,refseq,animal,46296,37878
Pinctada margaritifera,4,1,1,1,KOLOBOK,TIR,CLASSII,4570,4922,4749.0,4871,36.40783329202448,36.22511174319382,GCA_964021215.1,xbPinMarg1,36.0,41951,refseq,animal,2895,2368
Xylaria grammica,4,3,2,2,"COPIA,GYPSY,HAT","LTR,TIR","CLASSI,CLASSII",5719,7121,6269.0,6508,20.696768982516588,20.792597765363126,GCA_004353285.2,ASM435328v2,44.0,4603528,refseq,hongo,2193,1794
Chaetomium globosum,4,2,1,1,"HAT,MULE",TIR,CLASSII,2499,3331,3005.0,3159,55.174490772952,55.8088002532447,GCF_000143365.1,ASM14336v1,56.0,50267,refseq,hongo,4575,3743
Varanus komodoensis,4,2,2,1,"DIRS,GYPSY","DIRS,LTR",CLASSI,5375,6050,5812.5,5940,53.94976949023006,53.821548821548824,GCF_004798865.1,ASM479886v1,44.0,189463,refseq,animal,2365,1935
Eupelmus annulatus,4,2,2,2,"LTR,TC1MARINER","LTR,TIR","CLASSI,CLASSII",215,4292,1532.75,899,44.54095950595291,50.697674418604656,GCA_900480025.1,Eann,37.0,28345,refseq,animal,8970,7339
Spizellomyces punctatus,4,2,1,1,"COPIA,GYPSY",LTR,CLASSI,4213,6615,5906.5,6586,49.15160401044559,48.39052535681749,GCF_000182565.1,S_punctatus_V1,47.5,155888,refseq,hongo,2327,1904
Darwinula stevensoni,4,1,1,1,PLE,PLE,CLASSI,3269,3742,3570.75,3733,41.02197325723358,40.83074314778186,GCA_905338385.1,Dst_b1v02_max_arth_b2g_genome,43.0,38545,refseq,animal,3850,3150
Phoronis australis,4,1,1,1,KOLOBOK,TIR,CLASSII,633,4423,2441.0,4047,43.28023568846773,43.57034795763994,GCA_002633005.1,ASM263300v1,39.5,68151,refseq,animal,5632,4608
Myzus persicae,4,1,1,1,MULE,TIR,CLASSII,1858,5026,3808.5,4927,25.27893613755753,26.964650891031262,GCF_001856785.1,MPER_G0061.0,30.0,218922,refseq,animal,3610,2953
Fistulina hepatica,4,2,1,1,"COPIA,GYPSY",LTR,CLASSI,3463,6451,5521.5,6189,51.71161519058627,54.758442397802554,GCA_000934395.1,Fishe1,50.0,208605,refseq,hongo,2490,2037
Philodina roseola,4,3,2,1,"HAT,HELITRON,TC1MARINER","HELITRON,TIR",CLASSII,1329,5373,2986.5,3483,39.883747306983864,40.3747870528109,N/A,N/A,,,failed,animal,4604,3766
Metopolophium dirhodum,4,1,1,1,KOLOBOK,TIR,CLASSII,5177,7584,6309.0,7038,29.283051135872117,29.624893435635123,GCF_019925205.1,ASM1992520v1,30.0,7032305,refseq,animal,2179,1783
Cantharis rustica,4,1,1,1,KOLOBOK,TIR,CLASSII,4413,5592,4764.75,4624,31.336794485027553,31.565828234760936,GCA_911387805.1,icCanRust1.1,31.0,17823022,refseq,animal,2885,2361
Linderina pennispora,4,3,3,2,"DIRS,GYPSY,HELITRON","DIRS,HELITRON,LTR","CLASSI,CLASSII",4165,8967,6149.5,6432,50.118875023519855,52.04608661104489,GCF_002104995.1,Linpe1,54.0,908848,refseq,hongo,2235,1829
Clytia hemisphaerica,4,1,1,1,PLE,PLE,CLASSI,3671,4182,3884.5,3877,35.65096952760665,35.826670105751866,GCF_902728285.1,Clytia hemisphaerica genome assembly,35.5,376564,refseq,animal,3539,2896
Muscidifurax raptorellus,4,1,1,1,LTR,LTR,CLASSI,208,723,570.25,677,56.615545565785126,57.01624815361891,GCA_020010945.3,AU_Mell_v2,40.0,5157033,refseq,animal,24112,19728
Colletotrichum higginsianum,4,2,1,1,"COPIA,GYPSY",LTR,CLASSI,6167,7628,7219.75,7547,52.83901714751737,51.704922382910965,GCF_001672515.1,ASM167251v1,54.5,5201688,refseq,hongo,1904,1558
Pinna nobilis,4,2,2,2,"KOLOBOK,LTR","LTR,TIR","CLASSI,CLASSII",420,449,435.75,448,47.2574696275276,51.64319248826291,GCA_016161895.1,ASM1616189v1,36.0,5822,refseq,animal,31554,25817
Anguilla japonica,4,3,3,2,"CR1,TC1MARINER,TRNA","LINE,SINE,TIR","CLASSI,CLASSII",204,3631,1322.75,1229,48.13262524604159,49.50980392156863,GCA_025169545.1,ASM2516954v1,43.5,21484275,refseq,animal,10395,8505
Hansfordia pulvinata,4,1,1,1,GYPSY,LTR,CLASSI,7265,7946,7768.25,7937,26.166695816860855,28.366473697457838,GCA_006538405.1,Dp_01,57.5,2948257,refseq,hongo,1770,1448
Fusarium haematococcum,4,3,2,2,"COPIA,PIGGYBAC,TC1MARINER","LTR,TIR","CLASSI,CLASSII",2198,5888,4052.25,5888,47.787873269653225,49.13557779799818,GCA_010015875.1,ASM1001587v1,51.5,313817,refseq,hongo,3393,2776
Fusarium equiseti,4,2,2,2,"GYPSY,HAT","LTR,TIR","CLASSI,CLASSII",3159,7818,6001.5,7426,40.46943760509422,50.079138968027856,GCA_052857265.1,ASM5285726v1,48.0,3330476,refseq,hongo,2291,1874
Tenebrio molitor,4,2,2,2,"LINE,TIR","LINE,TIR","CLASSI,CLASSII",465,1467,961.0,1410,37.84067171537782,48.39809134287662,GCF_963966145.1,icTenMoli1.1,36.5,7033857,refseq,animal,14308,11706
Puccinia sorghi,4,2,2,2,"ACADEM-1,LTR","LTR,TIR","CLASSI,CLASSII",245,615,348.0,274,41.13814892622197,41.97080291970803,GCA_001263375.1,ASM126337v1,43.0,4987,refseq,hongo,39511,32327
Hymenolepis microstoma,4,1,1,1,TC1MARINER,TIR,CLASSII,1292,1451,1344.75,1338,41.13095882217646,42.89985052316891,GCA_000469805.3,HMN_v3,36.5,5805005,refseq,animal,10224,8365
Penicillium capsulatum,4,3,2,2,"COPIA,GYPSY,TC1MARINER","LTR,TIR","CLASSI,CLASSII",1336,7389,3852.0,5312,49.36293483551228,50.86596385542169,GCA_028828875.1,ASM2882887v1,51.5,4707077,refseq,hongo,3569,2920
Torymus geranii,4,1,1,1,LTR,LTR,CLASSI,218,778,358.5,220,51.97938888662574,52.44215938303341,GCA_900474355.1,Tger,38.0,4982,refseq,animal,38354,31380
Batrachochytrium dendrobatidis,4,2,1,1,"COPIA,GYPSY",LTR,CLASSI,3966,5626,4872.0,5406,42.96600122808442,45.45657015590201,GCF_000203795.2,v1.1,39.5,318527,refseq,hongo,2822,2309
Tricharina praecox,4,1,1,1,GYPSY,LTR,CLASSI,6087,7389,6759.5,7369,55.20036493924261,56.23459832429768,GCF_024521635.1,Tripra1,54.5,1007964,refseq,hongo,2034,1664
Debaryomyces hansenii,4,1,1,1,COPIA,LTR,CLASSI,5349,5925,5637.0,5925,35.830021463848674,41.989156851747985,GCF_000006445.2,ASM644v2,36.5,993818,refseq,hongo,2439,1995
Pleurotus ostreatus,4,2,2,1,"HELITRON,PIFHARBINGER","HELITRON,TIR",CLASSII,2831,7104,4831.75,6387,49.732044409047504,50.6534793359237,GCF_014466165.1,ASM1446616v1,51.0,3500734,refseq,hongo,2845,2328
Ceratosolen fusciceps,4,2,1,1,"BELPAO,GYPSY",LTR,CLASSI,4526,8367,6564.25,7805,53.38355150275723,60.35258139953229,GCA_018883505.1,ASM1888350v1,37.5,7106230,refseq,animal,2094,1713
Mucor irregularis,4,1,1,1,TIR,TIR,CLASSII,4793,5357,5112.25,5269,38.99449476814494,38.97703938771701,GCA_000587855.1,B50,38.0,206129,refseq,hongo,2689,2200
Dryadomyces quercivorus,4,2,1,1,"COPIA,GYPSY",LTR,CLASSI,5190,7815,6445.5,7556,31.788757951284957,37.36030828516378,GCA_002778125.1,ASM277812v1,57.0,3691412,refseq,hongo,2133,1745
Coccidioides posadasii,4,2,1,1,"COPIA,GYPSY",LTR,CLASSI,2467,10684,6412.5,7062,47.489060024241596,48.19618970409404,GCF_018416015.2,ASM1841601v2,46.5,8079863,refseq,hongo,2144,1754
Schizosaccharomyces pombe,3,1,1,1,GYPSY,LTR,CLASSI,349,4220,1639.3333333333333,349,33.47766355690146,33.2378223495702,GCF_000002945.2,ASM294v3,36.0,2923134,refseq,hongo,11183,9150
Candida dubliniensis,3,2,1,1,"COPIA,GYPSY",LTR,CLASSI,4963,6397,5529.666666666667,5229,36.834143034236796,37.04861653900266,GCF_000026945.1,ASM2694v1,33.0,2267510,refseq,hongo,3315,2712
Torulaspora delbrueckii,3,2,1,1,"COPIA,GYPSY",LTR,CLASSI,4948,6079,5572.0,5689,43.68141734852813,43.25892072420461,GCF_000243375.1,ASM24337v1,42.0,539679,refseq,hongo,3290,2692
Plicaturopsis crispa,3,1,1,1,ACADEM-1,TIR,CLASSII,6145,9742,7463.0,6502,48.3536932049804,52.75834011391375,GCA_000827205.1,Plicr1,53.5,119978,refseq,hongo,2456,2009
Drosophila maculifrons,3,1,1,1,TC1MARINER,TIR,CLASSII,459,495,477.3333333333333,478,49.36538243208192,49.494949494949495,N/A,N/A,,,failed,animal,38407,31424
Drosophila neocardini,3,1,1,1,TC1MARINER,TIR,CLASSII,415,492,445.6666666666667,430,48.80542779930462,47.357723577235774,N/A,N/A,,,failed,animal,41136,33657
Acropora palmata,3,1,1,1,PLE,PLE,CLASSI,1579,2765,2136.6666666666665,2066,41.87267098791347,42.09764918625678,GCF_964030605.1,jaAcrPala1.3,39.0,1777896,refseq,animal,8580,7020
Megastigmus dorsalis,3,1,1,1,LTR,LTR,CLASSI,724,1005,889.0,938,52.19584791119383,52.87846481876333,GCA_900490025.1,Mdor,37.5,12960,refseq,animal,20622,16872
Lepidurus couesii,3,1,1,1,LINE,LINE,CLASSI,1906,3611,3038.0,3597,43.83015623430725,43.34167361690297,GCA_022832235.1,Lcou_2021,42.5,38661,refseq,animal,6034,4937
Nilaparvata lugens,3,2,1,1,"KOLOBOK,TC1MARINER",TIR,CLASSII,1324,7473,3913.0,2942,38.196580842797296,37.219578518014956,GCF_014356525.2,ASM1435652v1,34.5,585858,refseq,animal,4685,3833
Scaptodrosophila latifasciaeformis,3,1,1,1,TC1MARINER,TIR,CLASSII,347,502,446.6666666666667,491,48.11672000163437,50.14409221902017,GCA_037075145.1,ASM3707514v1,38.0,9811568,refseq,animal,41044,33582
Lerema accius,3,2,1,1,"SINE,TRNA",SINE,CLASSI,255,348,307.3333333333333,319,52.05964308398385,50.98039215686274,GCA_001278395.1,lac_assembly_V1,34.5,16756,refseq,animal,59652,48806
Nippostrongylus brasiliensis,3,1,1,1,PLE,PLE,CLASSI,3617,4864,4072.6666666666665,3737,31.99578461429897,31.549371153331553,GCA_030553155.1,ASM3055315v1,43.0,1554078,refseq,animal,4501,3683
Theocolax elegans,3,1,1,1,LTR,LTR,CLASSI,668,850,757.6666666666666,755,51.37982080249318,50.0,GCA_026168455.1,ASM2616845v1,33.5,1149130,refseq,animal,24197,19797
Austrofundulus limnaeus,3,1,1,1,TC1MARINER,TIR,CLASSII,1225,1556,1336.3333333333333,1228,45.216866747201294,44.299674267100976,GCF_001266775.1,Austrofundulus_limnaeus-1.0,39.5,8097,refseq,animal,13719,11224
Leptinotarsa decemlineata,3,2,1,1,"PIFHARBINGER,TC1MARINER",TIR,CLASSII,1845,2800,2272.6666666666665,2173,37.87033689070044,36.964285714285715,GCF_025532065.1,Ldec_3_MD,35.0,8926322,refseq,animal,8066,6600
Sepioteuthis lessoniana,3,1,1,1,TRNA,SINE,CLASSI,238,294,274.6666666666667,292,46.24329183728286,46.23287671232877,GCA_963585895.1,xcSepLess1.1,35.0,657215,refseq,animal,66747,54611
Lotus japonicus,3,2,1,1,"COPIA,GYPSY",LTR,CLASSI,787,5443,3499.0,4267,43.640473709995554,42.23107569721115,GCF_012489685.1,LjGifu_v1.2,38.0,806161,refseq,planta,5239,4286
Solanum pimpinellifolium,3,2,2,2,"COPIA,TIR","LTR,TIR","CLASSI,CLASSII",662,5094,3399.0,4441,34.701275799193134,35.53199842952493,GCA_034621305.1,SDAU_Spim_LA1589_1.0,34.5,28417770,refseq,planta,5393,4413
Manacus vitellinus,3,3,2,1,"RTE,SINE,TRNA","LINE,SINE",CLASSI,331,3991,1602.0,484,55.7016510392914,58.610271903323266,GCF_001715985.3,ASM171598v3,41.5,290580,refseq,animal,11444,9363
Phorcus lineatus,3,1,1,1,KOLOBOK,TIR,CLASSII,4507,4672,4584.0,4573,39.111912533865556,41.047259818060795,GCA_921293015.1,xgPhoLine1.1,35.0,4940451,refseq,animal,3999,3272
Oryza glaberrima,3,2,1,1,"MULE,TIR",TIR,CLASSII,237,5159,1938.0,418,31.742993417797283,28.947368421052634,GCF_000147395.1,OglaRS2,43.0,15217274,refseq,planta,9459,7739
Oryza australiensis,3,2,2,1,"COPIA,L1","LINE,LTR",CLASSI,1168,8322,3740.6666666666665,1732,44.964834623124396,44.58062965633261,GCA_051403855.1,Oaustraliensis hap1,45.0,72406816,refseq,planta,4901,4009
Ipomoea batatas,3,2,1,1,"COPIA,GYPSY",LTR,CLASSI,432,8737,3397.0,1022,38.07779832318312,37.03703703703704,GCA_002525835.2,ipoBat4,35.0,6504,refseq,planta,5396,4415
Saitozyma podzolica,3,1,1,1,COPIA,LTR,CLASSI,5003,5068,5024.666666666667,5003,56.99749842280898,56.845892464521285,GCA_003942215.1,ASM394221v1,59.0,1066819,refseq,hongo,3648,2985
Solanum melongena,3,1,1,1,TRNA,SINE,CLASSI,127,190,167.33333333333334,185,53.673495293884855,54.054054054054056,N/A,N/A,,,failed,planta,109561,89641
Pteromalus puparum,3,1,1,1,LTR,LTR,CLASSI,555,746,680.3333333333334,740,56.71513336392693,56.75675675675676,GCA_012977825.3,ZJU_Ppup_chr_2.0,40.5,95904,refseq,animal,26947,22048
Vicia faba,3,2,1,1,"COPIA,GYPSY",LTR,CLASSI,231,250,240.0,239,37.34895880502575,35.146443514644346,GCA_048183575.1,ASM4818357v1,37.5,10217643,refseq,planta,76388,62499
Ipomoea nil,3,2,1,1,"CACTA,TIR",TIR,CLASSII,182,6412,2402.0,612,36.07889765095005,36.11111111111111,GCF_001879475.1,Asagao_1.1,37.5,1873359,refseq,planta,7632,6244
Brugia malayi,3,1,1,1,BELPAO,LTR,CLASSI,6425,6871,6577.666666666667,6437,38.00139145772243,37.45533633680286,GCF_000002995.4,B_malayi-4.0,28.5,10384967,refseq,animal,2787,2280
Papio hamadryas,3,1,1,1,ERV,LTR,CLASSI,7392,7392,7392.0,7392,51.24458874458875,51.24458874458875,GCA_023781915.1,ASM2378191v1,41.0,24989958,refseq,animal,2480,2029
Hypolimnas misippus,3,1,1,1,TRNA,SINE,CLASSI,221,377,299.0,299,49.61207179215822,49.163879598662206,GCA_037950945.1,ASM3795094v1,32.0,13018674,refseq,animal,61315,50167
Hyles vespertilio,3,1,1,1,TRNA,SINE,CLASSI,241,327,275.0,257,49.9739113749088,50.19455252918288,GCA_009982885.2,myriam-sen2290-mb-hirise-a4l1o__03-26-2021,36.5,7263332,refseq,animal,66666,54545
Philotrypesis tridentata,3,1,1,1,LTR,LTR,CLASSI,590,758,651.6666666666666,607,52.824486943944464,51.97889182058047,GCA_018906965.1,ASM1890696v1,39.5,1061581,refseq,animal,28132,23017
Reticulascus tulasneorum,3,2,2,2,"GYPSY,HAT","LTR,TIR","CLASSI,CLASSII",3876,8004,5416.666666666667,4370,16.99717736590941,15.995872033023737,GCA_001557505.1,ASM155750v1,51.0,3787933,refseq,hongo,3384,2769
Colletotrichum nymphaeae,3,1,1,1,LARD,LTR,CLASSI,6404,7894,7045.333333333333,6838,36.56477113597449,28.911962562152677,GCA_029169025.1,ASM2916902v1,52.5,3876161,refseq,hongo,2602,2129
Esteya vermicola,3,2,1,1,"COPIA,GYPSY",LTR,CLASSI,5858,7841,7114.0,7643,23.169439258760885,22.17715556718566,GCA_002778215.1,ASM277821v1,49.5,4662241,refseq,hongo,2577,2108
Pichia kluyveri,3,2,2,1,"COPIA,L1","LINE,LTR",CLASSI,5116,5851,5399.333333333333,5231,32.228270451844224,32.97498045347928,GCA_030062975.1,ASM3006297v1,28.5,1281695,refseq,hongo,3395,2778
Gigaspora margarita,3,1,1,1,TIR,TIR,CLASSII,1901,3329,2637.6666666666665,2683,35.3309511437403,36.7871785314946,GCA_009809945.1,UNITO_GmarBEG34_1.0,27.5,29433,refseq,hongo,6950,5686
Melampsora laricis,3,2,1,1,"CACTA,PIFHARBINGER",TIR,CLASSII,4581,8208,6626.0,7089,43.18695679108209,43.15651604453176,N/A,N/A,,,failed,hongo,2766,2263
Samia cynthia,3,1,1,1,R1,LINE,CLASSI,1908,1923,1917.0,1920,48.810499091871435,51.20545073375262,N/A,N/A,,,failed,animal,9563,7824
Acropora millepora,3,1,1,1,PLE,PLE,CLASSI,2075,3520,2602.6666666666665,2213,42.9516643887302,43.063714414821504,GCF_013753865.1,Amil_v2.1,39.0,1091365,refseq,animal,7044,5763
Niebla homalea,3,2,1,1,"GYPSY,LARD",LTR,CLASSI,6321,8805,7277.0,6705,25.018293105125306,25.178875638841568,GCA_019925105.1,ASM1992510v1,38.0,1266640,refseq,hongo,2519,2061
Saccharomyces paradoxus,3,2,1,1,"COPIA,GYPSY",LTR,CLASSI,5376,5997,5694.333333333333,5710,38.511519217184414,40.71803852889667,GCF_002079055.1,ASM207905v1,38.5,835812,refseq,hongo,3219,2634
Pisolithus tinctorius,3,2,2,2,"GYPSY,PIFHARBINGER","LTR,TIR","CLASSI,CLASSII",3757,7582,6265.333333333333,7457,55.35269218243561,57.66393992222073,GCA_024663395.1,Pisti2,49.0,1374859,refseq,hongo,2926,2394
Ganoderma lucidum,3,1,1,1,TC1MARINER,TIR,CLASSII,1421,1631,1556.3333333333333,1617,52.82572045505722,53.131597466572835,GCA_019426095.1,ASM1942609v1,56.0,1431627,refseq,hongo,11779,9638
Perimyotis subflavus,3,2,2,1,"HELITRON,TC1MARINER","HELITRON,TIR",CLASSII,220,1207,568.6666666666666,279,56.16380416938987,58.74067937033969,N/A,N/A,,,failed,animal,32239,26377
Amphirosellinia nigrospora,3,2,2,2,"GYPSY,HAT","LTR,TIR","CLASSI,CLASSII",5781,9030,7944.333333333333,9022,36.53787176478332,41.8975836843272,GCA_004123355.1,ASM412335v1,44.0,5660951,refseq,hongo,2307,1888
Biston betularia,3,1,1,1,TRNA,SINE,CLASSI,266,344,308.6666666666667,316,43.62657268723766,43.9873417721519,GCA_905404145.2,ilBisBetu1.2,36.5,14013682,refseq,animal,59395,48596
Aspergillus steynii,3,2,1,1,"COPIA,GYPSY",LTR,CLASSI,6375,7112,6856.333333333333,7082,27.935724903167937,29.16078431372549,GCF_002849105.1,Aspste1,49.0,3921250,refseq,hongo,2673,2187
Tilletia caries,2,1,1,1,ACADEM-1,TIR,CLASSII,6858,7458,7158.0,7458,55.14554294952873,55.87288817377313,GCA_032718865.1,ASM3271886v1,56.0,1482147,refseq,hongo,3841,3143
Cryphonectria parasitica,2,1,1,1,HAT,TIR,CLASSII,3563,3563,3563.0,3563,51.30507998877351,51.30507998877351,GCF_011745365.1,Crypa2,51.0,4041104,refseq,hongo,7718,6314
Pyricularia oryzae,2,1,1,1,GYPSY,LTR,CLASSI,5870,6097,5983.5,6097,51.5718024252439,52.18960144333279,GCF_000002495.2,MG8,51.5,823590,refseq,hongo,4595,3760
Podila verticillata,2,1,1,1,ACADEM-1,TIR,CLASSII,6669,7108,6888.5,7108,46.84302882848628,48.536859876195834,GCA_000739165.1,Mort_vert_NRRL_6337_V1,49.0,100238,refseq,hongo,3992,3266
Ascobolus immersus,2,2,2,2,"COPIA,HAT","LTR,TIR","CLASSI,CLASSII",409,1793,1101.0,1793,50.84715485513482,51.83374083129584,GCA_003788565.2,Ascim1,49.5,171278,refseq,hongo,24977,20435
Panaeolus cyanescens,2,1,1,1,ACADEM-1,TIR,CLASSII,5868,5919,5893.5,5919,46.33322260192213,46.915473755964555,GCA_002938355.1,ASM293835v1,46.5,31938,refseq,hongo,4666,3817
Lachancea thermotolerans,2,1,1,1,LTR,LTR,CLASSI,417,417,417.0,417,43.4052757793765,43.4052757793765,GCF_000142805.1,ASM14280v1,47.5,1513537,refseq,hongo,65947,53956
Crassostrea hongkongensis,2,1,1,1,KOLOBOK,TIR,CLASSII,4464,4467,4465.5,4467,41.473403525495215,41.8177747929259,GCA_015776775.1,ASM1577677v1,33.5,2576225,refseq,animal,6158,5038
Littorina saxatilis,2,2,2,2,"TC1MARINER,TRNA","SINE,TIR","CLASSI,CLASSII",306,1518,912.0,1518,53.93061045234958,55.55555555555556,GCF_037325665.1,US_GU_Lsax_2.0,42.5,270961,refseq,animal,30153,24671
Trichinella spiralis,2,1,1,1,LINE,LINE,CLASSI,3690,5469,4579.5,5469,51.526965735921756,54.598646918997986,GCA_000181795.3,ASM18179v3,34.0,76808,refseq,animal,6005,4913
Galleria mellonella,2,1,1,1,TC1MARINER,TIR,CLASSII,1309,2191,1750.0,2191,37.418876932126324,43.162719633307866,GCF_026898425.1,CSIRO_AGI_GalMel_v1,33.5,6427407,refseq,animal,15714,12857
Fulvia fulva,2,1,1,1,GYPSY,LTR,CLASSI,430,6112,3271.0,6112,51.37373675879703,52.093023255813954,GCF_020509005.1,Cfulv_R5_v5,49.0,5777465,refseq,hongo,8407,6878
Teratosphaeria gauchensis,2,1,1,1,GYPSY,LTR,CLASSI,6501,6666,6583.5,6666,38.83081201521168,54.49930779880019,GCA_007113925.1,ASM711392v1,53.0,1438017,refseq,hongo,4177,3417
Sepia officinalis,2,1,1,1,TRNA,SINE,CLASSI,278,308,293.0,308,50.23241147341867,51.438848920863315,GCA_964300435.1,xcSepOffi3.1,34.0,2020660,refseq,animal,93856,76791
Aspergillus campestris,2,1,1,1,GYPSY,LTR,CLASSI,7658,7658,7658.0,7658,35.68164011491251,48.79864194306607,GCF_002847485.1,Aspcam1,51.0,1703432,refseq,hongo,3591,2938
Ustilago maydis,2,1,1,1,COPIA,LTR,CLASSI,5265,6639,5952.0,6639,53.57293451584761,54.396961063627735,GCF_000328475.2,Umaydis521_2.0,54.0,129796,refseq,hongo,4620,3780
Saccoglossus kowalevskii,2,1,1,1,PLE,PLE,CLASSI,2583,3376,2979.5,3376,36.86261841460663,36.90758293838863,GCF_000003605.2,Skow_1.1,36.0,10074,refseq,animal,9229,7551
Gobio gobio,2,1,1,1,LTR,LTR,CLASSI,188,407,297.5,407,60.45925035286737,62.40786240786241,GCA_949357685.1,fGobGob1.1,39.5,2576923,refseq,animal,92436,75630
Taeniopygia guttata,2,2,2,1,"ERV,LINE","LINE,LTR",CLASSI,483,4673,2578.0,4673,51.52162615155386,55.27950310559007,GCF_048771995.1,bTaeGut7.mat,42.5,65033001,refseq,animal,10667,8727
Eurytoma adleriae,2,1,1,1,LTR,LTR,CLASSI,667,731,699.0,731,52.61938114390138,53.214774281805745,GCA_900480045.1,Eadl,39.5,34678,refseq,animal,39341,32188
Parasitella parasitica,2,1,1,1,TIR,TIR,CLASSII,3425,3861,3643.0,3861,36.94445862329074,37.68453768453768,GCA_025201805.1,Parpar1,39.0,28326,refseq,hongo,7548,6176
Aspergillus heteromorphus,2,2,1,1,"COPIA,GYPSY",LTR,CLASSI,6549,6943,6746.0,6943,23.312400055711816,23.995391041336596,GCF_003184545.1,Asphet1,48.0,657941,refseq,hongo,4076,3335
Neurospora crassa,2,1,1,1,TC1MARINER,TIR,CLASSII,1874,1874,1874.0,1874,33.991462113127,33.991462113127,GCF_000182925.2,NC12,48.5,656009,refseq,hongo,14674,12006
Metschnikowia reukaufii,2,2,2,2,"GYPSY,HAT","LTR,TIR","CLASSI,CLASSII",2971,6061,4516.0,6061,47.033711068625706,52.53258538195017,GCA_003401635.1,MR1_a14_ref,42.0,3323814,refseq,hongo,6089,4982
Verticillium alfalfae,2,1,1,1,COPIA,LTR,CLASSI,5527,5873,5700.0,5873,53.543143821219616,53.808576081056636,GCF_000150825.1,ASM15082v1,56.0,14865,refseq,hongo,4824,3947
Phlebotomus papatasi,2,1,1,1,LINE,LINE,CLASSI,2912,3689,3300.5,3689,46.41651635840441,47.70940634318244,GCF_024763615.1,Ppap_2.1,34.0,926603,refseq,animal,8332,6817
Leptidea sinapis,2,2,2,2,"CR1,TC1MARINER","LINE,TIR","CLASSI,CLASSII",1357,3366,2361.5,3366,48.89609826646543,53.20855614973262,GCF_905404315.1,ilLepSina1.1,35.5,14011732,refseq,animal,11645,9527
Forficula scudderi,2,1,1,1,R1,LINE,CLASSI,3185,3630,3407.5,3630,45.03801393411783,46.687598116169546,N/A,N/A,,,failed,animal,8070,6603
Pleurobrachia bachei,2,1,1,1,TC1MARINER,TIR,CLASSII,2110,2302,2206.0,2302,45.42870201473271,45.59241706161137,GCA_046161365.1,ASM4616136v1,43.0,2465,refseq,animal,12466,10199
Priapulus caudatus,2,2,2,2,"ACADEM-1,LINE","LINE,TIR","CLASSI,CLASSII",2462,9607,6034.5,9607,44.84173806382887,49.837530463038185,GCF_000485595.1,Priapulus_caudatus-5.0.1,45.5,10617,refseq,animal,4557,3728
Ruditapes decussatus,2,1,1,1,TRNA,SINE,CLASSI,203,273,238.0,273,48.673740053050395,50.54945054945055,N/A,N/A,,,failed,animal,115546,94537
Drosophila santomea,2,1,1,1,RTE,LINE,CLASSI,2456,3174,2815.0,3174,49.09381805344319,49.65343415248897,GCF_016746245.2,Prin_Dsan_1.1,42.5,10765947,refseq,animal,9769,7992
Parelaphostrongylus tenuis,2,1,1,1,BELPAO,LTR,CLASSI,7004,7674,7339.0,7674,46.015719153446994,47.928068803752936,GCA_019055375.1,ASM1905537v1,40.0,155731,refseq,animal,3747,3065
Chromis chromis,2,1,1,1,TC1MARINER,TIR,CLASSII,1015,1558,1286.5,1558,45.04198890835162,46.502463054187196,GCA_900302755.1,ASM90030275v1,40.5,8509,refseq,animal,21375,17489
Lepidosiren paradoxa,2,2,2,1,"CR1,TRNA","LINE,SINE",CLASSI,315,1373,844.0,1373,45.927467369564965,47.93650793650794,GCA_040581445.1,ASM4058144v1,40.5,11627988,refseq,animal,32582,26658
Synergus japonicus,2,1,1,1,LTR,LTR,CLASSI,323,1039,681.0,1039,51.81467653167341,53.86996904024768,GCA_900474275.1,Synjap,33.0,55627,refseq,animal,40381,33039
Panopea generosa,2,1,1,1,KOLOBOK,TIR,CLASSII,4256,4965,4610.5,4965,36.242555974528464,38.22759315206445,GCA_029582155.1,ASM2958215v1,34.5,1571249,refseq,animal,5964,4880
Octopus bimaculoides,2,1,1,1,PLE,PLE,CLASSI,2506,4017,3261.5,4017,37.829468176053844,46.209098164405425,GCF_001194135.2,ASM119413v2,36.0,5523,refseq,animal,8431,6898
Colletotrichum truncatum,2,2,1,1,"COPIA,GYPSY",LTR,CLASSI,5667,8810,7238.5,8810,28.82311456473716,33.968590082936295,GCF_014235925.2,CTRU02v2,49.5,4568912,refseq,hongo,3799,3108
Talaromyces purpureogenus,2,2,2,2,"COPIA,PIGGYBAC","LTR,TIR","CLASSI,CLASSII",2311,6025,4168.0,6025,45.29777305364385,46.80497925311203,GCA_048569275.1,ASM4856927v1,44.5,4121854,refseq,hongo,6597,5398
Mustelus manazo,2,1,1,1,TRNA,SINE,CLASSI,342,366,354.0,366,53.441664269964534,54.97076023391813,N/A,N/A,,,failed,animal,77683,63559
Synergus umbraculus,2,1,1,1,LTR,LTR,CLASSI,1041,1263,1152.0,1263,51.04458302244553,51.46476642913698,GCA_900474325.1,Sumb,33.5,42371,refseq,animal,23871,19531
Hylaea fasciaria,2,1,1,1,TRNA,SINE,CLASSI,211,311,261.0,311,47.499276146355584,48.55305466237942,GCA_905147375.1,ilHylFasc1.1,38.5,11053481,refseq,animal,105363,86206
Chlamydotis macqueenii,2,1,1,1,LINE,LINE,CLASSI,952,1827,1389.5,1827,45.40048778131943,50.73529411764706,GCF_000695195.1,ASM69519v1,41.0,21641,refseq,animal,19791,16192
Trichoderma citrinoviride,2,2,1,1,"COPIA,GYPSY",LTR,CLASSI,5042,7575,6308.5,7575,21.108903036277447,24.990083300277668,GCF_003025115.1,Trici v4.0,52.5,240081,refseq,hongo,4359,3566
Kluyveromyces lactis,2,1,1,1,COPIA,LTR,CLASSI,5420,5420,5420.0,5420,41.43911439114391,41.43911439114391,GCF_000002515.2,ASM251v1,39.0,1753957,refseq,hongo,5073,4151
Cotesia vestalis,2,1,1,1,HAT,TIR,CLASSII,355,4737,2546.0,4737,34.0232571277358,37.183098591549296,GCA_000956155.1,ASM95615v1,30.5,46055,refseq,animal,10801,8837
Reticulitermes lucifugus,2,2,2,1,"LINE,TRNA","LINE,SINE",CLASSI,254,5021,2637.5,5021,53.88596242239288,60.629921259842526,GCA_026260175.1,UNIBO_RLUCI_2021,39.5,8536,refseq,animal,10426,8530
Hedya salicella,2,1,1,1,KOLOBOK,TIR,CLASSII,4708,6447,5577.5,6447,35.07856492498338,35.36528617961843,GCA_905404275.2,ilHedSali1.2,37.5,25550971,refseq,animal,4930,4034
Clitarchus hookeri,2,1,1,1,TC1MARINER,TIR,CLASSII,1221,1544,1382.5,1544,45.58206345771113,49.713349713349714,GCA_040182645.1,ASM4018264v1,39.0,4712783,refseq,animal,19891,16274
Tuta absoluta,2,1,1,1,TC1MARINER,TIR,CLASSII,2000,2114,2057.0,2114,37.53079470198676,39.300000000000004,GCA_027580185.1,ASM2758018v1,38.5,13357209,refseq,animal,13368,10938
Mesechinus dauuricus,2,1,1,1,TRNA,SINE,CLASSI,158,220,189.0,220,43.84062140391255,45.909090909090914,N/A,N/A,,,failed,animal,145502,119047
Buceros rhinoceros,2,2,2,2,"RTE,TC1MARINER","LINE,TIR","CLASSI,CLASSII",561,3997,2279.0,3997,49.45821665714526,50.78809106830122,GCF_000710305.1,ASM71030v1,42.5,14587,refseq,animal,12066,9872
Lutraria rhynchaena,2,1,1,1,KOLOBOK,TIR,CLASSII,7265,7778,7521.5,7778,34.145404025719216,34.8290048855747,GCA_008271625.1,LuRhyn_1.0,33.5,2143760,refseq,animal,3656,2991
Lachancea kluyveri,2,1,1,1,COPIA,LTR,CLASSI,5894,5894,5894.0,5894,39.311163895486935,39.311163895486935,GCA_000149225.2,ASM14922v2,41.5,1252455,refseq,hongo,4665,3817
Schizopora paradoxa,2,1,1,1,ACADEM-1,TIR,CLASSII,3707,6191,4949.0,6191,48.179395092042775,49.25816023738873,GCA_001020605.1,Schpa1,49.5,112196,refseq,hongo,5556,4546
Trichomalopsis sarcophagae,2,1,1,1,LTR,LTR,CLASSI,705,761,733.0,761,56.45529864586537,57.58865248226951,GCA_024372645.1,Ts_genome_v4,41.5,37068,refseq,animal,37517,30695
Nipponia nippon,2,1,1,1,LINE,LINE,CLASSI,4039,4701,4370.0,4701,44.756332101091154,44.8625897499381,GCF_000708225.1,ASM70822v1,42.0,29116,refseq,animal,6292,5148
Girardia tigrina,2,2,2,2,"LINE,TC1MARINER","LINE,TIR","CLASSI,CLASSII",1287,4814,3050.5,4814,39.41569670693061,39.59285417532198,GCA_001938485.1,gtig.1,29.5,5133,refseq,animal,9014,7375
Antirrhinum majus,2,2,1,1,"HAT,TIR",TIR,CLASSII,982,3629,2305.5,3629,35.838114442438396,38.275006888950124,N/A,N/A,,,failed,planta,11927,9759
Datura stramonium,2,1,1,1,TRNA,SINE,CLASSI,129,191,160.0,191,52.282966029465484,53.403141361256544,GCA_018107945.1,UCR_Dstr_1.4,38.5,13106,refseq,planta,171875,140625
Triticum dicoccoides,2,2,1,1,"MULE,TIR",TIR,CLASSII,307,8321,4314.0,8321,48.25610959594793,52.44299674267101,GCF_002162155.2,WEW_v2.1,46.0,57368,refseq,planta,6374,5215
Micromonas commoda,2,1,1,1,KOLOBOK,TIR,CLASSII,3917,3961,3939.0,3961,55.41819309624468,59.61194791932601,GCF_000090985.2,ASM9098v2,64.0,1394110,refseq,planta,6981,5712
Bombylius major,2,2,1,1,"ACADEM-1,TIR",TIR,CLASSII,4333,4457,4395.0,4457,34.72142530147164,35.51716401166704,GCA_932526495.1,idBomMajo1.1,26.0,18803170,refseq,animal,6257,5119
Cucumis melo,2,2,1,1,"GYPSY,LTR",LTR,CLASSI,903,10132,5517.5,10132,45.58069911279636,46.2001579155152,GCF_025177605.1,USDA_Cmelo_AY_1.0,36.0,10465369,refseq,planta,4984,4077
Chloropicon primus,2,1,1,1,TIR,TIR,CLASSII,2654,3540,3097.0,3540,56.02742263037564,56.440677966101696,GCA_023205875.1,ASM2320587v1,57.5,1118318,refseq,planta,8879,7265
Citrus trifoliata,2,1,1,1,MULE,TIR,CLASSII,4581,4581,4581.0,4581,32.56930801135123,32.56930801135123,GCA_018350135.1,ASM1835013v1,34.0,1174493,refseq,planta,6003,4911
Picea glauca,2,2,1,1,"COPIA,GYPSY",LTR,CLASSI,2232,2621,2426.5,2621,44.16929398475779,48.16308243727598,GCA_000966675.3,WS77111_v2,38.0,9736,refseq,planta,11333,9272
Oryza rufipogon,2,1,1,1,MULE,TIR,CLASSII,157,5086,2621.5,5086,40.30966735211684,43.03971686983877,GCA_037997075.1,ASM3799707v1,44.0,33852118,refseq,planta,10490,8582
Morbakka virulenta,2,1,1,1,PLE,PLE,CLASSI,3606,3647,3626.5,3647,38.13685064088263,38.29728230726567,GCA_003991215.1,MVIv1,35.5,30845,refseq,animal,7583,6204
Haliotis rufescens,2,1,1,1,KOLOBOK,TIR,CLASSII,4465,4514,4489.5,4514,41.394861624975626,43.752769162605226,GCF_023055435.1,xgHalRufe1.0.p,41.0,8868657,refseq,animal,6125,5011
Diceros bicornis,2,1,1,1,ERV,LTR,CLASSI,5638,7424,6531.0,7424,52.54907050066666,53.050727208229866,GCF_020826845.1,mDicBic1.mat.cur,41.5,28468213,refseq,animal,4210,3445
Sinocyclocheilus rhinocerous,2,1,1,1,TC1MARINER,TIR,CLASSII,1224,1538,1381.0,1538,44.732410736292785,46.48692810457516,GCF_001515625.1,SAMN03320098_v1.1,37.0,18758,refseq,animal,19913,16292
Neomicropteryx cornuta,2,1,1,1,KOLOBOK,TIR,CLASSII,2364,6176,4270.0,6176,33.45970264239938,34.940778341793575,GCA_020383195.1,ASM2038319v1,33.5,16921359,refseq,animal,6440,5269
Rhinella marina,2,1,1,1,TC1MARINER,TIR,CLASSII,1225,1563,1394.0,1563,45.67140637444997,47.83673469387755,GCA_900303285.2,aRhiMar1.3,44.0,860710,refseq,animal,19727,16140
Drosophila paraguayensis,2,1,1,1,TC1MARINER,TIR,CLASSII,422,447,434.5,447,51.42471664705196,51.90156599552572,N/A,N/A,,,failed,animal,63291,51783
Panagrellus redivivus,2,2,2,1,"DIRS,LINE","DIRS,LINE",CLASSI,3458,5514,4486.0,5514,53.29673476400468,53.383458646616546,GCA_000341325.1,Pred3,44.0,19707,refseq,animal,6130,5015
Squalius cephalus,2,1,1,1,LTR,LTR,CLASSI,188,193,190.5,193,59.06184544151692,59.57446808510638,GCA_022829025.1,ASM2282902v1,38.5,15051122,refseq,animal,144356,118110
Drosophila arawakana,2,1,1,1,TC1MARINER,TIR,CLASSII,430,500,465.0,500,53.79302325581396,54.18604651162791,GCA_018151165.1,ASM1815116v1,38.0,4863239,refseq,animal,59139,48387
Heterodontus japonicus,2,2,2,1,"CR1,TRNA","LINE,SINE",CLASSI,364,856,610.0,856,50.0,50.0,N/A,N/A,,,failed,animal,45081,36885
Leymus racemosus,2,2,1,1,"COPIA,GYPSY",LTR,CLASSI,492,512,502.0,512,44.23669334349593,44.918699186991866,N/A,N/A,,,failed,planta,54780,44820
Ananas comosus,2,2,2,1,"GYPSY,TRNA","LTR,SINE",CLASSI,160,2614,1387.0,2614,44.96174445294568,49.923488905891354,GCF_001540865.1,ASM154086v1,38.5,114399,refseq,planta,19826,16222
Trifolium pallescens,2,1,1,1,GYPSY,LTR,CLASSI,2155,2156,2155.5,2156,42.310360339031206,42.3469387755102,N/A,N/A,,,failed,planta,12758,10438
Oryza longistaminata,2,2,2,2,"COPIA,MULE","LTR,TIR","CLASSI,CLASSII",4866,5136,5001.0,5136,44.8675556311004,44.996105919003114,GCA_009805545.1,ASM980554v1,42.0,45317,refseq,planta,5498,4499
Chironomus pallidivittatus,2,1,1,1,SINE,SINE,CLASSI,284,321,302.5,321,38.5590803387302,40.49844236760124,N/A,N/A,,,failed,animal,90909,74380
Haliaeetus albicilla,2,1,1,1,LINE,LINE,CLASSI,4432,5052,4742.0,5052,42.35927401951116,43.26999208234363,GCF_947461875.1,bHalAlb1.1,43.0,4576000,refseq,animal,5799,4744
Malacocephalus occidentalis,2,1,1,1,TC1MARINER,TIR,CLASSII,1224,1515,1369.5,1515,46.686646605837055,47.630718954248366,GCA_900312585.1,ASM90031258v1,46.5,3697,refseq,animal,20080,16429
Petunia axillaris,2,2,2,1,"COPIA,TRNA","LTR,SINE",CLASSI,127,4590,2358.5,4590,48.50059183778498,51.96850393700787,GCA_029990575.1,ASM2999057v1,38.5,148221996,refseq,planta,11659,9539
Gracilariopsis chorda,2,1,1,1,PIGGYBAC,TIR,CLASSII,3194,3708,3451.0,3708,47.56535987446797,50.29665587918015,GCA_003194525.1,GraCho1.0,49.5,220274,refseq,otro,7968,6519
Meleagris gallopavo,2,2,2,2,"ERV,TC1MARINER","LTR,TIR","CLASSI,CLASSII",296,1328,812.0,1328,49.335517746662326,53.71621621621622,GCF_000146605.3,Turkey_5.1,41.5,27076,refseq,animal,33866,27709
Perca fluviatilis,2,1,1,1,TC1MARINER,TIR,CLASSII,1226,1484,1355.0,1484,43.302403450838305,45.43230016313214,GCF_010015445.1,GENO_Pfluv_1.0,41.0,4197643,refseq,animal,20295,16605
Apostichopus japonicus,2,1,1,1,PLE,PLE,CLASSI,2242,2601,2421.5,2601,47.55273224015603,47.558631295655516,GCF_037975245.1,ASM3797524v1,37.5,15848779,refseq,animal,11356,9291
Drosophila falleni,2,2,1,1,"LINE,R1",LINE,CLASSI,548,619,583.5,619,45.270361897574375,47.65751211631664,GCA_035045575.1,ASM3504557v1,36.5,8746158,refseq,animal,47129,38560
Perna viridis,2,1,1,1,KOLOBOK,TIR,CLASSII,4307,4530,4418.5,4530,33.398643616762286,34.54746136865342,GCA_037379345.1,ASM3737934v1,33.0,10239545,refseq,animal,6223,5092
Zea diploperennis,2,1,1,1,GYPSY,LTR,CLASSI,1596,13775,7685.5,13775,49.54895860340507,51.85480943738657,N/A,N/A,,,failed,planta,3578,2927
Vicia melanops,2,2,1,1,"COPIA,GYPSY",LTR,CLASSI,228,757,492.5,757,40.34711117291247,42.53632760898283,N/A,N/A,,,failed,planta,55837,45685
Ipomoea purpurea,2,2,2,2,"GYPSY,HAT","LTR,TIR","CLASSI,CLASSII",3873,11457,7665.0,11457,45.07503792681314,55.88723051409619,GCA_009835305.1,UM_IpPur_1.0,38.0,12551,refseq,planta,3587,2935
Tetradesmus obliquus,2,1,1,1,PLE,PLE,CLASSI,4217,6124,5170.5,6124,47.09597610183161,50.179621162638796,GCA_030272155.1,ASM3027215v1,56.5,6124559,refseq,planta,5318,4351
Diospyros kaki,2,1,1,1,COPIA,LTR,CLASSI,243,243,243.0,243,38.06584362139918,38.68312757201646,GCA_036245055.1,ASM3624505v1,36.5,44734305,refseq,planta,113168,92592
Medicago sativa,2,2,1,1,"COPIA,GYPSY",LTR,CLASSI,1311,7643,4477.0,7643,37.468668827750335,37.90999237223494,GCA_051527215.1,Bolivia_mono,34.0,101581825,refseq,planta,6142,5025
Poeciliopsis turrubarensis,2,1,1,1,GYPSY,LTR,CLASSI,4798,6759,5778.5,6759,43.76335235109613,43.85160483534806,GCA_010277015.1,ASM1027701v1,39.5,101021,refseq,animal,4759,3893
Wuchereria bancrofti,2,1,1,1,RTE,LINE,CLASSI,3997,3997,3997.0,3997,17.363022266700025,17.363022266700025,GCA_005281725.1,ASM528172v1,29.0,249886,refseq,animal,6880,5629
Nasonia giraulti,2,2,2,1,"GYPSY,LINE","LINE,LTR",CLASSI,3646,12364,8005.0,12364,51.61192058127812,51.865057597366985,GCA_016647725.1,ASM1664772v1,41.5,34917,refseq,animal,3435,2810
Drosophila paramediostriata,2,1,1,1,TC1MARINER,TIR,CLASSII,489,490,489.5,490,51.78832269103961,52.556237218813905,N/A,N/A,,,failed,animal,56179,45965
Zimmerius chrysops,2,2,2,1,"RTE,TRNA","LINE,SINE",CLASSI,217,3992,2104.5,3992,43.35854889502507,56.68202764976959,N/A,N/A,,,failed,animal,13067,10691
Hyriopsis cumingii,2,1,1,1,TRNA,SINE,CLASSI,250,319,284.5,319,52.07836990595611,54.0,GCA_028554795.2,ASM2855479v2,36.5,5295426,refseq,animal,96660,79086
Calycopis cecrops,2,2,2,2,"CR1,TC1MARINER","LINE,TIR","CLASSI,CLASSII",1343,3386,2364.5,3386,47.30994515984746,51.35853514471352,GCA_001625245.1,3306_assembly_v2,37.0,11646,refseq,animal,11630,9515
Cotesia congregata,2,1,1,1,HAT,TIR,CLASSII,354,3643,1998.5,3643,32.31136720682495,34.18079096045198,GCA_905319865.3,Cotesia_congregata_Chromosomal_scale_assembly,30.0,52137,refseq,animal,13760,11258
Oncorhynchus nerka,2,2,2,2,"TC1MARINER,TRNA","SINE,TIR","CLASSI,CLASSII",211,1707,959.0,1707,42.41664514946818,42.65402843601896,GCF_034236695.1,Oner_Uvic_2.0,44.0,2842582,refseq,animal,28675,23461
Meloidogyne incognita,2,2,2,2,"GYPSY,TC1MARINER","LTR,TIR","CLASSI,CLASSII",489,11145,5817.0,11145,39.810005862487515,46.421267893660534,GCA_036172945.1,ASM3617294v1,30.5,4501571,refseq,animal,4727,3867
Oncorhynchus mykiss,2,2,2,2,"SINE,TC1MARINER","SINE,TIR","CLASSI,CLASSII",489,1550,1019.5,1550,42.309914902038386,44.12903225806451,GCF_013265735.2,USDA_OmykA_1.1,43.5,15579713,refseq,animal,26974,22069
Agkistrodon contortrix,2,2,1,1,"CR1,RTE",LINE,CLASSI,1977,3282,2629.5,3282,42.81314643075441,43.99756246191347,N/A,N/A,,,failed,animal,10458,8556
Kryptolebias marmoratus,2,1,1,1,TC1MARINER,TIR,CLASSII,1225,1573,1399.0,1573,46.15005773447332,48.816326530612244,GCF_001649575.2,ASM164957v2,40.0,57646,refseq,animal,19656,16082
Manduca sexta,2,1,1,1,TRNA,SINE,CLASSI,267,333,300.0,333,50.72544454566926,55.80524344569289,GCF_014839805.1,JHU_Msex_v1.0,35.5,424948,refseq,animal,91666,75000
Vanessa tameamea,2,2,2,2,"CR1,TC1MARINER","LINE,TIR","CLASSI,CLASSII",2261,3364,2812.5,3364,43.17088841920146,51.93222354340071,GCF_037043105.1,ilVanTame1 primary haplotype,32.5,12813973,refseq,animal,9777,8000
Leptopilina heterotoma,2,2,1,1,"KOLOBOK,TC1MARINER",TIR,CLASSII,3948,4819,4383.5,4819,28.113475282427522,28.491388254824653,GCF_015476425.1,ASM1547642v1,27.0,2183205,refseq,animal,6273,5132
Triops cancriformis,2,1,1,1,LINE,LINE,CLASSI,1821,3583,2702.0,3583,45.534682893761385,47.027630477253695,GCA_020615345.1,EvoH_TcaCAE_1.0,41.0,48879,refseq,animal,10177,8327
Maccullochella peelii,2,1,1,1,TC1MARINER,TIR,CLASSII,1231,2191,1711.0,2191,45.61056029744309,47.35987002437043,GCA_052818645.1,ASM5281864v1,41.0,31207984,refseq,animal,16072,13150
Beryx splendens,2,1,1,1,LINE,LINE,CLASSI,4152,4779,4465.5,4779,45.637366694606825,46.89306358381503,GCA_900312565.1,ASM90031256v1,43.5,4286,refseq,animal,6158,5038
Paramormyrops kingsleyae,2,1,1,1,TC1MARINER,TIR,CLASSII,1225,1413,1319.0,1413,44.59219781330791,45.30612244897959,GCF_048594095.1,PKINGS_0.4,44.0,10969524,refseq,animal,20849,17058
Onychostoma macrolepis,2,1,1,1,LTR,LTR,CLASSI,162,181,171.5,181,63.21703840120047,64.08839779005525,GCF_012432095.1,ASM1243209v1,37.0,10809623,refseq,animal,160349,131195
Vipera ammodytes,2,2,1,1,"CR1,RTE",LINE,CLASSI,663,3283,1973.0,3283,49.108001409519034,54.90196078431373,GCA_047301725.1,DTU_Vamm_2.0,40.5,35951249,refseq,animal,13938,11403
Oncorhynchus keta,2,2,2,1,"GYPSY,TRNA","LTR,SINE",CLASSI,239,655,447.0,655,44.37541920853428,47.32824427480916,GCF_023373465.1,Oket_V2,44.0,2022835,refseq,animal,61521,50335
Amyelois transitella,2,1,1,1,TC1MARINER,TIR,CLASSII,1307,2005,1656.0,2005,39.36150442562301,42.46365723029839,GCF_032362555.1,ilAmyTran1.1,36.0,11369407,refseq,animal,16606,13586
Physeter catodon,2,1,1,1,TRNA,SINE,CLASSI,115,321,218.0,321,60.562102126506836,61.99376947040498,GCF_002837175.3,ASM283717v5,41.5,42877,refseq,animal,126146,103211
Cerceris rybyensis,2,1,1,1,KOLOBOK,TIR,CLASSII,4804,4963,4883.5,4963,31.49329392206743,32.782591174692726,GCA_910591515.1,iyCerRyby1.1,37.5,15223619,refseq,animal,5631,4607
Cecidostiba fungosa,2,1,1,1,LTR,LTR,CLASSI,663,720,691.5,720,53.375439919557564,53.69532428355958,GCA_900474305.1,Cfun,40.0,87218,refseq,animal,39768,32537
Idiosepius paradoxus,2,1,1,1,TRNA,SINE,CLASSI,253,423,338.0,423,47.66069576430353,54.60992907801418,N/A,N/A,,,failed,animal,81360,66568
Poecilia formosa,2,2,1,1,"PIFHARBINGER,TC1MARINER",TIR,CLASSII,591,1549,1070.0,1549,45.79970266281723,47.377326565143825,GCF_000485575.1,Poecilia_formosa-5.1.2,39.0,57472,refseq,animal,25700,21028
Ptychodera flava,2,1,1,1,MULE,TIR,CLASSII,3200,3373,3286.5,3373,39.35641491254077,39.875,GCF_041260155.1,AS_Pfla_20210202,37.5,6516602,refseq,animal,8367,6846
Drosophila tripunctata,2,1,1,1,TC1MARINER,TIR,CLASSII,491,501,496.0,501,44.65874767776057,44.806517311608964,GCA_035047385.1,ASM3504738v1,37.0,5007959,refseq,animal,55443,45362
Homalodisca vitripennis,2,1,1,1,TC1MARINER,TIR,CLASSII,1341,2538,1939.5,2538,39.9852444190585,41.90902311707681,GCF_021130785.1,UT_GWSS_2.1,33.0,168834166,refseq,animal,14178,11600
Drosophila mediopunctata,2,1,1,1,TC1MARINER,TIR,CLASSII,317,492,404.5,492,45.042125105793644,49.390243902439025,N/A,N/A,,,failed,animal,67985,55624
Drosophila busckii,2,1,1,1,TC1MARINER,TIR,CLASSII,492,504,498.0,504,47.91182733255904,49.59349593495935,GCF_011750605.1,ASM1175060v1,39.0,1002992,refseq,animal,55220,45180
Gehyra variegata,2,1,1,1,RTE,LINE,CLASSI,1449,3623,2536.0,3623,36.81536201787255,45.404361026773394,N/A,N/A,,,failed,animal,10843,8872
Drosophila miranda,2,2,2,1,"BELPAO,CR1","LINE,LTR",CLASSI,3452,4174,3813.0,4174,45.10797959669776,48.14600231749711,GCF_003369915.1,D.miranda_PacBio2.1,45.0,11978448,refseq,animal,7212,5900
Scyliorhinus torazame,2,1,1,1,CR1,LINE,CLASSI,1384,1581,1482.5,1581,45.95076376625608,46.74256799493991,GCF_047496885.1,sScyTor2.1,49.5,3187150,refseq,animal,18549,15177
Calonectria pseudonaviculata,2,1,1,1,GYPSY,LTR,CLASSI,7241,7245,7243.0,7245,21.393362446363774,22.455461952768953,GCA_004380915.1,ASM438091v1,46.5,62248,refseq,hongo,3796,3106
Colletotrichum acutatum,2,2,2,1,"GYPSY,PLE","LTR,PLE",CLASSI,2183,7768,4975.5,7768,50.23932121302471,51.12230874942739,GCF_030867785.1,Colac2,52.0,299511,refseq,hongo,5527,4522
Ogataea angusta,2,1,1,1,COPIA,LTR,CLASSI,4883,4883,4883.0,4883,38.89002662297768,38.89002662297768,GCF_019207475.1,ASM1920747v1,49.5,850226,refseq,hongo,5631,4607
Phycomyces blakesleeanus,2,2,1,1,"CACTA,PIFHARBINGER",TIR,CLASSII,3125,4894,4009.5,4894,38.4794736411933,39.0069472823866,GCF_001638985.1,Phybl2,36.0,370394,refseq,hongo,6858,5611
Trametes cinnabarina,2,1,1,1,ACADEM-1,TIR,CLASSII,5976,6253,6114.5,6253,53.35565300810899,53.76619222773069,GCA_000765035.1,BN946,55.5,24093,refseq,hongo,4497,3679
Mayetiola destructor,2,2,2,2,"LINE,TC1MARINER","LINE,TIR","CLASSI,CLASSII",1292,3550,2421.0,3550,40.72881873283042,41.795665634674926,GCA_000149185.1,Mdes_1.0,33.0,14032,refseq,animal,11358,9293
Chilo suppressalis,2,2,1,1,"SINE,TRNA",SINE,CLASSI,287,294,290.5,294,48.80537580886012,55.10204081632652,GCA_902850365.2,PGI_CHILSU_V6,37.0,20158388,refseq,animal,94664,77452
Sarcophilus harrisii,2,1,1,1,ERV,LTR,CLASSI,369,6689,3529.0,6689,46.71427952132713,49.86449864498645,GCF_902635505.1,mSarHar1.11,36.0,62339597,refseq,animal,7792,6375
Nasonia longicornis,2,2,1,1,"LINE,R1",LINE,CLASSI,851,1550,1200.5,1550,49.76551305864069,53.46650998824912,GCA_000004795.1,Nlon_1.0,42.5,1876,refseq,animal,22907,18742
Lobosporangium transversale,2,2,1,1,"ACADEM-1,TC1MARINER",TIR,CLASSII,5581,6983,6282.0,6983,43.070052919621546,43.16430747177925,GCF_002105155.1,Lobtra1,41.5,672590,refseq,hongo,4377,3581
Fusarium culmorum,2,1,1,1,GYPSY,LTR,CLASSI,7481,7593,7537.0,7593,30.526518622628398,31.80561043065982,GCA_016952355.1,ASM1695235v1,47.5,9630554,refseq,hongo,3648,2985
Trichoderma longibrachiatum,2,1,1,1,GYPSY,LTR,CLASSI,7661,7725,7693.0,7725,36.60654455868394,38.61114736979507,GCA_026259275.1,ASM2625927v1,53.0,4957914,refseq,hongo,3574,2924
Puccinia arachidis,1,1,1,1,LTR,LTR,CLASSI,626,626,626.0,626,39.77635782747604,39.77635782747604,GCA_001013415.1,ASM101341v1,52.5,743,best_n50,hongo,87859,71884
Hippodamia convergens,1,1,1,1,LINE,LINE,CLASSI,1565,1565,1565.0,1565,56.86900958466453,56.86900958466453,GCA_038502775.1,Hcon_USA_1,35.0,621899,refseq,animal,35143,28753
Meloidogyne javanica,1,1,1,1,TC1MARINER,TIR,CLASSII,432,432,432.0,432,45.370370370370374,45.370370370370374,GCA_036172935.1,ASM3617293v1,30.5,2680083,refseq,animal,127314,104166
Timema monikensis,1,1,1,1,TC1MARINER,TIR,CLASSII,2222,2222,2222.0,2222,36.67866786678668,36.67866786678668,N/A,N/A,,,failed,animal,24752,20252
Neogale vison,1,1,1,1,TRNA,SINE,CLASSI,195,195,195.0,195,53.333333333333336,53.333333333333336,GCF_020171115.1,ASM_NN_V1,42.5,220349319,refseq,animal,282051,230769
Papilio memnon,1,1,1,1,CR1,LINE,CLASSI,3337,3337,3337.0,3337,54.899610428528625,54.899610428528625,GCA_052862805.1,ASM5286280v1,35.5,1687513,refseq,animal,16481,13485
Drosophila subobscura,1,1,1,1,GYPSY,LTR,CLASSI,7522,7522,7522.0,7522,44.16378622706727,44.16378622706727,GCF_008121235.1,UCBerk_Dsub_1.0,45.0,11370518,refseq,animal,7311,5982
Amblyomma limbatum,1,1,1,1,RTE,LINE,CLASSI,3645,3645,3645.0,3645,39.06721536351166,39.06721536351166,N/A,N/A,,,failed,animal,15089,12345
Drosophila mediostriata,1,1,1,1,TC1MARINER,TIR,CLASSII,491,491,491.0,491,52.953156822810584,52.953156822810584,N/A,N/A,,,failed,animal,112016,91649
Schizaphis graminum,1,1,1,1,TC1MARINER,TIR,CLASSII,2065,2065,2065.0,2065,35.83535108958838,35.83535108958838,GCA_020882235.1,ASM2088223v1,28.0,15350123,refseq,animal,26634,21791
Timema poppensis,1,1,1,1,TC1MARINER,TIR,CLASSII,2224,2224,2224.0,2224,36.780575539568346,36.780575539568346,GCA_044715735.1,Tps_LRv5b_mtDNAv350,36.5,285601,refseq,animal,24730,20233
Ascaris lumbricoides,1,1,1,1,BELPAO,LTR,CLASSI,7632,7632,7632.0,7632,44.9685534591195,44.9685534591195,GCA_015227635.1,ALgV5,38.0,331493,refseq,animal,7206,5896
Echis coloratus,1,1,1,1,CR1,LINE,CLASSI,653,653,653.0,653,48.23889739663094,48.23889739663094,N/A,N/A,,,failed,animal,84226,68912
Lithobates catesbeianus,1,1,1,1,TC1MARINER,TIR,CLASSII,1545,1545,1545.0,1545,42.7831715210356,42.7831715210356,GCF_042186555.1,ASM4218655v1,43.5,3396515,refseq,animal,35598,29126
Simochromis diagramma,1,1,1,1,TC1MARINER,TIR,CLASSII,1560,1560,1560.0,1560,42.69230769230769,42.69230769230769,GCF_900408965.1,fSimDia1.1,41.0,2231376,refseq,animal,35256,28846
Mycteroperca microlepis,1,1,1,1,CACTA,TIR,CLASSII,1593,1593,1593.0,1593,34.58882611424984,34.58882611424984,N/A,N/A,,,failed,animal,34526,28248
Eufriesea mexicana,1,1,1,1,TC1MARINER,TIR,CLASSII,3634,3634,3634.0,3634,34.1221794166208,34.1221794166208,GCF_001483705.2,ASM148370v2,41.0,39013,refseq,animal,15134,12383
Prosopium spilonotus,1,1,1,1,TRNA,SINE,CLASSI,161,161,161.0,161,45.962732919254655,45.962732919254655,N/A,N/A,,,failed,animal,341614,279503
Egernia stokesii,1,1,1,1,RTE,LINE,CLASSI,3292,3292,3292.0,3292,42.13244228432564,42.13244228432564,N/A,N/A,,,failed,animal,16707,13669
Caenorhabditis angaria,1,1,1,1,LINE,LINE,CLASSI,4342,4342,4342.0,4342,44.173192077383696,44.173192077383696,GCA_964213925.1,nxCaeAnga2.1,34.0,7200575,refseq,animal,12666,10363
Phascolarctos cinereus,1,1,1,1,ERV,LTR,CLASSI,8428,8428,8428.0,8428,53.65448504983389,53.65448504983389,GCF_002099425.1,phaCin_unsw_v4.1,39.0,11587828,refseq,animal,6525,5339
Osmia bicornis,1,1,1,1,TC1MARINER,TIR,CLASSII,2283,2283,2283.0,2283,40.82347787998248,40.82347787998248,GCF_907164935.1,iOsmBic2.1,39.5,9077890,refseq,animal,24091,19710
Tupaia glis,1,1,1,1,TRNA,SINE,CLASSI,258,258,258.0,258,56.58914728682171,56.58914728682171,N/A,N/A,,,failed,animal,213178,174418
Pundamilia nyererei,1,1,1,1,TC1MARINER,TIR,CLASSII,1539,1539,1539.0,1539,42.69005847953216,42.69005847953216,GCF_000239375.1,PunNye1.0,40.5,22622,refseq,animal,35737,29239
Oreotrochilus melanogaster,1,1,1,1,RTE,LINE,CLASSI,3997,3997,3997.0,3997,49.91243432574431,49.91243432574431,GCA_013400995.1,ASM1340099v1,40.5,7679,refseq,animal,13760,11258
Salvator merianae,1,1,1,1,TC1MARINER,TIR,CLASSII,1546,1546,1546.0,1546,43.53169469598966,43.53169469598966,GCA_003586115.2,HLtupMer6,42.0,500019,refseq,animal,35575,29107
Phoxinus phoxinus,1,1,1,1,LTR,LTR,CLASSI,192,192,192.0,192,58.854166666666664,58.854166666666664,GCA_949152265.1,fPhoPho1.1,39.0,1988965,refseq,animal,286458,234375
Rasbora pauciperforata,1,1,1,1,TRNA,SINE,CLASSI,299,299,299.0,299,43.47826086956522,43.47826086956522,N/A,N/A,,,failed,animal,183946,150501
Bathymodiolus azoricus,1,1,1,1,TRNA,SINE,CLASSI,262,262,262.0,262,45.80152671755725,45.80152671755725,N/A,N/A,,,failed,animal,209923,171755
Eremiascincus douglasi,1,1,1,1,RTE,LINE,CLASSI,3126,3126,3126.0,3126,44.785668586052466,44.785668586052466,N/A,N/A,,,failed,animal,17594,14395
Mucor circinelloides,1,1,1,1,PIGGYBAC,TIR,CLASSII,2026,2026,2026.0,2026,39.04244817374136,39.04244817374136,GCA_051295215.1,Mcir_PS15m_1.0,39.5,3291799,refseq,hongo,27147,22211
Tilletia indica,1,1,1,1,ACADEM-1,TIR,CLASSII,8405,8405,8405.0,8405,51.850089232599636,51.850089232599636,GCA_001689995.1,PSWKBGD_1_1,54.5,200513,refseq,hongo,6543,5353
Kluyveromyces marxianus,1,1,1,1,COPIA,LTR,CLASSI,6042,6042,6042.0,6042,42.88315127441245,42.88315127441245,GCF_001417885.1,Kmar_1.0,40.0,1421472,refseq,hongo,9102,7447
Podarcis muralis,1,1,1,1,TRNA,SINE,CLASSI,356,356,356.0,356,60.39325842696629,60.39325842696629,GCF_004329235.1,PodMur_1.0,44.0,714612,refseq,animal,154494,126404
Drosophila pallidipennis,1,1,1,1,TC1MARINER,TIR,CLASSII,291,291,291.0,291,49.140893470790374,49.140893470790374,N/A,N/A,,,failed,animal,189003,154639
Pseudachorutes palmiensis,1,1,1,1,TC1MARINER,TIR,CLASSII,2112,2112,2112.0,2112,43.702651515151516,43.702651515151516,GCA_009869845.1,ASM986984v1,41.0,35249,refseq,animal,26041,21306
Lepidiolamprologus elongatus,1,1,1,1,TRNA,SINE,CLASSI,342,342,342.0,342,52.92397660818714,52.92397660818714,GCA_015102115.1,AUG8.scf,40.5,6445,refseq,animal,160818,131578
Teleogryllus occipitalis,1,1,1,1,KOLOBOK,TIR,CLASSII,4836,4836,4836.0,4836,34.36724565756824,34.36724565756824,GCA_011170035.1,Tocci_1.0,40.0,197533,refseq,animal,11373,9305
Haplochromis burtoni,1,1,1,1,TC1MARINER,TIR,CLASSII,1553,1553,1553.0,1553,43.07791371538957,43.07791371538957,GCF_018398535.1,NCSU_Asbu1,40.5,47717,refseq,animal,35415,28976
Oncorhynchus tshawytscha,1,1,1,1,TC1MARINER,TIR,CLASSII,1561,1561,1561.0,1561,44.97117232543241,44.97117232543241,GCF_018296145.1,Otsh_v2.0,43.5,2884253,refseq,animal,35233,28827
Chaetodipus californicus,1,1,1,1,TRNA,SINE,CLASSI,188,188,188.0,188,50.53191489361703,50.53191489361703,N/A,N/A,,,failed,animal,292553,239361
Oncorhynchus kisutch,1,1,1,1,TC1MARINER,TIR,CLASSII,1559,1559,1559.0,1559,44.64400256574728,44.64400256574728,GCF_002021735.2,Okis_V2,43.5,1159298,refseq,animal,35279,28864
Erebia ligea,1,1,1,1,TIR,TIR,CLASSII,1916,1916,1916.0,1916,48.8517745302714,48.8517745302714,GCA_917051295.2,ilEreLige1.2,37.5,14975182,refseq,animal,28705,23486
Formica selysi,1,1,1,1,TC1MARINER,TIR,CLASSII,2517,2517,2517.0,2517,31.54549066348828,31.54549066348828,GCA_009859135.1,ASM985913v1,36.5,5698920,refseq,animal,21851,17878
Chionodraco hamatus,1,1,1,1,HELITRON,HELITRON,CLASSII,8907,8907,8907.0,8907,42.101717750084205,42.101717750084205,GCA_009756495.1,Chamatus_v0.1,41.0,2261,refseq,animal,6174,5052
Ara macao,1,1,1,1,RTE,LINE,CLASSI,3991,3991,3991.0,3991,48.058130794287145,48.058130794287145,GCA_026283635.1,ASM2628363v1,40.0,1832,refseq,animal,13781,11275
Anopheles albimanus,1,1,1,1,TC1MARINER,TIR,CLASSII,1680,1680,1680.0,1680,40.17857142857143,40.17857142857143,GCF_013758885.1,VT_AalbS3_pri_1.0,49.0,25000043,refseq,animal,32738,26785
Paragonimus westermani,1,1,1,1,GYPSY,LTR,CLASSI,5400,5400,5400.0,5400,51.5,51.5,GCA_008508345.1,ASM850834v1,43.5,42170,refseq,animal,10185,8333
Macquaria australasica,1,1,1,1,TC1MARINER,TIR,CLASSII,1526,1526,1526.0,1526,43.90563564875492,43.90563564875492,GCA_005408345.2,DU_Maus_v2.0,41.0,536000,refseq,animal,36041,29488
Ceratitis rosa,1,1,1,1,TC1MARINER,TIR,CLASSII,1320,1320,1320.0,1320,42.27272727272727,42.27272727272727,GCA_043005725.1,Crosa_01,33.5,15395005,refseq,animal,41666,34090
Euura lappo,1,1,1,1,TIR,TIR,CLASSII,5149,5149,5149.0,5149,45.60108758982327,45.60108758982327,GCA_018257835.1,ELAP_v2.0,40.5,201165,refseq,animal,10681,8739
Strigamia maritima,1,1,1,1,LINE,LINE,CLASSI,4391,4391,4391.0,4391,59.1437030289228,59.1437030289228,GCA_000239455.1,Smar_1.0,35.5,24745,refseq,animal,12525,10248
Labeo rohita,1,1,1,1,TC1MARINER,TIR,CLASSII,1557,1557,1557.0,1557,43.15992292870906,43.15992292870906,GCF_022985175.1,IGBB_LRoh.1.0,36.0,1265157,refseq,animal,35324,28901
Heterodera glycines,1,1,1,1,LINE,LINE,CLASSI,1885,1885,1885.0,1885,47.214854111405835,47.214854111405835,GCA_052402725.1,TN10v3,37.0,2964622,refseq,animal,29177,23872
Neodiprion pinetum,1,1,1,1,TC1MARINER,TIR,CLASSII,1973,1973,1973.0,1973,39.28028383172833,39.28028383172833,GCF_021155775.2,iyNeoPine1.2,40.0,4737759,refseq,animal,27876,22807
Thymallus thymallus,1,1,1,1,TC1MARINER,TIR,CLASSII,1548,1548,1548.0,1548,45.348837209302324,45.348837209302324,GCA_023634145.1,fThyThy.pri.20220222,43.0,2277286,refseq,animal,35529,29069
Anopheles darlingi,1,1,1,1,COPIA,LTR,CLASSI,4294,4294,4294.0,4294,43.176525384257104,43.176525384257104,GCF_943734745.1,idAnoDarlMG_H_01,48.0,19203082,refseq,animal,12808,10479
Timema cristinae,1,1,1,1,TC1MARINER,TIR,CLASSII,2227,2227,2227.0,2227,36.7759317467445,36.7759317467445,GCA_050494535.1,ASM5049453v1,35.5,61735528,refseq,animal,24696,20206
Cavia cutleri,1,1,1,1,L1,LINE,CLASSI,679,679,679.0,679,35.34609720176731,35.34609720176731,N/A,N/A,,,failed,animal,81001,66273
Membranipora membranacea,1,1,1,1,KOLOBOK,TIR,CLASSII,4323,4323,4323.0,4323,45.315752949340734,45.315752949340734,GCA_914767715.1,tzMemMemb1.1,38.0,7007262,refseq,animal,12722,10409
Mammuthus primigenius,1,1,1,1,HAT,TIR,CLASSII,208,208,208.0,208,30.76923076923077,30.76923076923077,N/A,N/A,,,failed,animal,264423,216346
Seriola lalandi,1,1,1,1,TC1MARINER,TIR,CLASSII,1558,1558,1558.0,1558,43.77406931964056,43.77406931964056,GCF_002814215.2,Sedor1,40.5,51452,refseq,animal,35301,28883
Poecilia mexicana,1,1,1,1,TC1MARINER,TIR,CLASSII,1558,1558,1558.0,1558,44.1591784338896,44.1591784338896,GCF_001443325.1,P_mexicana-1.0,39.0,39840,refseq,animal,35301,28883
Varanus indicus,1,1,1,1,TRNA,SINE,CLASSI,351,351,351.0,351,53.561253561253565,53.561253561253565,N/A,N/A,,,failed,animal,156695,128205
Eriosoma lanigerum,1,1,1,1,TC1MARINER,TIR,CLASSII,3181,3181,3181.0,3181,34.48601068846275,34.48601068846275,GCA_013282895.1,WAA_JIC_1.0,26.0,157895,refseq,animal,17290,14146
Maniola jurtina,1,1,1,1,TC1MARINER,TIR,CLASSII,2174,2174,2174.0,2174,36.84452621895124,36.84452621895124,GCF_905333055.1,ilManJurt1.1,37.0,13288869,refseq,animal,25298,20699
Pterocles gutturalis,1,1,1,1,LINE,LINE,CLASSI,4213,4213,4213.0,4213,42.8435793971042,42.8435793971042,GCF_000699245.1,ASM69924v1,41.5,26448,refseq,animal,13054,10681
Amphibolurus norrisi,1,1,1,1,RTE,LINE,CLASSI,3305,3305,3305.0,3305,44.175491679273826,44.175491679273826,N/A,N/A,,,failed,animal,16641,13615
Dendroctonus ponderosae,1,1,1,1,LINE,LINE,CLASSI,3866,3866,3866.0,3866,53.64718054837041,53.64718054837041,GCF_020466585.1,Dpon_F_20191213v2,36.0,26086,refseq,animal,14226,11639
Amphilophus citrinellus,1,1,1,1,TC1MARINER,TIR,CLASSII,1660,1660,1660.0,1660,43.493975903614455,43.493975903614455,GCA_013435755.1,ASM1343575v1,41.0,3839513,refseq,animal,33132,27108
Amazona vittata,1,1,1,1,RTE,LINE,CLASSI,3998,3998,3998.0,3998,21.53576788394197,21.53576788394197,GCA_000332375.2,ASM33237v2,41.5,29306,refseq,animal,13756,11255
Musca vetustissima,1,1,1,1,HAT,TIR,CLASSII,638,638,638.0,638,36.83385579937304,36.83385579937304,GCF_032173495.1,APGP_CSIRO_Mvet_v1,34.5,99337,refseq,animal,86206,70532
Dinoponera quadriceps,1,1,1,1,TC1MARINER,TIR,CLASSII,1324,1324,1324.0,1324,45.9214501510574,45.9214501510574,GCF_001313825.1,ASM131382v1,43.5,29911,refseq,animal,41540,33987
Xiphophorus couchianus,1,1,1,1,TC1MARINER,TIR,CLASSII,1567,1567,1567.0,1567,44.22463305679643,44.22463305679643,GCF_001444195.1,X_couchianus-1.0,39.0,15315838,refseq,animal,35098,28717
Oxyurichthys papuensis,1,1,1,1,LINE,LINE,CLASSI,1725,1725,1725.0,1725,52.0,52.0,N/A,N/A,,,failed,animal,31884,26086
Squalus acanthias,1,1,1,1,TRNA,SINE,CLASSI,463,463,463.0,463,48.16414686825054,48.16414686825054,GCA_030390025.1,ASM3039002v1,46.0,1715360,refseq,animal,118790,97192
Metacrinus rotundus,1,1,1,1,LINE,LINE,CLASSI,1756,1756,1756.0,1756,52.0501138952164,52.0501138952164,N/A,N/A,,,failed,animal,31321,25626
Tenualosa ilisha,1,1,1,1,TC1MARINER,TIR,CLASSII,1559,1559,1559.0,1559,43.810134701731876,43.810134701731876,GCA_015244755.2,TenIli1.0,43.5,2624235,refseq,animal,35279,28864
Chaetopterus variopedatus,1,1,1,1,TRNA,SINE,CLASSI,322,322,322.0,322,48.13664596273292,48.13664596273292,N/A,N/A,,,failed,animal,170807,139751
Medauroidea extradentata,1,1,1,1,TC1MARINER,TIR,CLASSII,1325,1325,1325.0,1325,49.13207547169811,49.13207547169811,GCA_003012365.1,ASM301236v1,37.0,28251,refseq,animal,41509,33962
Caenorhabditis tropicalis,1,1,1,1,LINE,LINE,CLASSI,4051,4051,4051.0,4051,44.38410269069365,44.38410269069365,GCA_043792875.1,NIC58_v2,38.0,8055841,refseq,animal,13576,11108
Myotis daubentonii,1,1,1,1,TRNA,SINE,CLASSI,223,223,223.0,223,48.87892376681614,48.87892376681614,GCA_963259705.2,mMyoDau2.hap1.2,43.0,28718153,refseq,animal,246636,201793
Rhagoletis zephyria,1,1,1,1,TC1MARINER,TIR,CLASSII,1306,1306,1306.0,1306,41.19448698315467,41.19448698315467,GCF_001687245.2,Rhagoletis_zephyria_1.1,36.5,19399,refseq,animal,42113,34456
Haliotis discus,1,1,1,1,TRNA,SINE,CLASSI,377,377,377.0,377,53.05039787798409,53.05039787798409,GCA_044707095.1,ASM4470709v1,40.5,28490,refseq,animal,145888,119363
Drosophila bocqueti,1,1,1,1,P,TIR,CLASSII,3300,3300,3300.0,3300,37.21212121212121,37.21212121212121,GCA_018151655.1,ASM1815165v1,42.5,20206544,refseq,animal,16666,13636
Trionymus perrisii,1,1,1,1,TC1MARINER,TIR,CLASSII,2085,2085,2085.0,2085,33.71702637889688,33.71702637889688,GCA_900050545.1,TPER,31.5,4604,refseq,animal,26378,21582
Loa loa,1,1,1,1,RTE,LINE,CLASSI,3998,3998,3998.0,3998,47.24862431215608,47.24862431215608,GCF_000183805.2,Loa_loa_V3.1,31.0,13750,refseq,animal,13756,11255
Daphnia pulicaria,1,1,1,1,PIGGYBAC,TIR,CLASSII,6631,6631,6631.0,6631,46.91600060322727,46.91600060322727,GCF_021234035.1,SC_F0-13Bv2,41.5,3523768,refseq,animal,8294,6786
Eptatretus burgeri,1,1,1,1,PLE,PLE,CLASSI,3057,3057,3057.0,3057,34.64180569185476,34.64180569185476,GCA_024346535.1,Eburgeri_v1,43.0,16240,refseq,animal,17991,14720
Drosophila simulans,1,1,1,1,HAT,TIR,CLASSII,3016,3016,3016.0,3016,37.76525198938992,37.76525198938992,GCF_016746395.2,Prin_Dsim_3.1,42.5,22319025,refseq,animal,18236,14920
Octopus vulgaris,1,1,1,1,PLE,PLE,CLASSI,3933,3933,3933.0,3933,29.90083905415713,29.90083905415713,GCA_951406725.2,xcOctVulg1.2,36.5,3577857,best_n50,animal,13984,11441
Cyanidioschyzon merolae,1,1,1,1,LINE,LINE,CLASSI,4810,4810,4810.0,4810,53.07692307692308,53.07692307692308,GCF_000091205.1,ASM9120v1,55.0,859119,refseq,otro,11434,9355
Pristionchus pacificus,1,1,1,1,PLE,PLE,CLASSI,4365,4365,4365.0,4365,38.30469644902635,38.30469644902635,GCA_000180635.4,El Paco v. 4,43.0,4619064,refseq,animal,12600,10309
Phenacoccus solenopsis,1,1,1,1,TC1MARINER,TIR,CLASSII,2425,2425,2425.0,2425,32.948453608247426,32.948453608247426,GCA_009761765.1,ASM976176v1,33.5,489811,refseq,animal,22680,18556
Triplophysa dalaica,1,1,1,1,LTR,LTR,CLASSI,416,416,416.0,416,58.65384615384615,58.65384615384615,GCF_015846415.1,ASM1584641v1,39.0,9273388,refseq,animal,132211,108173
Anguilla rostrata,1,1,1,1,TC1MARINER,TIR,CLASSII,1225,1225,1225.0,1225,46.93877551020408,46.93877551020408,GCF_018555375.3,ASM1855537v3,43.5,5074093,refseq,animal,44897,36734
Lyrurus tetrix,1,1,1,1,TC1MARINER,TIR,CLASSII,1280,1280,1280.0,1280,45.46875,45.46875,GCA_043882375.1,ASM4388237v1,41.0,164437,refseq,animal,42968,35156
Xestia xanthographa,1,1,1,1,PIGGYBAC,TIR,CLASSII,2002,2002,2002.0,2002,38.61138861138861,38.61138861138861,GCA_905147715.2,ilXesXant1.2,38.5,9149592,refseq,animal,27472,22477
Gehyra lazelli,1,1,1,1,RTE,LINE,CLASSI,3651,3651,3651.0,3651,44.28923582580115,44.28923582580115,N/A,N/A,,,failed,animal,15064,12325
Temnothorax longispinosus,1,1,1,1,TC1MARINER,TIR,CLASSII,2941,2941,2941.0,2941,34.104046242774565,34.104046242774565,GCF_030848805.1,Tlon_JGU_v1,38.5,583035,refseq,animal,18701,15300
Idioteuthis cordiformis,1,1,1,1,TRNA,SINE,CLASSI,370,370,370.0,370,56.21621621621622,56.21621621621622,N/A,N/A,,,failed,animal,148648,121621
Colinus virginianus,1,1,1,1,TC1MARINER,TIR,CLASSII,1331,1331,1331.0,1331,45.003756574004505,45.003756574004505,GCA_008692595.2,Cv_LA_2.0,41.5,106817,refseq,animal,41322,33809
Tinea trinotella,1,1,1,1,TRNA,SINE,CLASSI,171,171,171.0,171,39.76608187134503,39.76608187134503,GCA_905220615.1,ilTinTrin1.1,35.5,13660558,refseq,animal,321637,263157
Ostrea lurida,1,1,1,1,PLE,PLE,CLASSI,3360,3360,3360.0,3360,37.470238095238095,37.470238095238095,GCA_903981925.1,v081,36.5,7815,refseq,animal,16369,13392
Stegodyphus dumicola,1,1,1,1,PLE,PLE,CLASSI,3988,3988,3988.0,3988,32.19658976930793,32.19658976930793,GCF_010614865.2,ASM1061486v2,33.5,254139,refseq,animal,13791,11283
Erynnis propertius,1,1,1,1,TRNA,SINE,CLASSI,300,300,300.0,300,48.66666666666667,48.66666666666667,N/A,N/A,,,failed,animal,183333,150000
Pristionchus arcanus,1,1,1,1,PLE,PLE,CLASSI,4055,4055,4055.0,4055,39.67940813810111,39.67940813810111,GCA_900490705.1,P. arcanus genome,42.0,43919,refseq,animal,13563,11097
Belone belone,1,1,1,1,TC1MARINER,TIR,CLASSII,1611,1611,1611.0,1611,40.285536933581625,40.285536933581625,N/A,N/A,,,failed,animal,34140,27932
Mytilus galloprovincialis,1,1,1,1,PLE,PLE,CLASSI,4114,4114,4114.0,4114,36.0719494409334,36.0719494409334,GCF_965363235.1,xbMytGall1.hap1.1,32.5,12118000,refseq,animal,13368,10938
Spodoptera litura,1,1,1,1,TRNA,SINE,CLASSI,262,262,262.0,262,48.854961832061065,48.854961832061065,GCF_002706865.2,ASM270686v3,36.5,68785,refseq,animal,209923,171755
Mnemiopsis leidyi,1,1,1,1,PLE,PLE,CLASSI,3217,3217,3217.0,3217,33.97575380789555,33.97575380789555,GCA_048537945.1,crg_Mlei_v2,39.0,3726882,refseq,animal,17096,13988
Haemonchus contortus,1,1,1,1,PLE,PLE,CLASSI,3699,3699,3699.0,3699,28.41308461746418,28.41308461746418,GCA_000469685.2,haemonchus_contortus_MHCO3ISE_4.0,43.0,3801457,refseq,animal,14868,12165
Spodoptera frugiperda,1,1,1,1,TRNA,SINE,CLASSI,298,298,298.0,298,50.0,50.0,GCF_023101765.2,AGI-APGP_CSIRO_Sfru_2.0,36.5,4914980,refseq,animal,184563,151006
Timema shepardi,1,1,1,1,TC1MARINER,TIR,CLASSII,2225,2225,2225.0,2225,36.674157303370784,36.674157303370784,N/A,N/A,,,failed,animal,24719,20224
Mya arenaria,1,1,1,1,GYPSY,LTR,CLASSI,4968,4968,4968.0,4968,39.43236714975845,39.43236714975845,GCF_026914265.1,ASM2691426v1,35.5,3381420,refseq,animal,11070,9057
Helicoverpa zea,1,1,1,1,TC1MARINER,TIR,CLASSII,2573,2573,2573.0,2573,36.30003886513797,36.30003886513797,GCF_022581195.2,ilHelZeax1.1,37.0,10871041,refseq,animal,21375,17489
Drosophila mercatorum,1,1,1,1,LINE,LINE,CLASSI,3446,3446,3446.0,3446,48.781195589088796,48.781195589088796,GCA_961210405.1,dmerc_wildtype_assembly,40.5,22671956,refseq,animal,15960,13058
Hydroides elegans,1,1,1,1,TC1MARINER,TIR,CLASSII,1931,1931,1931.0,1931,38.21853961677888,38.21853961677888,GCA_001703475.1,H_elegans_v1.0,35.5,5980,refseq,animal,28482,23303
Hyalophora cecropia,1,1,1,1,TC1MARINER,TIR,CLASSII,1255,1255,1255.0,1255,39.52191235059761,39.52191235059761,N/A,N/A,,,failed,animal,43824,35856
Agrilus planipennis,1,1,1,1,LINE,LINE,CLASSI,995,995,995.0,995,57.98994974874372,57.98994974874372,GCF_000699045.2,Apla_2.0,34.5,28329,refseq,animal,55276,45226
Trachymyrmex septentrionalis,1,1,1,1,TC1MARINER,TIR,CLASSII,1320,1320,1320.0,1320,49.46969696969697,49.46969696969697,GCF_001594115.1,Tsep1.0,34.5,14962,refseq,animal,41666,34090
Acropora nasuta,1,1,1,1,PLE,PLE,CLASSI,3521,3521,3521.0,3521,41.067878443623975,41.067878443623975,GCA_014634205.1,Anas_1.0,39.0,40130,refseq,animal,15620,12780
Beroe forskalii,1,1,1,1,PLE,PLE,CLASSI,3773,3773,3773.0,3773,39.04055128544924,39.04055128544924,GCA_011033025.1,UCSC_Bfor_v1,40.0,208539,refseq,animal,14577,11926
Takifugu rubripes,1,1,1,1,PIGGYBAC,TIR,CLASSII,2814,2814,2814.0,2814,44.95380241648898,44.95380241648898,GCF_901000725.2,fTakRub1.2,45.5,3136617,refseq,animal,19545,15991
Eremiascincus richardsonii,1,1,1,1,RTE,LINE,CLASSI,3831,3831,3831.0,3831,44.63586530931872,44.63586530931872,N/A,N/A,,,failed,animal,14356,11746
Ventiella sulfuris,1,1,1,1,TC1MARINER,TIR,CLASSII,1293,1293,1293.0,1293,54.988399071925755,54.988399071925755,N/A,N/A,,,failed,animal,42536,34802
Sinocyclocheilus grahami,1,1,1,1,TC1MARINER,TIR,CLASSII,1535,1535,1535.0,1535,41.88925081433224,41.88925081433224,GCF_001515645.1,SAMN03320097.WGS_v1.1,37.5,29354,refseq,animal,35830,29315
Hydrophis spiralis,1,1,1,1,RTE,LINE,CLASSI,1893,1893,1893.0,1893,41.46856840993133,41.46856840993133,N/A,N/A,,,failed,animal,29054,23771
Squatina japonica,1,1,1,1,LINE,LINE,CLASSI,1988,1988,1988.0,1988,42.95774647887324,42.95774647887324,N/A,N/A,,,failed,animal,27665,22635
Paracentrotus lividus,1,1,1,1,TRNA,SINE,CLASSI,248,248,248.0,248,53.62903225806451,53.62903225806451,GCA_940671915.1,Pliv_v1,36.5,37479,refseq,animal,221774,181451
Phodopus sungorus,1,1,1,1,ERV,LTR,CLASSI,898,898,898.0,898,43.76391982182628,43.76391982182628,GCA_030556225.1,Psun-UiT-1,41.5,55879606,refseq,animal,61247,50111
Pleuronectes platessa,1,1,1,1,TC1MARINER,TIR,CLASSII,1634,1634,1634.0,1634,42.10526315789473,42.10526315789473,GCF_947347685.1,fPlePla1.1,42.5,1477112,refseq,animal,33659,27539
Tanichthys albonubes,1,1,1,1,LINE,LINE,CLASSI,2492,2492,2492.0,2492,57.90529695024077,57.90529695024077,N/A,N/A,,,failed,animal,22070,18057
Porcellio scaber,1,1,1,1,LINE,LINE,CLASSI,3358,3358,3358.0,3358,55.241215008933885,55.241215008933885,GCA_034700385.1,ASM3470038v1,32.0,1242,refseq,animal,16378,13400
Anurida maritima,1,1,1,1,LINE,LINE,CLASSI,4277,4277,4277.0,4277,49.42716857610475,49.42716857610475,N/A,N/A,,,failed,animal,12859,10521
Armadillidium vulgare,1,1,1,1,TC1MARINER,TIR,CLASSII,1289,1289,1289.0,1289,41.97051978277735,41.97051978277735,GCA_051530015.1,Avulg_BH_1.0,27.5,327742,refseq,animal,42668,34910
Limonius californicus,1,1,1,1,TC1MARINER,TIR,CLASSII,1903,1903,1903.0,1903,37.099316868102996,37.099316868102996,GCA_014611495.1,UIdaho_Lcali_1.0,35.0,19395,refseq,animal,28901,23646
Periophthalmus magnuspinnatus,1,1,1,1,TC1MARINER,TIR,CLASSII,1225,1225,1225.0,1225,45.46938775510204,45.46938775510204,GCF_009829125.3,fPerMag1.2.pri,40.0,2301275,refseq,animal,44897,36734
Glypta fumiferanae,1,1,1,1,CACTA,TIR,CLASSII,166,166,166.0,166,38.55421686746988,38.55421686746988,N/A,N/A,,,failed,animal,331325,271084
Zonotrichia albicollis,1,1,1,1,LINE,LINE,CLASSI,4542,4542,4542.0,4542,49.60369881109643,49.60369881109643,GCF_047830755.1,bZonAlb1.hap1,44.0,17147933,refseq,animal,12109,9907
Choristoneura fumiferana,1,1,1,1,TRNA,SINE,CLASSI,256,256,256.0,256,40.625,40.625,GCF_025370935.1,NRCan_CFum_1,38.0,107887,refseq,animal,214843,175781
Trirhithrum coffeae,1,1,1,1,TC1MARINER,TIR,CLASSII,1293,1293,1293.0,1293,42.614075792730084,42.614075792730084,N/A,N/A,,,failed,animal,42536,34802
Ascaris suum,1,1,1,1,PLE,PLE,CLASSI,4647,4647,4647.0,4647,34.7105659565311,34.7105659565311,GCA_013433145.1,ASM1343314v1,37.5,6436742,refseq,animal,11835,9683
Didymodactylos carnosus,1,1,1,1,PLE,PLE,CLASSI,2359,2359,2359.0,2359,31.411615091140316,31.411615091140316,GCA_905250885.1,Dc_DCAR706_reference_genomic_v1,33.5,11859,refseq,animal,23314,19075
Pygoscelis adeliae,1,1,1,1,LINE,LINE,CLASSI,2667,2667,2667.0,2667,45.74428196475441,45.74428196475441,GCF_000699105.1,ASM69910v1,41.5,22195,refseq,animal,20622,16872
Lilium speciosum,1,1,1,1,L1,LINE,CLASSI,4465,4465,4465.0,4465,56.90929451287794,56.90929451287794,N/A,N/A,,,failed,planta,12318,10078
Pinus thunbergii,1,1,1,1,COPIA,LTR,CLASSI,243,243,243.0,243,49.794238683127574,49.794238683127574,N/A,N/A,,,failed,planta,226337,185185
Coix aquatica,1,1,1,1,MULE,TIR,CLASSII,4960,4960,4960.0,4960,44.899193548387096,44.899193548387096,GCA_009725075.1,ASM972507v1,46.5,2241760,refseq,planta,11088,9072
Desmodesmus armatus,1,1,1,1,PLE,PLE,CLASSI,5764,5764,5764.0,5764,56.38445523941707,56.38445523941707,GCA_007449985.2,ASM744998v2,56.5,341806,refseq,planta,9541,7807
Eleusine indica,1,1,1,1,MULE,TIR,CLASSII,3665,3665,3665.0,3665,42.046384720327424,42.046384720327424,GCA_030378355.1,ASM3037835v1,44.0,42109816,refseq,planta,15006,12278
Brassica nigra,1,1,1,1,LTR,LTR,CLASSI,804,804,804.0,804,54.22885572139303,54.22885572139303,GCA_016432835.1,Bnig_sang_1.1,38.0,1342348,refseq,planta,68407,55970
Platanus occidentalis,1,1,1,1,COPIA,LTR,CLASSI,276,276,276.0,276,39.130434782608695,39.130434782608695,N/A,N/A,,,failed,planta,199275,163043
Jaltomata sinuosa,1,1,1,1,TRNA,SINE,CLASSI,129,129,129.0,129,52.71317829457365,52.71317829457365,GCA_003996215.1,ASM399621v1,38.0,372489,refseq,planta,426356,348837
Avena sativa,1,1,1,1,COPIA,LTR,CLASSI,8662,8662,8662.0,8662,45.058877857307785,45.058877857307785,GCA_951802345.1,Asativa_cv_Williams_v1.0,44.0,200341358,refseq,planta,6349,5195
Aegilops columnaris,1,1,1,1,TIR,TIR,CLASSII,1297,1297,1297.0,1297,39.86121819583654,39.86121819583654,N/A,N/A,,,failed,planta,42405,34695
Klebsormidium nitens,1,1,1,1,TC1MARINER,TIR,CLASSII,2271,2271,2271.0,2271,59.709379128137385,59.709379128137385,GCA_000708835.1,ASM70883v1,52.5,72512,refseq,planta,24218,19815
Chymomyza amoena,1,1,1,1,TC1MARINER,TIR,CLASSII,1290,1290,1290.0,1290,36.74418604651163,36.74418604651163,GCA_037043745.1,ASM3704374v1,35.5,205866,refseq,animal,42635,34883
Suncus murinus,1,1,1,1,ERV,LTR,CLASSI,773,773,773.0,773,49.417852522639066,49.417852522639066,N/A,N/A,,,failed,animal,71151,58214
Onthophagus taurus,1,1,1,1,TC1MARINER,TIR,CLASSII,2572,2572,2572.0,2572,38.60808709175739,38.60808709175739,GCF_036711975.1,IU_Otau_3.0,33.5,33052070,refseq,animal,21384,17496
Mactra antiquata,1,1,1,1,TRNA,SINE,CLASSI,270,270,270.0,270,49.629629629629626,49.629629629629626,GCA_049640265.1,ASM4964026v1,34.5,17352655,refseq,animal,203703,166666
Drosophila cardini,1,1,1,1,TC1MARINER,TIR,CLASSII,473,473,473.0,473,53.911205073995774,53.911205073995774,GCA_018903735.1,ASM1890373v1,38.0,4216638,refseq,animal,116279,95137
Epinephelus lanceolatus,1,1,1,1,TC1MARINER,TIR,CLASSII,1566,1566,1566.0,1566,43.67816091954023,43.67816091954023,GCF_005281545.1,ASM528154v1,41.5,159800,refseq,animal,35121,28735
Konosirus punctatus,1,1,1,1,LINE,LINE,CLASSI,2710,2710,2710.0,2710,54.4280442804428,54.4280442804428,N/A,N/A,,,failed,animal,20295,16605
Serinus canaria,1,1,1,1,LINE,LINE,CLASSI,4184,4184,4184.0,4184,47.77724665391969,47.77724665391969,GCF_022539315.1,serCan2020,42.5,12206373,refseq,animal,13145,10755
Eulimnadia texana,1,1,1,1,PLE,PLE,CLASSI,2572,2572,2572.0,2572,37.67496111975117,37.67496111975117,GCA_002872375.1,clam_shrimp_assembly_v0.1,39.5,10428323,refseq,animal,21384,17496
Thalassophryne amazonica,1,1,1,1,PLE,PLE,CLASSI,4048,4048,4048.0,4048,32.36166007905138,32.36166007905138,GCF_902500255.1,fThaAma1.1,42.0,2329598,refseq,animal,13586,11116
Tanakia lanceolata,1,1,1,1,LINE,LINE,CLASSI,1550,1550,1550.0,1550,46.32258064516129,46.32258064516129,N/A,N/A,,,failed,animal,35483,29032
Danaus melanippus,1,1,1,1,TC1MARINER,TIR,CLASSII,2122,2122,2122.0,2122,36.098020735155515,36.098020735155515,GCA_010014825.2,ASM1001482v2,32.0,2159,refseq,animal,25918,21206
Daboia palaestinae,1,1,1,1,CR1,LINE,CLASSI,662,662,662.0,662,53.776435045317214,53.776435045317214,N/A,N/A,,,failed,animal,83081,67975
Didymochlaena truncatula,1,1,1,1,LTR,LTR,CLASSI,606,606,606.0,606,49.504950495049506,49.504950495049506,N/A,N/A,,,failed,planta,90759,74257
Oryza punctata,1,1,1,1,MULE,TIR,CLASSII,5038,5038,5038.0,5038,42.35807860262008,42.35807860262008,GCA_000573905.2,OpunRS2,43.5,18594736,refseq,planta,10917,8932
Hordeum chilense,1,1,1,1,GYPSY,LTR,CLASSI,1542,1542,1542.0,1542,47.79507133592737,47.79507133592737,N/A,N/A,,,failed,planta,35667,29182
Persea americana,1,1,1,1,LTR,LTR,CLASSI,667,667,667.0,667,57.271364317841076,57.271364317841076,GCA_051132755.1,XTBG_Pame_1.0,39.5,78837527,refseq,planta,82458,67466
Sedum album,1,1,1,1,MULE,TIR,CLASSII,6513,6513,6513.0,6513,37.50959619223092,37.50959619223092,GCA_006409495.1,Sedum_album_v3,38.0,93122,refseq,planta,8444,6909
Papilio machaon,1,1,1,1,TRNA,SINE,CLASSI,310,310,310.0,310,48.38709677419355,48.38709677419355,GCF_912999745.1,ilPapMach1.1,34.5,8641220,refseq,animal,177419,145161
Limulus polyphemus,1,1,1,1,PLE,PLE,CLASSI,3336,3336,3336.0,3336,23.95083932853717,23.95083932853717,GCF_000517525.1,Limulus_polyphemus-2.1.2,33.5,11441,refseq,animal,16486,13489
Paralithodes platypus,1,1,1,1,PLE,PLE,CLASSI,3800,3800,3800.0,3800,28.10526315789474,28.10526315789474,GCA_032716605.1,ASM3271660v1,41.5,344241,refseq,animal,14473,11842
Botryococcus braunii,1,1,1,1,PLE,PLE,CLASSI,8129,8129,8129.0,8129,43.16644113667118,43.16644113667118,GCA_040970285.1,TAMU_Blycopadienor_v1,52.5,2408393,refseq,planta,6765,5535
Oryza brachyantha,1,1,1,1,MULE,TIR,CLASSII,4803,4803,4803.0,4803,43.61857172600458,43.61857172600458,GCF_000231095.2,ObraRS2,41.5,11392507,refseq,planta,11451,9369
Felis silvestris,1,1,1,1,ERV,LTR,CLASSI,505,505,505.0,505,51.08910891089109,51.08910891089109,N/A,N/A,,,failed,animal,108910,89108
Caenorhabditis nigoni,1,1,1,1,TC1MARINER,TIR,CLASSII,2757,2757,2757.0,2757,41.566920565832426,41.566920565832426,GCA_027920645.1,ASM2792064v1,37.5,3971130,refseq,animal,19949,16322
Centruroides sculpturatus,1,1,1,1,TC1MARINER,TIR,CLASSII,2118,2118,2118.0,2118,30.92540132200189,30.92540132200189,GCF_000671375.1,Cexi_2.0,30.0,52294,refseq,animal,25967,21246
Antheraea mylitta,1,1,1,1,TC1MARINER,TIR,CLASSII,1885,1885,1885.0,1885,40.742705570291776,40.742705570291776,GCA_014332785.1,AM_v1.0,35.5,64049,refseq,animal,29177,23872
Bombyx mandarina,1,1,1,1,TC1MARINER,TIR,CLASSII,1903,1903,1903.0,1903,38.202837624802946,38.202837624802946,GCF_003987935.1,ASM398793v1,37.5,322127,refseq,animal,28901,23646
Musca domestica,1,1,1,1,HAT,TIR,CLASSII,2749,2749,2749.0,2749,34.88541287740997,34.88541287740997,GCF_030504385.1,Musca_domestica.polishedcontigs.V.1.1,35.0,1984640,refseq,animal,20007,16369
Astyanax mexicanus,1,1,1,1,TC1MARINER,TIR,CLASSII,1613,1613,1613.0,1613,41.47551146931184,41.47551146931184,GCF_023375975.1,AstMex3_surface,38.0,47087582,refseq,animal,34097,27898
Petrolisthes cinctipes,1,1,1,1,TRNA,SINE,CLASSI,288,288,288.0,288,53.47222222222222,53.47222222222222,GCA_033782935.1,Cinc_v1.9,39.5,706727,refseq,animal,190972,156250
Oryza meridionalis,1,1,1,1,MULE,TIR,CLASSII,4777,4777,4777.0,4777,42.369688088758636,42.369688088758636,GCA_047496205.1,ASM4749620v1,43.5,30562755,refseq,planta,11513,9420
Solanum chilense,1,1,1,1,COPIA,LTR,CLASSI,5265,5265,5265.0,5265,39.54415954415955,39.54415954415955,GCA_032847665.1,ASM3284766v1,34.5,164000,refseq,planta,10446,8547
Setaria viridis,1,1,1,1,MULE,TIR,CLASSII,3767,3767,3767.0,3767,41.38571807804619,41.38571807804619,GCF_005286985.2,Setaria_viridis_v4.0,46.0,21048138,refseq,planta,14600,11945
Drosophila ambigua,1,1,1,1,LINE,LINE,CLASSI,1785,1785,1785.0,1785,47.56302521008403,47.56302521008403,GCA_018150905.1,ASM1815090v1,44.5,11334561,refseq,animal,30812,25210
Veniliornis spilogaster,1,1,1,1,CR1,LINE,CLASSI,549,549,549.0,549,53.00546448087432,53.00546448087432,N/A,N/A,,,failed,animal,100182,81967
Toxorhynchites amboinensis,1,1,1,1,TC1MARINER,TIR,CLASSII,1303,1303,1303.0,1303,42.97774366845741,42.97774366845741,N/A,N/A,,,failed,animal,42210,34535
Aegiceras corniculatum,1,1,1,1,COPIA,LTR,CLASSI,284,284,284.0,284,36.267605633802816,36.267605633802816,N/A,N/A,,,failed,planta,193661,158450
Vicia sativa,1,1,1,1,COPIA,LTR,CLASSI,229,229,229.0,229,34.93449781659388,34.93449781659388,GCA_964197575.1,drVicSati1.hap1.1,36.0,55950344,refseq,planta,240174,196506
Vasconcellea monoica,1,1,1,1,COPIA,LTR,CLASSI,4580,4580,4580.0,4580,37.48908296943231,37.48908296943231,N/A,N/A,,,failed,planta,12008,9825
Prunus mume,1,1,1,1,LTR,LTR,CLASSI,615,615,615.0,615,58.048780487804876,58.048780487804876,GCF_000346735.1,P.mume_V1.0,37.5,32259,refseq,planta,89430,73170
Eleusine coracana,1,1,1,1,MULE,TIR,CLASSII,4548,4548,4548.0,4548,42.41424802110818,42.41424802110818,GCA_032690845.1,Eleusine_coracana_v1.0,44.0,15268596,refseq,planta,12093,9894
Heteranthelium piliferum,1,1,1,1,TC1MARINER,TIR,CLASSII,127,127,127.0,127,36.22047244094488,36.22047244094488,N/A,N/A,,,failed,planta,433070,354330
Zoysia japonica,1,1,1,1,MULE,TIR,CLASSII,4785,4785,4785.0,4785,31.536050156739815,31.536050156739815,GCA_040438285.1,BJFU_zoysia2.1,44.0,5731106,refseq,planta,11494,9404
Pinus radiata,1,1,1,1,GYPSY,LTR,CLASSI,5935,5935,5935.0,5935,36.41112047177759,36.41112047177759,GCA_050662955.1,ASM5066295v1,38.0,175053,refseq,planta,9267,7582
Ginkgo biloba,1,1,1,1,COPIA,LTR,CLASSI,243,243,243.0,243,43.20987654320987,43.20987654320987,GCA_024626585.2,ASM2462658v2,33.5,1328,refseq,planta,226337,185185
Lycium barbarum,1,1,1,1,TRNA,SINE,CLASSI,138,138,138.0,138,47.10144927536232,47.10144927536232,GCF_019175385.1,ASM1917538v2,38.0,2385424,refseq,planta,398550,326086
Euprymna scolopes,1,1,1,1,PLE,PLE,CLASSI,3584,3584,3584.0,3584,27.706473214285715,27.706473214285715,GCA_024364805.1,ASM2436480v1,34.0,3675,refseq,animal,15345,12555
Pomphorhynchus laevis,1,1,1,1,PLE,PLE,CLASSI,3521,3521,3521.0,3521,24.481681340528258,24.481681340528258,GCA_012934845.2,ASM1293484v2,33.0,126570,refseq,animal,15620,12780
Caligus rogercresseyi,1,1,1,1,PLE,PLE,CLASSI,2558,2558,2558.0,2558,32.60359655981235,32.60359655981235,GCA_013387185.1,ASM1338718v1,33.5,38017,refseq,animal,21501,17591
Architeuthis dux,1,1,1,1,PLE,PLE,CLASSI,3191,3191,3191.0,3191,33.93920401128173,33.93920401128173,GCA_006491835.1,UP_Adux,36.0,5397,refseq,animal,17235,14102
Porphyra umbilicalis,1,1,1,1,TC1MARINER,TIR,CLASSII,3038,3038,3038.0,3038,57.20868992758393,57.20868992758393,GCA_002049455.2,P_umbilicalis_v1,66.0,171716,refseq,otro,18104,14812
Apostasia shenzhenica,1,1,1,1,LTR,LTR,CLASSI,825,825,825.0,825,52.96969696969697,52.96969696969697,GCA_002786265.1,ASM278626v1,33.5,80069,refseq,planta,66666,54545
Adoxophyes honmai,1,1,1,1,TC1MARINER,TIR,CLASSII,4394,4394,4394.0,4394,40.373236231224396,40.373236231224396,GCA_005406045.1,Ah_1.0,38.5,26229,refseq,animal,12517,10241
Scartelaos histophorus,1,1,1,1,TC1MARINER,TIR,CLASSII,1225,1225,1225.0,1225,45.55102040816327,45.55102040816327,GCA_000787155.1,SH.fa,39.0,8806,refseq,animal,44897,36734
Stethojulis bandanensis,1,1,1,1,LINE,LINE,CLASSI,1808,1808,1808.0,1808,53.48451327433629,53.48451327433629,N/A,N/A,,,failed,animal,30420,24889
Oryzias melastigma,1,1,1,1,LINE,LINE,CLASSI,1617,1617,1617.0,1617,60.235003092145945,60.235003092145945,GCF_002922805.2,ASM292280v2,39.0,30057,refseq,animal,34013,27829
Glyptapanteles indiensis,1,1,1,1,HAT,TIR,CLASSII,354,354,354.0,354,32.7683615819209,32.7683615819209,N/A,N/A,,,failed,animal,155367,127118
Amia calva,1,1,1,1,LINE,LINE,CLASSI,1853,1853,1853.0,1853,52.83324338909876,52.83324338909876,GCA_017591415.1,AmiCal1,40.0,21103,best_n50,animal,29681,24284
Chatrabus melanurus,1,1,1,1,PLE,PLE,CLASSI,3437,3437,3437.0,3437,35.75792842595287,35.75792842595287,GCA_900302635.1,ASM90030263v1,41.5,4581,refseq,animal,16002,13092
Zoysia matrella,1,1,1,1,MULE,TIR,CLASSII,4899,4899,4899.0,4899,43.62114717289243,43.62114717289243,GCA_001602295.1,ASM160229v1,44.0,24399,refseq,planta,11226,9185
Aegilops umbellulata,1,1,1,1,TRNA,SINE,CLASSI,184,184,184.0,184,57.608695652173914,57.608695652173914,GCA_032464435.1,ASM3246443v1,47.0,17920629,refseq,planta,298913,244565
Equisetum arvense,1,1,1,1,GYPSY,LTR,CLASSI,428,428,428.0,428,39.018691588785046,39.018691588785046,N/A,N/A,,,failed,planta,128504,105140
Raphidocelis subcapitata,1,1,1,1,PLE,PLE,CLASSI,5167,5167,5167.0,5167,63.6539578091736,63.6539578091736,GCA_003203535.1,Rsub_1.0,71.5,91765,refseq,planta,10644,8709
Humulus lupulus,1,1,1,1,LTR,LTR,CLASSI,815,815,815.0,815,51.533742331288344,51.533742331288344,GCF_963169125.1,drHumLupu1.1,39.0,29235848,refseq,planta,67484,55214
Alstroemeria pelegrina,1,1,1,1,COPIA,LTR,CLASSI,257,257,257.0,257,49.80544747081712,49.80544747081712,N/A,N/A,,,failed,planta,214007,175097
Lilium henryi,1,1,1,1,GYPSY,LTR,CLASSI,9345,9345,9345.0,9345,35.80524344569289,35.80524344569289,N/A,N/A,,,failed,planta,5885,4815
Cocos nucifera,1,1,1,1,COPIA,LTR,CLASSI,573,573,573.0,573,38.21989528795812,38.21989528795812,GCA_003604295.2,Cnuc_CPCRI_v2,37.5,127111,refseq,planta,95986,78534
Saccharum spontaneum,1,1,1,1,MULE,TIR,CLASSII,5214,5214,5214.0,5214,47.37245876486383,47.37245876486383,GCA_022457205.1,ASM2245720v1,44.5,381898,refseq,planta,10548,8630
Eragrostis nindensis,1,1,1,1,MULE,TIR,CLASSII,2823,2823,2823.0,2823,46.75876726886291,46.75876726886291,GCA_012490785.1,MSU_Enin_2.1,46.0,520980,refseq,planta,19482,15940
Patellifolia procumbens,1,1,1,1,COPIA,LTR,CLASSI,247,247,247.0,247,49.392712550607285,49.392712550607285,GCA_049640485.1,USDA_Ppro_ WB292_v1.0,36.5,48552090,refseq,planta,222672,182186
Spodoptera littoralis,1,1,1,1,TRNA,SINE,CLASSI,270,270,270.0,270,49.629629629629626,49.629629629629626,GCA_902850265.1,PGI_Spodlit_v1,37.0,14400097,refseq,animal,203703,166666
Aptinothrips rufus,1,1,1,1,TC1MARINER,TIR,CLASSII,3113,3113,3113.0,3113,49.502088017989074,49.502088017989074,GCA_902196195.1,A_rufus_b1v02,48.5,4094,refseq,animal,17667,14455
Tiliqua rugosa,1,1,1,1,RTE,LINE,CLASSI,3260,3260,3260.0,3260,42.30061349693251,42.30061349693251,N/A,N/A,,,failed,animal,16871,13803
Paykullia maculata,1,1,1,1,TC1MARINER,TIR,CLASSII,1303,1303,1303.0,1303,39.98465080583269,39.98465080583269,GCA_003055125.1,ASM305512v1,28.5,5917,refseq,animal,42210,34535
Macrochelys temminckii,1,1,1,1,TRNA,SINE,CLASSI,175,175,175.0,175,49.714285714285715,49.714285714285715,N/A,N/A,,,failed,animal,314285,257142
Mytilus californianus,1,1,1,1,TRNA,SINE,CLASSI,256,256,256.0,256,50.0,50.0,GCF_021869535.1,xbMytCali1.0.p,32.5,16323199,refseq,animal,214843,175781
Drosophila equinoxialis,1,1,1,1,TC1MARINER,TIR,CLASSII,692,692,692.0,692,42.19653179190752,42.19653179190752,GCA_047116475.1,ASM4711647v1,37.5,6639417,refseq,animal,79479,65028
Rhopalosiphum maidis,1,1,1,1,TC1MARINER,TIR,CLASSII,1655,1655,1655.0,1655,42.7190332326284,42.7190332326284,GCF_003676215.2,ASM367621v3,27.5,9046396,refseq,animal,33232,27190
Micropterus floridanus,1,1,1,1,TC1MARINER,TIR,CLASSII,1225,1225,1225.0,1225,45.224489795918366,45.224489795918366,GCA_002592385.1,ASM259238v1,40.5,10978,refseq,animal,44897,36734
Stegastes partitus,1,1,1,1,TC1MARINER,TIR,CLASSII,1224,1224,1224.0,1224,48.03921568627451,48.03921568627451,GCF_000690725.1,Stegastes_partitus-1.0.2,41.5,43010,refseq,animal,44934,36764
Epargyreus clarus,1,1,1,1,TC1MARINER,TIR,CLASSII,2015,2015,2015.0,2015,34.640198511166254,34.640198511166254,GCF_041222505.1,WU_Ecla_fem_2.2,36.0,15215621,refseq,animal,27295,22332
Maylandia zebra,1,1,1,1,PIFHARBINGER,TIR,CLASSII,1116,1116,1116.0,1116,41.308243727598565,41.308243727598565,GCF_041146795.1,Mzebra_GT3a,41.0,31124463,refseq,animal,49283,40322
Melanogrammus aeglefinus,1,1,1,1,TC1MARINER,TIR,CLASSII,1224,1224,1224.0,1224,48.03921568627451,48.03921568627451,GCA_900291075.1,MAEA_1,46.0,77605,refseq,animal,44934,36764
Neoceratodus forsteri,1,1,1,1,CR1,LINE,CLASSI,2962,2962,2962.0,2962,49.52734638757596,49.52734638757596,GCA_016271365.2,neoFor_v3.1,45.0,1402697193,refseq,animal,18568,15192
Amblyomma americanum,1,1,1,1,LINE,LINE,CLASSI,1711,1711,1711.0,1711,49.62010520163647,49.62010520163647,GCA_052857255.1,ASM5285725v1,47.0,2182087,refseq,animal,32144,26300
Hypena proboscidalis,1,1,1,1,PIGGYBAC,TIR,CLASSII,7445,7445,7445.0,7445,33.53928811282741,33.53928811282741,GCA_905147285.1,ilHypProb1.1,35.0,18834925,refseq,animal,7387,6044
Emmelina monodactyla,1,1,1,1,KOLOBOK,TIR,CLASSII,6535,6535,6535.0,6535,35.51644988523336,35.51644988523336,GCA_916618145.1,ilEmmMono1.1,36.0,10272145,refseq,animal,8416,6885
Atelerix albiventris,1,1,1,1,LINE,LINE,CLASSI,3081,3081,3081.0,3081,49.17234664070107,49.17234664070107,N/A,N/A,,,failed,animal,17851,14605
Equisetum scirpoides,1,1,1,1,COPIA,LTR,CLASSI,284,284,284.0,284,41.54929577464789,41.54929577464789,N/A,N/A,,,failed,planta,193661,158450
Selaginella tamariscina,1,1,1,1,PLE,PLE,CLASSI,5687,5687,5687.0,5687,38.77263935291014,38.77263935291014,GCA_003024785.1,ASM302478v1,38.0,228918,refseq,planta,9671,7912
Triticum urartu,1,1,1,1,MULE,TIR,CLASSII,8247,8247,8247.0,8247,44.62228689220323,44.62228689220323,GCF_003073215.2,Tu2.1,46.0,278604,refseq,planta,6669,5456
Triticum spelta,1,1,1,1,HAT,TIR,CLASSII,836,836,836.0,836,58.25358851674641,58.25358851674641,N/A,N/A,,,failed,planta,65789,53827
Chlorokybus atmophyticus,1,1,1,1,PLE,PLE,CLASSI,3744,3744,3744.0,3744,59.05448717948718,59.05448717948718,GCA_009103225.1,ASM910322v1,51.5,43061,refseq,planta,14690,12019
Cenchrus americanus,1,1,1,1,MULE,TIR,CLASSII,3934,3934,3934.0,3934,44.05185561769191,44.05185561769191,GCA_963924085.1,AwK_v01,49.0,283920974,refseq,planta,13980,11438
Pinus sylvestris,1,1,1,1,GYPSY,LTR,CLASSI,5652,5652,5652.0,5652,45.85987261146497,45.85987261146497,GCA_900143225.1,FinPunk_mtDNA_Assembly,46.5,6425,best_n50,planta,9731,7961
Oropetium thomaeum,1,1,1,1,MULE,TIR,CLASSII,4864,4864,4864.0,4864,47.286184210526315,47.286184210526315,GCA_001182835.1,Oropetium_genomic_20141112,45.5,2386382,refseq,planta,11307,9251
Iris brevicaulis,1,1,1,1,GYPSY,LTR,CLASSI,3412,3412,3412.0,3412,47.71395076201641,47.71395076201641,N/A,N/A,,,failed,planta,16119,13188
Lolium perenne,1,1,1,1,CACTA,TIR,CLASSII,12483,12483,12483.0,12483,50.41256108307298,50.41256108307298,GCF_019359855.2,Kyuss_2.0,44.5,118861474,refseq,planta,4405,3604
Pinus elliottii,1,1,1,1,COPIA,LTR,CLASSI,1663,1663,1663.0,1663,39.08598917618761,39.08598917618761,N/A,N/A,,,failed,planta,33072,27059
Phaseolus vulgaris,1,1,1,1,COPIA,LTR,CLASSI,5230,5230,5230.0,5230,38.79541108986616,38.79541108986616,GCF_000499845.2,P. vulgaris v2.0,35.5,1885876,refseq,planta,10516,8604
Hordeum marinum,1,1,1,1,L1,LINE,CLASSI,602,602,602.0,602,43.355481727574755,43.355481727574755,GCA_022496015.1,ASM2249601v1,44.5,6835372,refseq,planta,91362,74750
Oryza nivara,1,1,1,1,MULE,TIR,CLASSII,4805,4805,4805.0,4805,44.994797086368365,44.994797086368365,GCA_000576065.2,OnivRS2,43.5,18986252,refseq,planta,11446,9365
Allium cepa,1,1,1,1,CACTA,TIR,CLASSII,1910,1910,1910.0,1910,35.86387434554974,35.86387434554974,GCA_030765085.1,ASM3076508v1,34.0,52991057,refseq,planta,28795,23560
Neoporphyra haitanensis,1,1,1,1,TIR,TIR,CLASSII,9695,9695,9695.0,9695,78.19494584837545,78.19494584837545,GCA_008729055.1,OUC_PyHait,71.5,1068871,refseq,otro,5673,4641
Oryza meyeriana,1,1,1,1,MULE,TIR,CLASSII,7983,7983,7983.0,7983,46.022798446699234,46.022798446699234,GCA_047899645.1,ASM4789964v1,46.0,66879100,refseq,planta,6889,5636
Phalaenopsis equestris,1,1,1,1,COPIA,LTR,CLASSI,2485,2485,2485.0,2485,44.70824949698189,44.70824949698189,GCF_001263595.1,ASM126359v1,34.5,21144,refseq,planta,22132,18108
Tachysurus fulvidraco,1,1,1,1,TC1MARINER,TIR,CLASSII,1527,1527,1527.0,1527,43.418467583497055,43.418467583497055,GCF_022655615.1,HZAU_PFXX_2.0,39.5,3329536,refseq,animal,36018,29469
Pseudomyrmex elongatus,1,1,1,1,TC1MARINER,TIR,CLASSII,4195,4195,4195.0,4195,30.107270560190702,30.107270560190702,GCA_014825605.1,ASM1482560v1,41.5,24312,best_n50,animal,13110,10727
Cryptotermes secundus,1,1,1,1,TC1MARINER,TIR,CLASSII,1225,1225,1225.0,1225,54.85714285714286,54.85714285714286,GCF_002891405.2,Csec_1.0,41.0,63940,refseq,animal,44897,36734
Timema tahoe,1,1,1,1,TC1MARINER,TIR,CLASSII,2226,2226,2226.0,2226,36.837376460017964,36.837376460017964,N/A,N/A,,,failed,animal,24707,20215
Procambarus clarkii,1,1,1,1,LINE,LINE,CLASSI,2106,2106,2106.0,2106,55.31813865147198,55.31813865147198,GCF_040958095.1,FALCON_Pclarkii_2.0,43.5,483870,refseq,animal,26115,21367
Hyalella azteca,1,1,1,1,TC1MARINER,TIR,CLASSII,1334,1334,1334.0,1334,46.776611694152926,46.776611694152926,GCF_000764305.2,Hazt_2.0.2,38.5,112853,refseq,animal,41229,33733
Aedes albopictus,1,1,1,1,RTE,LINE,CLASSI,2680,2680,2680.0,2680,44.17910447761194,44.17910447761194,GCF_035046485.1,AalbF5,40.5,1015000,refseq,animal,20522,16791
Callosobruchus maculatus,1,1,1,1,TC1MARINER,TIR,CLASSII,3217,3217,3217.0,3217,39.384519738887164,39.384519738887164,GCA_040182625.1,Cmac_2024,38.0,1020411,refseq,animal,17096,13988
Crotalus horridus,1,1,1,1,CR1,LINE,CLASSI,661,661,661.0,661,55.6732223903177,55.6732223903177,GCA_051820455.1,ASM5182045v1,40.0,25943564,refseq,animal,83207,68078
Perameles gunnii,1,1,1,1,RTE,LINE,CLASSI,1556,1556,1556.0,1556,33.933161953727506,33.933161953727506,GCA_904813075.1,ERS5079772 MarsupialExonCaptKit,44.0,1157,best_n50,animal,35347,28920
Mogera robusta,1,1,1,1,TRNA,SINE,CLASSI,227,227,227.0,227,56.82819383259912,56.82819383259912,N/A,N/A,,,failed,animal,242290,198237
Hippocampus comes,1,1,1,1,TC1MARINER,TIR,CLASSII,1217,1217,1217.0,1217,47.658175842235,47.658175842235,GCF_001891065.2,H_comes_QL1_v1.1,43.5,39720,refseq,animal,45193,36976
Laodelphax striatellus,1,1,1,1,TC1MARINER,TIR,CLASSII,1324,1324,1324.0,1324,45.69486404833837,45.69486404833837,GCA_017141395.1,ASM1714139v1,34.5,1709941,refseq,animal,41540,33987
Danionella dracula,1,1,1,1,TC1MARINER,TIR,CLASSII,1225,1225,1225.0,1225,45.06122448979592,45.06122448979592,GCA_900490495.1,fDanDra1.1,37.5,2300191,refseq,animal,44897,36734
Peromyscus leucopus,1,1,1,1,ERV,LTR,CLASSI,343,343,343.0,343,47.8134110787172,47.8134110787172,GCF_004664715.2,UCI_PerLeu_2.1,42.0,3487364,refseq,animal,160349,131195
Vicugna vicugna,1,1,1,1,TRNA,SINE,CLASSI,128,128,128.0,128,44.53125,44.53125,GCA_013265495.1,ASM1326549v1,41.5,340839,refseq,animal,429687,351562
Azemiops feae,1,1,1,1,TRNA,SINE,CLASSI,335,335,335.0,335,49.850746268656714,49.850746268656714,GCA_023970755.1,CU_Afeae_1.0,40.0,1596756,refseq,animal,164179,134328
Schistosoma japonicum,1,1,1,1,RTE,LINE,CLASSI,3921,3921,3921.0,3921,44.65697526141291,44.65697526141291,GCA_025215515.1,ASM2521551v1,34.0,2378822,refseq,animal,14027,11476
Parapristipoma trilineatum,1,1,1,1,LINE,LINE,CLASSI,1993,1993,1993.0,1993,56.99949824385349,56.99949824385349,N/A,N/A,,,failed,animal,27596,22579
Eupelmus urozonus,1,1,1,1,TC1MARINER,TIR,CLASSII,3436,3436,3436.0,3436,28.143189755529686,28.143189755529686,GCA_900480035.1,Euro,36.0,17904,refseq,animal,16006,13096
Meloidogyne chitwoodi,1,1,1,1,TC1MARINER,TIR,CLASSII,2004,2004,2004.0,2004,35.32934131736527,35.32934131736527,GCA_015183035.1,ASM1518303v1,25.0,2451023,refseq,animal,27445,22455
Magnaporthiopsis poae,1,1,1,1,COPIA,LTR,CLASSI,7569,7569,7569.0,7569,45.71277579601004,45.71277579601004,GCA_000193285.1,Mag_poae_ATCC_64411_V1,57.0,16565,refseq,hongo,7266,5945
Thinopyrum elongatum,1,1,1,1,MULE,TIR,CLASSII,8492,8492,8492.0,8492,44.61846443711729,44.61846443711729,GCA_011799875.1,ASM1179987v1,46.0,2152584,refseq,planta,6476,5299
Triticum turgidum,1,1,1,1,CACTA,TIR,CLASSII,1579,1579,1579.0,1579,60.607979734008865,60.607979734008865,GCA_051168695.1,HAU_Langdon,46.0,37832836,refseq,planta,34832,28499
Leymus mollis,1,1,1,1,GYPSY,LTR,CLASSI,376,376,376.0,376,42.819148936170215,42.819148936170215,N/A,N/A,,,failed,planta,146276,119680
Abies veitchii,1,1,1,1,GYPSY,LTR,CLASSI,623,623,623.0,623,46.869983948635635,46.869983948635635,N/A,N/A,,,failed,planta,88282,72231
Bothriocroton hydrosauri,1,1,1,1,RTE,LINE,CLASSI,1699,1699,1699.0,1699,44.732195409064154,44.732195409064154,N/A,N/A,,,failed,animal,32371,26486
Papilio zelicaon,1,1,1,1,TRNA,SINE,CLASSI,296,296,296.0,296,48.986486486486484,48.986486486486484,GCA_018246175.1,SRR8954529,34.0,1569,refseq,animal,185810,152027
Pinctada imbricata,1,1,1,1,PLE,PLE,CLASSI,3535,3535,3535.0,3535,38.8967468175389,38.8967468175389,GCA_033119305.1,ASM3311930v1,35.5,1751717,refseq,animal,15558,12729
Tricholoma matsutake,1,1,1,1,GYPSY,LTR,CLASSI,5477,5477,5477.0,5477,50.46558334854847,50.46558334854847,GCA_026075535.2,ASM2607553v2,45.5,11987682,refseq,hongo,10041,8216
Corvus brachyrhynchos,1,1,1,1,LINE,LINE,CLASSI,1036,1036,1036.0,1036,54.633204633204635,54.633204633204635,GCF_000691975.1,ASM69197v1,42.0,29093,refseq,animal,53088,43436
Laupala kohalensis,1,1,1,1,TC1MARINER,TIR,CLASSII,1365,1365,1365.0,1365,43.663003663003664,43.663003663003664,GCA_002313205.1,ASM231320v1,35.5,45047,refseq,animal,40293,32967
Petaurus breviceps,1,1,1,1,RTE,LINE,CLASSI,2110,2110,2110.0,2110,38.15165876777251,38.15165876777251,GCF_028583685.1,PetGlider_PUasm1.0,39.0,69635,refseq,animal,26066,21327
Timema bartmani,1,1,1,1,TC1MARINER,TIR,CLASSII,2234,2234,2234.0,2234,36.92927484333035,36.92927484333035,N/A,N/A,,,failed,animal,24619,20143
Oryctes borbonicus,1,1,1,1,TC1MARINER,TIR,CLASSII,3194,3194,3194.0,3194,34.84658735128366,34.84658735128366,GCA_902654985.2,Oryctes_borbonicus_mpgtue_10X,34.5,150028,refseq,animal,17219,14088
Poecilia latipinna,1,1,1,1,TC1MARINER,TIR,CLASSII,1563,1563,1563.0,1563,44.20985284708893,44.20985284708893,GCF_001443285.1,P_latipinna-1.0,39.0,33278,refseq,animal,35188,28790
Eublepharis macularius,1,1,1,1,LINE,LINE,CLASSI,1946,1946,1946.0,1946,45.63206577595067,45.63206577595067,GCF_028583425.1,MPM_Emac_v1.0,44.0,80105973,refseq,animal,28263,23124
Spisula solidissima,1,1,1,1,TRNA,SINE,CLASSI,273,273,273.0,273,47.25274725274725,47.25274725274725,N/A,N/A,,,failed,animal,201465,164835
Clonostachys rosea,1,1,1,1,COPIA,LTR,CLASSI,6948,6948,6948.0,6948,49.17962003454232,49.17962003454232,GCA_026958235.1,ASM2695823v1,48.5,7557228,refseq,hongo,7915,6476
Melampsora aecidioides,1,1,1,1,LTR,LTR,CLASSI,229,229,229.0,229,45.851528384279476,45.851528384279476,GCA_002157015.1,ASM215701v1,40.0,1737,refseq,hongo,240174,196506
Timema genevievae,1,1,1,1,TC1MARINER,TIR,CLASSII,2226,2226,2226.0,2226,36.74752920035939,36.74752920035939,N/A,N/A,,,failed,animal,24707,20215
Oncorhynchus masou,1,1,1,1,TRNA,SINE,CLASSI,227,227,227.0,227,40.52863436123348,40.52863436123348,GCF_036934945.1,UVic_Omas_1.1,44.0,2468404,refseq,animal,242290,198237
Drosophila immigrans,1,1,1,1,R1,LINE,CLASSI,941,941,941.0,941,44.10201912858661,44.10201912858661,GCA_963583835.1,idDroImmi1.1,37.0,2126425,refseq,animal,58448,47821
Drosophila mauritiana,1,1,1,1,HAT,TIR,CLASSII,3016,3016,3016.0,3016,37.76525198938992,37.76525198938992,GCF_004382145.1,ASM438214v1,42.0,22120385,refseq,animal,18236,14920
Acropora acuminata,1,1,1,1,PLE,PLE,CLASSI,3520,3520,3520.0,3520,41.16477272727273,41.16477272727273,GCA_014633975.1,Aacu_1.0,39.0,51873,refseq,animal,15625,12784
Papilio glaucus,1,1,1,1,TRNA,SINE,CLASSI,303,303,303.0,303,50.165016501650165,50.165016501650165,GCA_000931545.1,pgl_assembly_v1,35.5,12225,refseq,animal,181518,148514
Apaloderma vittatum,1,1,1,1,RTE,LINE,CLASSI,3998,3998,3998.0,3998,49.64982491245623,49.64982491245623,GCF_000703405.1,ASM70340v1,41.5,28882,refseq,animal,13756,11255
Burramys parvus,1,1,1,1,RTE,LINE,CLASSI,2067,2067,2067.0,2067,35.94581519109821,35.94581519109821,GCA_904813065.1,ERS5079774 MarsupialExonCaptKit,45.0,1381,best_n50,animal,26608,21770
Aphaenogaster ashmeadi,1,1,1,1,TC1MARINER,TIR,CLASSII,2706,2706,2706.0,2706,37.58314855875832,37.58314855875832,GCA_003063805.1,AZXXQ,38.5,21672,refseq,animal,20325,16629
Gymnopithys rufigula,1,1,1,1,RTE,LINE,CLASSI,3976,3976,3976.0,3976,48.767605633802816,48.767605633802816,N/A,N/A,,,failed,animal,13832,11317
Pelecanus crispus,1,1,1,1,LINE,LINE,CLASSI,2415,2415,2415.0,2415,43.768115942028984,43.768115942028984,GCF_030463565.1,bPelCri1.pri,43.5,9666746,refseq,animal,22774,18633
Hasarius adansoni,1,1,1,1,LINE,LINE,CLASSI,1901,1901,1901.0,1901,59.60021041557076,59.60021041557076,N/A,N/A,,,failed,animal,28932,23671
Lithobates clamitans,1,1,1,1,TRNA,SINE,CLASSI,340,340,340.0,340,46.1764705882353,46.1764705882353,GCA_037952925.2,aLitCla1_p1.2,43.5,5114305,refseq,animal,161764,132352
Chinchilla chinchilla,1,1,1,1,ERV,LTR,CLASSI,1512,1512,1512.0,1512,50.39682539682539,50.39682539682539,N/A,N/A,,,failed,animal,36375,29761
Menetes berdmorei,1,1,1,1,TRNA,SINE,CLASSI,269,269,269.0,269,50.55762081784386,50.55762081784386,N/A,N/A,,,failed,animal,204460,167286
Podiceps cristatus,1,1,1,1,LINE,LINE,CLASSI,1030,1030,1030.0,1030,45.63106796116505,45.63106796116505,GCA_000699545.1,ASM69954v1,41.5,17412,refseq,animal,53398,43689
Drosophila ornatifrons,1,1,1,1,TC1MARINER,TIR,CLASSII,507,507,507.0,507,53.05719921104537,53.05719921104537,N/A,N/A,,,failed,animal,108481,88757
Dermochelys coriacea,1,1,1,1,HAT,TIR,CLASSII,2080,2080,2080.0,2080,40.86538461538461,40.86538461538461,GCF_009764565.3,rDerCor1.pri.v4,43.5,7029801,refseq,animal,26442,21634
Microplitis demolitor,1,1,1,1,CACTA,TIR,CLASSII,164,164,164.0,164,37.19512195121951,37.19512195121951,GCF_026212275.2,iyMicDemo2.1a,30.5,5316196,refseq,animal,335365,274390
Rhynchosciara americana,1,1,1,1,LINE,LINE,CLASSI,4718,4718,4718.0,4718,42.56040695209835,42.56040695209835,N/A,N/A,,,failed,animal,11657,9537
Reticulitermes urbis,1,1,1,1,LINE,LINE,CLASSI,5020,5020,5020.0,5020,46.63346613545817,46.63346613545817,N/A,N/A,,,failed,animal,10956,8964
Sipha flava,1,1,1,1,TC1MARINER,TIR,CLASSII,2220,2220,2220.0,2220,36.08108108108108,36.08108108108108,GCF_003268045.1,YSA_version1,30.0,163055,refseq,animal,24774,20270
Latrodectus hesperus,1,1,1,1,TC1MARINER,TIR,CLASSII,1224,1224,1224.0,1224,52.532679738562095,52.532679738562095,GCA_037975125.2,ASM3797512v2,28.5,1848917,refseq,animal,44934,36764
Acanthochelys spixii,1,1,1,1,CR1,LINE,CLASSI,4480,4480,4480.0,4480,48.683035714285715,48.683035714285715,N/A,N/A,,,failed,animal,12276,10044
Mucor saturninus,1,1,1,1,TIR,TIR,CLASSII,3354,3354,3354.0,3354,33.89982110912344,33.89982110912344,GCA_016758985.1,ASM1675898v1,36.5,135928,refseq,hongo,16398,13416
Microsporum canis,1,1,1,1,GYPSY,LTR,CLASSI,5985,5985,5985.0,5985,52.949039264828734,52.949039264828734,GCF_000151145.1,ASM15114v1,47.5,135853,refseq,hongo,9189,7518
Drosophila sechellia,1,1,1,1,HAT,TIR,CLASSII,3016,3016,3016.0,3016,37.76525198938992,37.76525198938992,GCF_004382195.2,ASM438219v2,42.5,19907079,refseq,animal,18236,14920
Simulium leonense,1,1,1,1,LTR,LTR,CLASSI,276,276,276.0,276,30.434782608695656,30.434782608695656,N/A,N/A,,,failed,animal,199275,163043
Lucilia cuprina,1,1,1,1,HAT,TIR,CLASSII,2716,2716,2716.0,2716,29.381443298969074,29.381443298969074,GCF_022045245.1,ASM2204524v1,29.5,65274,refseq,animal,20250,16568
Antheraea assamensis,1,1,1,1,CR1,LINE,CLASSI,3315,3315,3315.0,3315,51.0708898944193,51.0708898944193,GCA_035772565.1,ASM3577256v1,34.0,3030367,refseq,animal,16591,13574
Gadus chalcogrammus,1,1,1,1,LINE,LINE,CLASSI,2575,2575,2575.0,2575,53.825242718446596,53.825242718446596,GCF_026213295.1,NIFS_Gcha_1.0,45.5,358862,refseq,animal,21359,17475
Lepidurus arcticus,1,1,1,1,LINE,LINE,CLASSI,3549,3549,3549.0,3549,43.58974358974359,43.58974358974359,GCA_003724045.1,ASM372404v1,42.0,82939,refseq,animal,15497,12679
Tachyglossus aculeatus,1,1,1,1,RTE,LINE,CLASSI,3384,3384,3384.0,3384,39.273049645390074,39.273049645390074,GCF_015852505.1,mTacAcu1.pri,45.5,19859057,refseq,animal,16252,13297
Hucho hucho,1,1,1,1,TC1MARINER,TIR,CLASSII,1561,1561,1561.0,1561,44.52274183215887,44.52274183215887,GCA_003317085.1,ASM331708v1,42.5,37639,refseq,animal,35233,28827
Dryobates pubescens,1,1,1,1,LINE,LINE,CLASSI,962,962,962.0,962,48.44074844074844,48.44074844074844,GCF_014839835.1,bDryPub1.pri,45.5,19150283,refseq,animal,57172,46777
Pedetes capensis,1,1,1,1,TRNA,SINE,CLASSI,197,197,197.0,197,54.314720812182735,54.314720812182735,GCA_007922755.1,PedCap_v1_BIUU,41.0,54009,refseq,animal,279187,228426
Glossosoma conforme,1,1,1,1,TC1MARINER,TIR,CLASSII,2261,2261,2261.0,2261,34.6749226006192,34.6749226006192,GCA_022606575.1,ASM2260657v1,34.5,2212131,refseq,animal,24325,19902
Lithobates pipiens,1,1,1,1,TC1MARINER,TIR,CLASSII,1621,1621,1621.0,1621,43.55336212214682,43.55336212214682,GCA_037367395.2,aLitPip1_p1.2,44.0,5290577,refseq,animal,33929,27760
Drosophila innubila,1,1,1,1,R1,LINE,CLASSI,630,630,630.0,630,46.82539682539682,46.82539682539682,GCF_004354385.1,UK_Dinn_1.0,36.5,3071820,refseq,animal,87301,71428
Aulacorthum solani,1,1,1,1,TC1MARINER,TIR,CLASSII,2081,2081,2081.0,2081,36.665064872657375,36.665064872657375,GCA_042834665.1,UTK_Asol_2.0,30.0,197340,refseq,animal,26429,21624
Drosophila americana,1,1,1,1,TC1MARINER,TIR,CLASSII,437,437,437.0,437,39.816933638443935,39.816933638443935,GCA_047116735.1,ASM4711673v1,40.0,20798877,refseq,animal,125858,102974
Triops longicaudatus,1,1,1,1,LINE,LINE,CLASSI,1882,1882,1882.0,1882,42.2422954303932,42.2422954303932,GCA_022885665.1,TLON_2021,40.0,267456,refseq,animal,29224,23910
Elaphe climacophora,1,1,1,1,LINE,LINE,CLASSI,1670,1670,1670.0,1670,55.32934131736526,55.32934131736526,N/A,N/A,,,failed,animal,32934,26946
Arthrobotrys flagrans,1,1,1,1,COPIA,LTR,CLASSI,6005,6005,6005.0,6005,48.343047460449625,48.343047460449625,GCF_004000055.1,DF_1.0,45.0,6168687,refseq,hongo,9159,7493
Stegodyphus mimosarum,1,1,1,1,PLE,PLE,CLASSI,4037,4037,4037.0,4037,30.3443150854595,30.3443150854595,GCA_044660205.1,ASM4466020v1,34.0,24037211,refseq,animal,13623,11146
Pimephales promelas,1,1,1,1,TC1MARINER,TIR,CLASSII,1226,1226,1226.0,1226,48.04241435562806,48.04241435562806,GCF_016745375.1,EPA_FHM_2.0,38.5,295770,refseq,animal,44861,36704
Anarhichas orientalis,1,1,1,1,LINE,LINE,CLASSI,3068,3068,3068.0,3068,55.47588005215124,55.47588005215124,N/A,N/A,,,failed,animal,17926,14667
Trachinotus ovatus,1,1,1,1,TC1MARINER,TIR,CLASSII,1566,1566,1566.0,1566,44.18901660280971,44.18901660280971,GCA_022709315.2,Tov_assembly_3.0,41.0,26488240,refseq,animal,35121,28735
Isoodon obesulus,1,1,1,1,RTE,LINE,CLASSI,1941,1941,1941.0,1941,30.602782071097373,30.602782071097373,GCA_904813515.1,ERS5079816 MarsupialExonCaptKit,44.0,1067,best_n50,animal,28335,23183
Melanaphis sacchari,1,1,1,1,TC1MARINER,TIR,CLASSII,1318,1318,1318.0,1318,41.047040971168435,41.047040971168435,GCF_002803265.2,SCAv2.0,27.0,275006,refseq,animal,41729,34142
Fusarium tricinctum,1,1,1,1,GYPSY,LTR,CLASSI,7628,7628,7628.0,7628,37.794965915049815,37.794965915049815,GCA_050859235.1,ASM5085923v1,47.5,5140998,refseq,hongo,7210,5899
Ascosphaera apis,1,1,1,1,PIFHARBINGER,TIR,CLASSII,3550,3550,3550.0,3550,47.23943661971831,47.23943661971831,GCA_001636715.1,AAP 1.0,47.5,12807,refseq,hongo,15492,12676
Aspergillus eucalypticola,1,1,1,1,GYPSY,LTR,CLASSI,8829,8829,8829.0,8829,28.814135236153586,28.814135236153586,GCF_003184535.1,Aspeuc1,49.0,865111,refseq,hongo,6229,5096
Verticillium tricorpus,1,1,1,1,GYPSY,LTR,CLASSI,7069,7069,7069.0,7069,32.508134106662894,32.508134106662894,GCA_000732205.1,ASM73220v1,57.5,406227,refseq,hongo,7780,6365
Aspergillus terreus,1,1,1,1,COPIA,LTR,CLASSI,5864,5864,5864.0,5864,45.13983628922237,45.13983628922237,GCF_000149615.1,ASM14961v1,53.0,224147,refseq,hongo,9379,7673
Aspergillus sclerotioniger,1,1,1,1,GYPSY,LTR,CLASSI,7502,7502,7502.0,7502,31.99146894161557,31.99146894161557,GCF_003184525.1,Aspscl1,49.5,930588,refseq,hongo,7331,5998
Nakaseomyces glabratus,1,1,1,1,GYPSY,LTR,CLASSI,6567,6567,6567.0,6567,39.409167047358004,39.409167047358004,GCF_010111755.1,ASM1011175v1,39.0,1142525,refseq,hongo,8375,6852
Bactrocera tryoni,1,1,1,1,HAT,TIR,CLASSII,3789,3789,3789.0,3789,35.312747426761675,35.312747426761675,GCF_016617805.1,CSIRO_BtryS06_freeze2,36.5,350910,refseq,animal,14515,11876
Drosophila polymorpha,1,1,1,1,TC1MARINER,TIR,CLASSII,667,667,667.0,667,40.929535232383806,40.929535232383806,N/A,N/A,,,failed,animal,82458,67466
Kalotermes flavicollis,1,1,1,1,LINE,LINE,CLASSI,4482,4482,4482.0,4482,53.6590807675145,53.6590807675145,N/A,N/A,,,failed,animal,12271,10040
Pediculus humanus,1,1,1,1,R1,LINE,CLASSI,3566,3566,3566.0,3566,61.8339876612451,61.8339876612451,GCF_000006295.1,JCVI_LOUSE_1.0,27.5,34097,refseq,animal,15423,12619
Nanorana parkeri,1,1,1,1,TC1MARINER,TIR,CLASSII,1225,1225,1225.0,1225,46.775510204081634,46.775510204081634,GCF_000935625.1,ASM93562v1,42.5,32798,refseq,animal,44897,36734
Gadus morhua,1,1,1,1,PIFHARBINGER,TIR,CLASSII,1762,1762,1762.0,1762,42.56526674233825,42.56526674233825,GCF_902167405.1,gadMor3.0,45.5,1015663,refseq,animal,31214,25539
Lysandra coridon,1,1,1,1,TIR,TIR,CLASSII,2202,2202,2202.0,2202,35.967302452316076,35.967302452316076,GCA_905220515.1,ilLysCori1.1,36.5,2004790,refseq,animal,24977,20435
Machilis hrabei,1,1,1,1,TC1MARINER,TIR,CLASSII,1224,1224,1224.0,1224,51.633986928104584,51.633986928104584,GCA_003456935.1,Mhra_1.0,36.5,2401,refseq,animal,44934,36764
Phoca vitulina,1,1,1,1,TRNA,SINE,CLASSI,216,216,216.0,216,47.68518518518518,47.68518518518518,GCF_004348235.1,GSC_HSeal_1.0,41.5,283887,refseq,animal,254629,208333
Trametes pubescens,1,1,1,1,ACADEM-1,TIR,CLASSII,6314,6314,6314.0,6314,56.6993981628128,56.6993981628128,GCA_001895945.1,ASM189594v1,57.5,65985,refseq,hongo,8710,7127
Spodoptera exigua,1,1,1,1,TRNA,SINE,CLASSI,294,294,294.0,294,46.25850340136054,46.25850340136054,GCA_902829305.4,PGI_SPEXI_v6,37.0,15037799,refseq,animal,187074,153061
Operophtera brumata,1,1,1,1,TRNA,SINE,CLASSI,275,275,275.0,275,40.0,40.0,GCA_932527175.1,ilOpeBrum1.1,39.0,24133000,refseq,animal,200000,163636
Parasteatoda tepidariorum,1,1,1,1,PLE,PLE,CLASSI,3122,3122,3122.0,3122,24.43946188340807,24.43946188340807,GCF_043381705.1,CAS_Ptep_4.0,29.5,73139,refseq,animal,17616,14413
Rhipicephalus pulchellus,1,1,1,1,LINE,LINE,CLASSI,2049,2049,2049.0,2049,53.782332845290384,53.782332845290384,N/A,N/A,,,failed,animal,26842,21961
Rhipicephalus microplus,1,1,1,1,LINE,LINE,CLASSI,3613,3613,3613.0,3613,51.563797398283974,51.563797398283974,GCF_043290135.1,USDA_Rmic,45.5,19958966,refseq,animal,15222,12455
Geospiza fortis,1,1,1,1,LINE,LINE,CLASSI,4478,4478,4478.0,4478,49.70969182670835,49.70969182670835,GCF_000277835.1,GeoFor_1.0,41.5,30521,refseq,animal,12282,10049
Poecilia reticulata,1,1,1,1,TC1MARINER,TIR,CLASSII,1567,1567,1567.0,1567,44.09700063816209,44.09700063816209,GCF_000633615.1,Guppy_female_1.0+MT,39.5,41913,refseq,animal,35098,28717
Ctenotus atlas,1,1,1,1,RTE,LINE,CLASSI,3419,3419,3419.0,3419,44.28195378765721,44.28195378765721,N/A,N/A,,,failed,animal,16086,13161
Hemibagrus wyckioides,1,1,1,1,LTR,LTR,CLASSI,188,188,188.0,188,61.170212765957444,61.170212765957444,GCF_019097595.1,SWU_Hwy_1.0,39.5,21700000,refseq,animal,292553,239361
Coturnix japonica,1,1,1,1,TC1MARINER,TIR,CLASSII,538,538,538.0,538,42.93680297397769,42.93680297397769,GCF_001577835.2,Coturnix japonica 2.1,41.5,511217,refseq,animal,102230,83643
Drosophila bifasciata,1,1,1,1,P,TIR,CLASSII,2935,2935,2935.0,2935,36.933560477001706,36.933560477001706,GCA_009664405.1,UCBerk_Dbif_1.0,44.0,2386451,refseq,animal,18739,15332
Heligmosomoides polygyrus,1,1,1,1,PLE,PLE,CLASSI,3704,3704,3704.0,3704,27.591792656587472,27.591792656587472,GCA_947359475.1,nxHelBake1.1,46.0,293000,refseq,animal,14848,12149
Pungitius pungitius,1,1,1,1,TC1MARINER,TIR,CLASSII,1226,1226,1226.0,1226,47.79771615008156,47.79771615008156,GCF_949316345.1,fPunPun2.1,44.0,1362288,refseq,animal,44861,36704
Aspergillus awamori,1,1,1,1,COPIA,LTR,CLASSI,4913,4913,4913.0,4913,54.67128027681662,54.67128027681662,GCA_003850985.1,Aawm_assembly01,49.5,4298649,refseq,hongo,11194,9159
Aspergillus flavus,1,1,1,1,GYPSY,LTR,CLASSI,8167,8167,8167.0,8167,47.71641973796988,47.71641973796988,GCF_009017415.1,ASM901741v1,47.5,4810201,refseq,hongo,6734,5509
Osphranter antilopinus,1,1,1,1,RTE,LINE,CLASSI,3393,3393,3393.0,3393,39.08045977011494,39.08045977011494,GCA_904810945.1,ERS5079558 MarsupialExonCaptKit,47.0,703,best_n50,animal,16209,13262
Falco cherrug,1,1,1,1,LINE,LINE,CLASSI,4492,4492,4492.0,4492,42.297417631344615,42.297417631344615,GCF_023634085.1,bFalChe1.pri,43.0,21245687,refseq,animal,12243,10017
Antheraea pernyi,1,1,1,1,CR1,LINE,CLASSI,3316,3316,3316.0,3316,49.87937273823884,49.87937273823884,GCA_015888305.1,AP_1.0,35.0,45425,refseq,animal,16586,13570
Bactrocera dorsalis,1,1,1,1,HAT,TIR,CLASSII,3131,3131,3131.0,3131,33.59948898115618,33.59948898115618,GCF_023373825.1,ASM2337382v1,36.5,1523498,refseq,animal,17566,14372
Nothobranchius furzeri,1,1,1,1,TC1MARINER,TIR,CLASSII,1225,1225,1225.0,1225,45.714285714285715,45.714285714285715,GCF_043380555.1,NfurGRZ-RIMD1,44.5,9298000,refseq,animal,44897,36734
Melampsora medusae,1,1,1,1,LTR,LTR,CLASSI,216,216,216.0,216,45.83333333333333,45.83333333333333,GCA_002157035.1,ASM215703v1,42.0,3763,refseq,hongo,254629,208333
Trichophyton violaceum,1,1,1,1,GYPSY,LTR,CLASSI,7489,7489,7489.0,7489,36.42675924689544,36.42675924689544,GCA_910591785.1,IHEM_13775,48.5,213731,refseq,hongo,7344,6008
Neopestalotiopsis rosae,1,1,1,1,GYPSY,LTR,CLASSI,7673,7673,7673.0,7673,48.8857031148182,48.8857031148182,GCA_023078685.1,ASM2307868v1,50.0,6346464,refseq,hongo,7167,5864
Lasioglossum albipes,1,1,1,1,LINE,LINE,CLASSI,2061,2061,2061.0,2061,62.68801552644347,62.68801552644347,GCA_000346575.1,ASM34657v1,41.5,16944,refseq,animal,26686,21834
Vanessa atalanta,1,1,1,1,TRNA,SINE,CLASSI,314,314,314.0,314,47.13375796178344,47.13375796178344,GCF_905147765.1,ilVanAtal1.2,33.0,12152710,refseq,animal,175159,143312
Heterololigo bleekeri,1,1,1,1,TRNA,SINE,CLASSI,256,256,256.0,256,53.125,53.125,N/A,N/A,,,failed,animal,214843,175781
Drosophila sucinea,1,1,1,1,TC1MARINER,TIR,CLASSII,683,683,683.0,683,39.53147877013177,39.53147877013177,GCA_018150745.1,ASM1815074v1,37.5,8149606,refseq,animal,80527,65885
Anopheles arabiensis,1,1,1,1,BELPAO,LTR,CLASSI,652,652,652.0,652,51.380368098159515,51.380368098159515,GCF_016920715.1,AaraD3,44.5,23935993,refseq,animal,84355,69018
Pyrenophora graminea,1,1,1,1,GYPSY,LTR,CLASSI,6102,6102,6102.0,6102,48.77089478859391,48.77089478859391,GCA_012365135.1,ASM1236513v1,50.5,28369,refseq,hongo,9013,7374
Dichomitus squalens,1,1,1,1,ACADEM-1,TIR,CLASSII,6580,6580,6580.0,6580,54.483282674772035,54.483282674772035,GCF_000275845.1,Dichomitus squalens v1.0,55.5,69813,refseq,hongo,8358,6838
Hebeloma cylindrosporum,1,1,1,1,ACADEM-1,TIR,CLASSII,5584,5584,5584.0,5584,47.34957020057307,47.34957020057307,GCA_000827355.1,Hebeloma cylindrosporum h7 v2.0,48.5,276350,refseq,hongo,9849,8058
Gymnopilus dilepis,1,1,1,1,ACADEM-1,TIR,CLASSII,6582,6582,6582.0,6582,47.645092676997876,47.645092676997876,GCA_002938385.1,ASM293838v1,49.5,32868,refseq,hongo,8356,6836
Cladobotryum protrusum,1,1,1,1,COPIA,LTR,CLASSI,5930,5930,5930.0,5930,38.954468802698145,38.954468802698145,GCA_004303015.1,ASM430301v1,48.0,4973539,refseq,hongo,9274,7588
Lachancea waltii,1,1,1,1,GYPSY,LTR,CLASSI,3543,3543,3543.0,3543,39.20406435224386,39.20406435224386,GCA_030580015.1,ASM3058001v1,44.5,136179,refseq,hongo,15523,12701
Podospora anserina,1,1,1,1,GYPSY,LTR,CLASSI,6547,6547,6547.0,6547,33.14495188636016,33.14495188636016,GCF_000226545.1,ASM22654v1,52.0,79774,refseq,hongo,8400,6873
Gaeumannomyces tritici,1,1,1,1,GYPSY,LTR,CLASSI,8037,8037,8037.0,8037,53.80116959064327,53.80116959064327,GCF_000145635.1,Gae_graminis_V2,57.0,48943,refseq,hongo,6843,5599
Exidia glandulosa,1,1,1,1,ACADEM-1,TIR,CLASSII,7336,7336,7336.0,7336,58.097055616139585,58.097055616139585,GCA_001632375.1,Exigl1,56.5,40344,refseq,hongo,7497,6134
Cordyceps militaris,1,1,1,1,COPIA,LTR,CLASSI,6560,6560,6560.0,6560,17.33231707317073,17.33231707317073,GCF_000225605.1,CmilitarisCM01_v01,51.5,108187,refseq,hongo,8384,6859
Ophiothrix spiculata,1,1,1,1,TC1MARINER,TIR,CLASSII,2771,2771,2771.0,2771,38.72248285817395,38.72248285817395,GCA_000969725.1,Ospi.un_1.0,35.0,6474,refseq,animal,19848,16239
Pieris brassicae,1,1,1,1,TRNA,SINE,CLASSI,295,295,295.0,295,48.13559322033898,48.13559322033898,GCF_905147105.1,ilPieBrab1.1,34.0,21291167,refseq,animal,186440,152542
Drosophila paulistorum,1,1,1,1,TC1MARINER,TIR,CLASSII,493,493,493.0,493,49.290060851926974,49.290060851926974,GCA_018152135.1,ASM1815213v1,38.0,16514525,refseq,animal,111561,91277
Hemaris fuciformis,1,1,1,1,PIGGYBAC,TIR,CLASSII,7854,7854,7854.0,7854,39.34300993124523,39.34300993124523,GCA_907164795.1,iHemFuc1.1,37.0,10683069,refseq,animal,7002,5729
Myripristis jacobus,1,1,1,1,TC1MARINER,TIR,CLASSII,1225,1225,1225.0,1225,45.224489795918366,45.224489795918366,GCA_900302555.1,ASM90030255v1,42.0,9816,refseq,animal,44897,36734
Crystallias matsushimae,1,1,1,1,LINE,LINE,CLASSI,2182,2182,2182.0,2182,53.94133822181485,53.94133822181485,N/A,N/A,,,failed,animal,25206,20623
Antrostomus carolinensis,1,1,1,1,LINE,LINE,CLASSI,845,845,845.0,845,44.37869822485207,44.37869822485207,GCF_000700745.2,ASM70074v2,41.0,22170,refseq,animal,65088,53254
Pelophylax ridibundus,1,1,1,1,SINE,SINE,CLASSI,252,252,252.0,252,42.46031746031746,42.46031746031746,N/A,N/A,,,failed,animal,218253,178571
Ostrinia furnacalis,1,1,1,1,TC1MARINER,TIR,CLASSII,3027,3027,3027.0,3027,43.47538817310868,43.47538817310868,GCF_004193835.3,ASM419383v2,37.5,475280,refseq,animal,18169,14866
Pecoramyces ruminantium,1,1,1,1,L1,LINE,CLASSI,3514,3514,3514.0,3514,28.827546955036993,28.827546955036993,GCA_000412615.1,Orpinomyces sp. Strain C1A,17.0,3373,refseq,hongo,15651,12805
Kazachstania servazzii,1,1,1,1,COPIA,LTR,CLASSI,5476,5476,5476.0,5476,41.59970781592403,41.59970781592403,GCA_964275055.1,MOSE0,34.5,970855,refseq,hongo,10043,8217
Ogataea parapolymorpha,1,1,1,1,COPIA,LTR,CLASSI,4561,4561,4561.0,4561,41.35058101293576,41.35058101293576,GCF_000187245.1,Hansenula_2,48.0,1273462,refseq,hongo,12058,9866
Abrostola tripartita,1,1,1,1,TIR,TIR,CLASSII,1873,1873,1873.0,1873,43.19273892151628,43.19273892151628,GCA_905340225.1,ilAbrTrip1.1,37.0,13645312,refseq,animal,29364,24025
Urotrichus talpoides,1,1,1,1,TRNA,SINE,CLASSI,189,189,189.0,189,48.67724867724868,48.67724867724868,N/A,N/A,,,failed,animal,291005,238095
Grammistes sexlineatus,1,1,1,1,LINE,LINE,CLASSI,4840,4840,4840.0,4840,49.02892561983471,49.02892561983471,N/A,N/A,,,failed,animal,11363,9297
Culter alburnus,1,1,1,1,LTR,LTR,CLASSI,187,187,187.0,187,59.893048128342244,59.893048128342244,GCA_040182925.1,ASM4018292v1,37.5,32920630,refseq,animal,294117,240641
Walterinnesia aegyptia,1,1,1,1,CR1,LINE,CLASSI,663,663,663.0,663,58.22021116138764,58.22021116138764,N/A,N/A,,,failed,animal,82956,67873
Drosophila guanche,1,1,1,1,P,TIR,CLASSII,2888,2888,2888.0,2888,41.44736842105263,41.44736842105263,GCF_900245975.1,DGUA_6,43.5,294367,refseq,animal,19044,15581
Planiliza haematocheilus,1,1,1,1,TC1MARINER,TIR,CLASSII,1551,1551,1551.0,1551,44.61637653127015,44.61637653127015,GCA_005024645.1,Liza_haematocheila_0.1,42.5,3973280,refseq,animal,35460,29013
Natrix tessellata,1,1,1,1,CR1,LINE,CLASSI,661,661,661.0,661,59.30408472012103,59.30408472012103,N/A,N/A,,,failed,animal,83207,68078
Drosophila heteroneura,1,1,1,1,TC1MARINER,TIR,CLASSII,1655,1655,1655.0,1655,40.0,40.0,GCA_035042245.1,ASM3504224v1,39.0,998678,refseq,animal,33232,27190
Salvelinus alpinus,1,1,1,1,TC1MARINER,TIR,CLASSII,1567,1567,1567.0,1567,45.43714103382259,45.43714103382259,GCF_045679555.1,SLU_Salpinus.1,43.5,2112528,refseq,animal,35098,28717
Paracoccidioides brasiliensis,1,1,1,1,PIGGYBAC,TIR,CLASSII,2369,2369,2369.0,2369,38.87716336006754,38.87716336006754,GCF_000150735.1,Paracocci_br_Pb18_V2,44.5,123837,refseq,hongo,23216,18995
Saccharomyces bayanus,1,1,1,1,COPIA,LTR,CLASSI,6094,6094,6094.0,6094,31.883820150968166,31.883820150968166,GCA_019431265.1,ASM1943126v1,40.0,913400,refseq,hongo,9025,7384
Rhodotorula mucilaginosa,1,1,1,1,GYPSY,LTR,CLASSI,6927,6927,6927.0,6927,61.64284683124007,61.64284683124007,GCA_034406715.1,ASM3440671v1,60.5,1363337,refseq,hongo,7939,6496
